0 verbose cli C:\Program Files\nodejs\node.exe C:\Program Files\nodejs\node_modules\npm\bin\npm-cli.js
1 info using npm@11.11.0
2 info using node@v25.8.0
3 silly config load:file:C:\Program Files\nodejs\node_modules\npm\npmrc
4 silly config load:file:C:\Facility_Service_Management\frontend_react\.npmrc
5 silly config load:file:C:\Users\Vivek Derker\.npmrc
6 silly config load:file:C:\Users\Vivek Derker\AppData\Roaming\npm\etc\npmrc
7 verbose title npm install
8 verbose argv "install" "--cache" ".npm-cache" "--no-audit" "--no-fund" "--ignore-scripts"
9 verbose logfile logs-max:10 dir:C:\Facility_Service_Management\frontend_react\.npm-cache\_logs\2026-04-11T17_24_55_941Z-
10 verbose logfile C:\Facility_Service_Management\frontend_react\.npm-cache\_logs\2026-04-11T17_24_55_941Z-debug-0.log
11 silly logfile done cleaning log files
12 silly packumentCache heap:2348810240 maxSize:587202560 maxEntrySize:293601280
13 silly idealTree buildDeps
14 silly fetch manifest react@^18.2.0
15 silly packumentCache full:https://registry.npmjs.org/react cache-miss
16 http cache https://registry.npmjs.org/react 54ms (cache hit)
17 silly packumentCache full:https://registry.npmjs.org/react set size:6598084 disposed:false
18 silly fetch manifest react-dom@^18.2.0
19 silly packumentCache full:https://registry.npmjs.org/react-dom cache-miss
20 http cache https://registry.npmjs.org/react-dom 63ms (cache hit)
21 silly packumentCache full:https://registry.npmjs.org/react-dom set size:8778661 disposed:false
22 silly fetch manifest react-scripts@5.0.1
23 silly packumentCache full:https://registry.npmjs.org/react-scripts cache-miss
24 http cache https://registry.npmjs.org/react-scripts 22ms (cache hit)
25 silly packumentCache full:https://registry.npmjs.org/react-scripts set size:485610 disposed:false
26 silly fetch manifest typescript@^3.2.1 || ^4
27 silly packumentCache full:https://registry.npmjs.org/typescript cache-miss
28 http cache https://registry.npmjs.org/typescript 67ms (cache hit)
29 silly packumentCache full:https://registry.npmjs.org/typescript set size:15399465 disposed:false
30 silly placeDep ROOT react@18.3.1 OK for: integrated-service-management-frontend@0.1.0 want: ^18.2.0
31 silly placeDep ROOT react-dom@18.3.1 OK for: integrated-service-management-frontend@0.1.0 want: ^18.2.0
32 silly placeDep ROOT react-scripts@5.0.1 OK for: integrated-service-management-frontend@0.1.0 want: 5.0.1
33 silly fetch manifest loose-envify@^1.1.0
34 silly packumentCache full:https://registry.npmjs.org/loose-envify cache-miss
35 silly fetch manifest scheduler@^0.23.2
36 silly packumentCache full:https://registry.npmjs.org/scheduler cache-miss
37 silly fetch manifest loose-envify@^1.1.0
38 silly packumentCache full:https://registry.npmjs.org/loose-envify cache-miss
39 silly fetch manifest bfj@^7.0.2
40 silly packumentCache full:https://registry.npmjs.org/bfj cache-miss
41 silly fetch manifest jest@^27.4.3
42 silly packumentCache full:https://registry.npmjs.org/jest cache-miss
43 silly fetch manifest dotenv@^10.0.0
44 silly packumentCache full:https://registry.npmjs.org/dotenv cache-miss
45 silly fetch manifest eslint@^8.3.0
46 silly packumentCache full:https://registry.npmjs.org/eslint cache-miss
47 silly fetch manifest semver@^7.3.5
48 silly packumentCache full:https://registry.npmjs.org/semver cache-miss
49 silly fetch manifest postcss@^8.4.4
50 silly packumentCache full:https://registry.npmjs.org/postcss cache-miss
51 silly fetch manifest prompts@^2.4.2
52 silly packumentCache full:https://registry.npmjs.org/prompts cache-miss
53 silly fetch manifest resolve@^1.20.0
54 silly packumentCache full:https://registry.npmjs.org/resolve cache-miss
55 http cache https://registry.npmjs.org/loose-envify 32ms (cache hit)
56 silly packumentCache full:https://registry.npmjs.org/loose-envify set size:12559 disposed:false
57 silly fetch manifest webpack@^5.64.4
58 silly packumentCache full:https://registry.npmjs.org/webpack cache-miss
59 http cache https://registry.npmjs.org/bfj 35ms (cache hit)
60 silly packumentCache full:https://registry.npmjs.org/bfj set size:141981 disposed:false
61 silly fetch manifest fs-extra@^10.0.0
62 silly packumentCache full:https://registry.npmjs.org/fs-extra cache-miss
63 http cache https://registry.npmjs.org/dotenv 40ms (cache hit)
64 silly packumentCache full:https://registry.npmjs.org/dotenv set size:274230 disposed:false
65 silly fetch manifest camelcase@^6.2.1
66 silly packumentCache full:https://registry.npmjs.org/camelcase cache-miss
67 http cache https://registry.npmjs.org/scheduler 58ms (cache hit)
68 silly packumentCache full:https://registry.npmjs.org/scheduler set size:5468774 disposed:false
69 silly fetch manifest babel-jest@^27.4.2
70 silly packumentCache full:https://registry.npmjs.org/babel-jest cache-miss
71 http cache https://registry.npmjs.org/eslint 98ms (cache hit)
72 silly packumentCache full:https://registry.npmjs.org/eslint set size:1976900 disposed:false
73 silly fetch manifest css-loader@^6.5.1
74 silly packumentCache full:https://registry.npmjs.org/css-loader cache-miss
75 http cache https://registry.npmjs.org/resolve 124ms (cache hit)
76 silly packumentCache full:https://registry.npmjs.org/resolve set size:238156 disposed:false
77 silly fetch manifest @babel/core@^7.16.0
78 silly packumentCache full:https://registry.npmjs.org/@babel%2fcore cache-miss
79 http cache https://registry.npmjs.org/semver 131ms (cache hit)
80 silly packumentCache full:https://registry.npmjs.org/semver set size:229620 disposed:false
81 silly fetch manifest file-loader@^6.2.0
82 silly packumentCache full:https://registry.npmjs.org/file-loader cache-miss
83 http cache https://registry.npmjs.org/jest 139ms (cache hit)
84 silly packumentCache full:https://registry.npmjs.org/jest set size:855903 disposed:false
85 silly fetch manifest sass-loader@^12.3.0
86 silly packumentCache full:https://registry.npmjs.org/sass-loader cache-miss
87 http cache https://registry.npmjs.org/prompts 146ms (cache hit)
88 silly packumentCache full:https://registry.npmjs.org/prompts set size:115896 disposed:false
89 silly fetch manifest tailwindcss@^3.0.2
90 silly packumentCache full:https://registry.npmjs.org/tailwindcss cache-miss
91 http cache https://registry.npmjs.org/loose-envify 157ms (cache hit)
92 silly packumentCache full:https://registry.npmjs.org/loose-envify set size:12559 disposed:false
93 silly packumentCache full:https://registry.npmjs.org/loose-envify dispose
94 silly fetch manifest babel-loader@^8.2.3
95 silly packumentCache full:https://registry.npmjs.org/babel-loader cache-miss
96 http cache https://registry.npmjs.org/postcss 157ms (cache hit)
97 silly packumentCache full:https://registry.npmjs.org/postcss set size:705229 disposed:false
98 silly fetch manifest browserslist@^4.18.1
99 silly packumentCache full:https://registry.npmjs.org/browserslist cache-miss
100 http cache https://registry.npmjs.org/fs-extra 162ms (cache hit)
101 silly packumentCache full:https://registry.npmjs.org/fs-extra set size:232595 disposed:false
102 silly fetch manifest jest-resolve@^27.4.2
103 silly packumentCache full:https://registry.npmjs.org/jest-resolve cache-miss
104 http cache https://registry.npmjs.org/css-loader 84ms (cache hit)
105 silly packumentCache full:https://registry.npmjs.org/css-loader set size:520219 disposed:false
106 silly fetch manifest style-loader@^3.3.1
107 silly packumentCache full:https://registry.npmjs.org/style-loader cache-miss
108 http cache https://registry.npmjs.org/babel-jest 124ms (cache hit)
109 silly packumentCache full:https://registry.npmjs.org/babel-jest set size:686500 disposed:false
110 silly fetch manifest @svgr/webpack@^5.5.0
111 silly packumentCache full:https://registry.npmjs.org/@svgr%2fwebpack cache-miss
112 http cache https://registry.npmjs.org/camelcase 179ms (cache hit)
113 silly packumentCache full:https://registry.npmjs.org/camelcase set size:60255 disposed:false
114 silly fetch manifest dotenv-expand@^5.1.0
115 silly packumentCache full:https://registry.npmjs.org/dotenv-expand cache-miss
116 http cache https://registry.npmjs.org/webpack 209ms (cache hit)
117 silly packumentCache full:https://registry.npmjs.org/webpack set size:4994278 disposed:false
118 silly fetch manifest react-refresh@^0.11.0
119 silly packumentCache full:https://registry.npmjs.org/react-refresh cache-miss
120 http cache https://registry.npmjs.org/file-loader 163ms (cache hit)
121 silly packumentCache full:https://registry.npmjs.org/file-loader set size:159291 disposed:false
122 silly fetch manifest postcss-loader@^6.2.1
123 silly packumentCache full:https://registry.npmjs.org/postcss-loader cache-miss
124 http cache https://registry.npmjs.org/@babel%2fcore 173ms (cache hit)
125 silly packumentCache full:https://registry.npmjs.org/@babel%2fcore set size:760113 disposed:false
126 silly fetch manifest react-dev-utils@^12.0.1
127 silly packumentCache full:https://registry.npmjs.org/react-dev-utils cache-miss
128 http cache https://registry.npmjs.org/tailwindcss 185ms (cache hit)
129 silly packumentCache full:https://registry.npmjs.org/tailwindcss set size:10331221 disposed:false
130 silly fetch manifest postcss-normalize@^10.0.1
131 silly packumentCache full:https://registry.npmjs.org/postcss-normalize cache-miss
132 http cache https://registry.npmjs.org/sass-loader 266ms (cache hit)
133 silly packumentCache full:https://registry.npmjs.org/sass-loader set size:423463 disposed:false
134 silly fetch manifest source-map-loader@^3.0.0
135 silly packumentCache full:https://registry.npmjs.org/source-map-loader cache-miss
136 http cache https://registry.npmjs.org/babel-loader 269ms (cache hit)
137 silly packumentCache full:https://registry.npmjs.org/babel-loader set size:257763 disposed:false
138 silly fetch manifest identity-obj-proxy@^3.0.0
139 silly packumentCache full:https://registry.npmjs.org/identity-obj-proxy cache-miss
140 http cache https://registry.npmjs.org/browserslist 275ms (cache hit)
141 silly packumentCache full:https://registry.npmjs.org/browserslist set size:504681 disposed:false
142 silly fetch manifest postcss-preset-env@^7.0.1
143 silly packumentCache full:https://registry.npmjs.org/postcss-preset-env cache-miss
144 http cache https://registry.npmjs.org/jest-resolve 275ms (cache hit)
145 silly packumentCache full:https://registry.npmjs.org/jest-resolve set size:656119 disposed:false
146 silly fetch manifest react-app-polyfill@^3.0.0
147 silly packumentCache full:https://registry.npmjs.org/react-app-polyfill cache-miss
148 http cache https://registry.npmjs.org/react-refresh 210ms (cache hit)
149 silly packumentCache full:https://registry.npmjs.org/react-refresh set size:6286148 disposed:false
150 silly fetch manifest resolve-url-loader@^4.0.0
151 silly packumentCache full:https://registry.npmjs.org/resolve-url-loader cache-miss
152 http cache https://registry.npmjs.org/dotenv-expand 343ms (cache hit)
153 silly packumentCache full:https://registry.npmjs.org/dotenv-expand set size:67935 disposed:false
154 silly fetch manifest webpack-dev-server@^4.6.0
155 silly packumentCache full:https://registry.npmjs.org/webpack-dev-server cache-miss
156 http cache https://registry.npmjs.org/style-loader 361ms (cache hit)
157 silly packumentCache full:https://registry.npmjs.org/style-loader set size:214168 disposed:false
158 silly fetch manifest html-webpack-plugin@^5.5.0
159 silly packumentCache full:https://registry.npmjs.org/html-webpack-plugin cache-miss
160 http cache https://registry.npmjs.org/@svgr%2fwebpack 357ms (cache hit)
161 silly packumentCache full:https://registry.npmjs.org/@svgr%2fwebpack set size:155748 disposed:false
162 silly fetch manifest jest-watch-typeahead@^1.0.0
163 silly packumentCache full:https://registry.npmjs.org/jest-watch-typeahead cache-miss
164 http cache https://registry.npmjs.org/react-dev-utils 274ms (cache hit)
165 silly packumentCache full:https://registry.npmjs.org/react-dev-utils set size:320676 disposed:false
166 silly fetch manifest eslint-webpack-plugin@^3.1.1
167 silly packumentCache full:https://registry.npmjs.org/eslint-webpack-plugin cache-miss
168 http cache https://registry.npmjs.org/postcss-normalize 194ms (cache hit)
169 silly packumentCache full:https://registry.npmjs.org/postcss-normalize set size:67620 disposed:false
170 silly fetch manifest terser-webpack-plugin@^5.2.5
171 silly packumentCache full:https://registry.npmjs.org/terser-webpack-plugin cache-miss
172 http cache https://registry.npmjs.org/postcss-loader 309ms (cache hit)
173 silly packumentCache full:https://registry.npmjs.org/postcss-loader set size:282135 disposed:false
174 silly fetch manifest babel-preset-react-app@^10.0.1
175 silly packumentCache full:https://registry.npmjs.org/babel-preset-react-app cache-miss
176 http cache https://registry.npmjs.org/source-map-loader 197ms (cache hit)
177 silly packumentCache full:https://registry.npmjs.org/source-map-loader set size:100772 disposed:false
178 silly fetch manifest postcss-flexbugs-fixes@^5.0.2
179 silly packumentCache full:https://registry.npmjs.org/postcss-flexbugs-fixes cache-miss
180 http cache https://registry.npmjs.org/identity-obj-proxy 192ms (cache hit)
181 silly packumentCache full:https://registry.npmjs.org/identity-obj-proxy set size:8188 disposed:false
182 silly fetch manifest workbox-webpack-plugin@^6.4.1
183 silly packumentCache full:https://registry.npmjs.org/workbox-webpack-plugin cache-miss
184 http cache https://registry.npmjs.org/postcss-preset-env 185ms (cache hit)
185 silly packumentCache full:https://registry.npmjs.org/postcss-preset-env set size:726717 disposed:false
186 silly fetch manifest eslint-config-react-app@^7.0.1
187 silly packumentCache full:https://registry.npmjs.org/eslint-config-react-app cache-miss
188 http cache https://registry.npmjs.org/resolve-url-loader 110ms (cache hit)
189 silly packumentCache full:https://registry.npmjs.org/resolve-url-loader set size:274156 disposed:false
190 silly fetch manifest mini-css-extract-plugin@^2.4.5
191 silly packumentCache full:https://registry.npmjs.org/mini-css-extract-plugin cache-miss
192 http cache https://registry.npmjs.org/react-app-polyfill 196ms (cache hit)
193 silly packumentCache full:https://registry.npmjs.org/react-app-polyfill set size:107977 disposed:false
194 silly fetch manifest webpack-manifest-plugin@^4.0.2
195 silly packumentCache full:https://registry.npmjs.org/webpack-manifest-plugin cache-miss
196 http cache https://registry.npmjs.org/html-webpack-plugin 109ms (cache hit)
197 silly packumentCache full:https://registry.npmjs.org/html-webpack-plugin set size:493478 disposed:false
198 silly fetch manifest css-minimizer-webpack-plugin@^3.2.0
199 silly packumentCache full:https://registry.npmjs.org/css-minimizer-webpack-plugin cache-miss
200 http cache https://registry.npmjs.org/webpack-dev-server 128ms (cache hit)
201 silly packumentCache full:https://registry.npmjs.org/webpack-dev-server set size:846607 disposed:false
202 silly fetch manifest babel-plugin-named-asset-import@^0.3.8
203 silly packumentCache full:https://registry.npmjs.org/babel-plugin-named-asset-import cache-miss
204 http cache https://registry.npmjs.org/babel-preset-react-app 100ms (cache hit)
205 silly packumentCache full:https://registry.npmjs.org/babel-preset-react-app set size:230562 disposed:false
206 silly fetch manifest case-sensitive-paths-webpack-plugin@^2.4.0
207 silly packumentCache full:https://registry.npmjs.org/case-sensitive-paths-webpack-plugin cache-miss
208 http cache https://registry.npmjs.org/jest-watch-typeahead 139ms (cache hit)
209 silly packumentCache full:https://registry.npmjs.org/jest-watch-typeahead set size:135613 disposed:false
210 silly fetch manifest @pmmmwh/react-refresh-webpack-plugin@^0.5.3
211 silly packumentCache full:https://registry.npmjs.org/@pmmmwh%2freact-refresh-webpack-plugin cache-miss
212 http cache https://registry.npmjs.org/eslint-webpack-plugin 133ms (cache hit)
213 silly packumentCache full:https://registry.npmjs.org/eslint-webpack-plugin set size:149078 disposed:false
214 silly fetch manifest fsevents@^2.3.2
215 silly packumentCache full:https://registry.npmjs.org/fsevents cache-miss
216 http cache https://registry.npmjs.org/terser-webpack-plugin 123ms (cache hit)
217 silly packumentCache full:https://registry.npmjs.org/terser-webpack-plugin set size:395747 disposed:false
218 http cache https://registry.npmjs.org/postcss-flexbugs-fixes 120ms (cache hit)
219 silly packumentCache full:https://registry.npmjs.org/postcss-flexbugs-fixes set size:45700 disposed:false
220 http cache https://registry.npmjs.org/workbox-webpack-plugin 118ms (cache hit)
221 silly packumentCache full:https://registry.npmjs.org/workbox-webpack-plugin set size:275335 disposed:false
222 http cache https://registry.npmjs.org/eslint-config-react-app 108ms (cache hit)
223 silly packumentCache full:https://registry.npmjs.org/eslint-config-react-app set size:196719 disposed:false
224 http cache https://registry.npmjs.org/babel-plugin-named-asset-import 58ms (cache hit)
225 silly packumentCache full:https://registry.npmjs.org/babel-plugin-named-asset-import set size:111176 disposed:false
226 http cache https://registry.npmjs.org/webpack-manifest-plugin 91ms (cache hit)
227 silly packumentCache full:https://registry.npmjs.org/webpack-manifest-plugin set size:125261 disposed:false
228 http cache https://registry.npmjs.org/mini-css-extract-plugin 98ms (cache hit)
229 silly packumentCache full:https://registry.npmjs.org/mini-css-extract-plugin set size:404474 disposed:false
230 http cache https://registry.npmjs.org/css-minimizer-webpack-plugin 89ms (cache hit)
231 silly packumentCache full:https://registry.npmjs.org/css-minimizer-webpack-plugin set size:186221 disposed:false
232 http cache https://registry.npmjs.org/case-sensitive-paths-webpack-plugin 68ms (cache hit)
233 silly packumentCache full:https://registry.npmjs.org/case-sensitive-paths-webpack-plugin set size:32422 disposed:false
234 http cache https://registry.npmjs.org/@pmmmwh%2freact-refresh-webpack-plugin 68ms (cache hit)
235 silly packumentCache full:https://registry.npmjs.org/@pmmmwh%2freact-refresh-webpack-plugin set size:358984 disposed:false
236 http cache https://registry.npmjs.org/fsevents 69ms (cache hit)
237 silly packumentCache full:https://registry.npmjs.org/fsevents set size:182472 disposed:false
238 silly placeDep ROOT loose-envify@1.4.0 OK for: react@18.3.1 want: ^1.1.0
239 silly fetch manifest js-tokens@^3.0.0 || ^4.0.0
240 silly packumentCache full:https://registry.npmjs.org/js-tokens cache-miss
241 http cache https://registry.npmjs.org/js-tokens 14ms (cache hit)
242 silly packumentCache full:https://registry.npmjs.org/js-tokens set size:41947 disposed:false
243 silly placeDep ROOT js-tokens@4.0.0 OK for: loose-envify@1.4.0 want: ^3.0.0 || ^4.0.0
244 silly placeDep ROOT scheduler@0.23.2 OK for: react-dom@18.3.1 want: ^0.23.2
245 silly fetch manifest node-notifier@^8.0.1 || ^9.0.0 || ^10.0.0
246 silly packumentCache full:https://registry.npmjs.org/node-notifier cache-miss
247 http cache https://registry.npmjs.org/node-notifier 13ms (cache hit)
248 silly packumentCache full:https://registry.npmjs.org/node-notifier set size:171533 disposed:false
249 silly fetch manifest @rspack/core@0.x || 1.x
250 silly packumentCache full:https://registry.npmjs.org/@rspack%2fcore cache-miss
251 http cache https://registry.npmjs.org/@rspack%2fcore 29ms (cache hit)
252 silly packumentCache full:https://registry.npmjs.org/@rspack%2fcore set size:4378840 disposed:false
253 silly fetch manifest @swc/helpers@>=0.5.1
254 silly packumentCache full:https://registry.npmjs.org/@swc%2fhelpers cache-miss
255 http cache https://registry.npmjs.org/@swc%2fhelpers 14ms (cache hit)
256 silly packumentCache full:https://registry.npmjs.org/@swc%2fhelpers set size:726705 disposed:false
257 silly fetch manifest fibers@>= 3.1.0
258 silly packumentCache full:https://registry.npmjs.org/fibers cache-miss
259 http cache https://registry.npmjs.org/fibers 11ms (cache hit)
260 silly packumentCache full:https://registry.npmjs.org/fibers set size:131396 disposed:false
261 silly fetch manifest node-sass@^4.0.0 || ^5.0.0 || ^6.0.0 || ^7.0.0
262 silly packumentCache full:https://registry.npmjs.org/node-sass cache-miss
263 http cache https://registry.npmjs.org/node-sass 10ms (cache hit)
264 silly packumentCache full:https://registry.npmjs.org/node-sass set size:494960 disposed:false
265 silly fetch manifest sass@^1.3.0
266 silly packumentCache full:https://registry.npmjs.org/sass cache-miss
267 http cache https://registry.npmjs.org/sass 10ms (cache hit)
268 silly packumentCache full:https://registry.npmjs.org/sass set size:726244 disposed:false
269 silly fetch manifest sass-embedded@*
270 silly packumentCache full:https://registry.npmjs.org/sass-embedded cache-miss
271 http cache https://registry.npmjs.org/sass-embedded 10ms (cache hit)
272 silly packumentCache full:https://registry.npmjs.org/sass-embedded set size:415594 disposed:false
273 silly fetch manifest rework@1.0.1
274 silly packumentCache full:https://registry.npmjs.org/rework cache-miss
275 http cache https://registry.npmjs.org/rework 17ms (cache hit)
276 silly packumentCache full:https://registry.npmjs.org/rework set size:58127 disposed:false
277 silly fetch manifest rework-visit@1.0.0
278 silly packumentCache full:https://registry.npmjs.org/rework-visit cache-miss
279 http cache https://registry.npmjs.org/rework-visit 14ms (cache hit)
280 silly packumentCache full:https://registry.npmjs.org/rework-visit set size:1389 disposed:false
281 silly fetch manifest @types/webpack@4.x || 5.x
282 silly packumentCache full:https://registry.npmjs.org/@types%2fwebpack cache-miss
283 http cache https://registry.npmjs.org/@types%2fwebpack 10ms (cache hit)
284 silly packumentCache full:https://registry.npmjs.org/@types%2fwebpack set size:554213 disposed:false
285 silly fetch manifest sockjs-client@^1.4.0
286 silly packumentCache full:https://registry.npmjs.org/sockjs-client cache-miss
287 http cache https://registry.npmjs.org/sockjs-client 8ms (cache hit)
288 silly packumentCache full:https://registry.npmjs.org/sockjs-client set size:104631 disposed:false
289 silly fetch manifest type-fest@>=0.17.0 <5.0.0
290 silly packumentCache full:https://registry.npmjs.org/type-fest cache-miss
291 http cache https://registry.npmjs.org/type-fest 10ms (cache hit)
292 silly packumentCache full:https://registry.npmjs.org/type-fest set size:557806 disposed:false
293 silly fetch manifest webpack-hot-middleware@2.x
294 silly packumentCache full:https://registry.npmjs.org/webpack-hot-middleware cache-miss
295 http cache https://registry.npmjs.org/webpack-hot-middleware 12ms (cache hit)
296 silly packumentCache full:https://registry.npmjs.org/webpack-hot-middleware set size:146717 disposed:false
297 silly fetch manifest webpack-plugin-serve@0.x || 1.x
298 silly packumentCache full:https://registry.npmjs.org/webpack-plugin-serve cache-miss
299 http cache https://registry.npmjs.org/webpack-plugin-serve 12ms (cache hit)
300 silly packumentCache full:https://registry.npmjs.org/webpack-plugin-serve set size:164430 disposed:false
301 silly placeDep ROOT @babel/core@7.29.0 OK for: react-scripts@5.0.1 want: ^7.16.0
302 silly placeDep ROOT @pmmmwh/react-refresh-webpack-plugin@0.5.17 OK for: react-scripts@5.0.1 want: ^0.5.3
303 silly placeDep ROOT webpack@5.106.1 OK for: @pmmmwh/react-refresh-webpack-plugin@0.5.17 want: >=4.43.0 <6.0.0
304 silly placeDep ROOT react-refresh@0.11.0 OK for: @pmmmwh/react-refresh-webpack-plugin@0.5.17 want: >=0.10.0 <1.0.0
305 silly placeDep ROOT @svgr/webpack@5.5.0 OK for: react-scripts@5.0.1 want: ^5.5.0
306 silly placeDep ROOT babel-jest@27.5.1 OK for: react-scripts@5.0.1 want: ^27.4.2
307 silly placeDep ROOT babel-loader@8.4.1 OK for: react-scripts@5.0.1 want: ^8.2.3
308 silly placeDep ROOT babel-plugin-named-asset-import@0.3.8 OK for: react-scripts@5.0.1 want: ^0.3.8
309 silly placeDep ROOT babel-preset-react-app@10.1.0 OK for: react-scripts@5.0.1 want: ^10.0.1
310 silly placeDep ROOT bfj@7.1.0 OK for: react-scripts@5.0.1 want: ^7.0.2
311 silly placeDep ROOT browserslist@4.28.2 OK for: react-scripts@5.0.1 want: ^4.18.1
312 silly placeDep ROOT camelcase@6.3.0 OK for: react-scripts@5.0.1 want: ^6.2.1
313 silly placeDep ROOT case-sensitive-paths-webpack-plugin@2.4.0 OK for: react-scripts@5.0.1 want: ^2.4.0
314 silly placeDep ROOT css-loader@6.11.0 OK for: react-scripts@5.0.1 want: ^6.5.1
315 silly placeDep ROOT css-minimizer-webpack-plugin@3.4.1 OK for: react-scripts@5.0.1 want: ^3.2.0
316 silly placeDep ROOT dotenv@10.0.0 OK for: react-scripts@5.0.1 want: ^10.0.0
317 silly placeDep ROOT dotenv-expand@5.1.0 OK for: react-scripts@5.0.1 want: ^5.1.0
318 silly placeDep ROOT eslint@8.57.1 OK for: react-scripts@5.0.1 want: ^8.3.0
319 silly placeDep ROOT eslint-config-react-app@7.0.1 OK for: react-scripts@5.0.1 want: ^7.0.1
320 silly placeDep ROOT eslint-webpack-plugin@3.2.0 OK for: react-scripts@5.0.1 want: ^3.1.1
321 silly placeDep ROOT file-loader@6.2.0 OK for: react-scripts@5.0.1 want: ^6.2.0
322 silly placeDep ROOT fs-extra@10.1.0 OK for: react-scripts@5.0.1 want: ^10.0.0
323 silly placeDep ROOT fsevents@2.3.3 OK for: react-scripts@5.0.1 want: ^2.3.2
324 silly placeDep ROOT html-webpack-plugin@5.6.6 OK for: react-scripts@5.0.1 want: ^5.5.0
325 silly placeDep ROOT identity-obj-proxy@3.0.0 OK for: react-scripts@5.0.1 want: ^3.0.0
326 silly placeDep ROOT jest@27.5.1 OK for: react-scripts@5.0.1 want: ^27.4.3
327 silly placeDep ROOT jest-resolve@27.5.1 OK for: react-scripts@5.0.1 want: ^27.4.2
328 silly placeDep ROOT jest-watch-typeahead@1.1.0 OK for: react-scripts@5.0.1 want: ^1.0.0
329 silly placeDep ROOT mini-css-extract-plugin@2.10.2 OK for: react-scripts@5.0.1 want: ^2.4.5
330 silly placeDep ROOT postcss@8.5.9 OK for: react-scripts@5.0.1 want: ^8.4.4
331 silly placeDep ROOT postcss-flexbugs-fixes@5.0.2 OK for: react-scripts@5.0.1 want: ^5.0.2
332 silly placeDep ROOT postcss-loader@6.2.1 OK for: react-scripts@5.0.1 want: ^6.2.1
333 silly placeDep ROOT postcss-normalize@10.0.1 OK for: react-scripts@5.0.1 want: ^10.0.1
334 silly placeDep ROOT postcss-preset-env@7.8.3 OK for: react-scripts@5.0.1 want: ^7.0.1
335 silly placeDep ROOT prompts@2.4.2 OK for: react-scripts@5.0.1 want: ^2.4.2
336 silly placeDep ROOT react-app-polyfill@3.0.0 OK for: react-scripts@5.0.1 want: ^3.0.0
337 silly placeDep ROOT react-dev-utils@12.0.1 OK for: react-scripts@5.0.1 want: ^12.0.1
338 silly placeDep ROOT resolve@1.22.11 OK for: react-scripts@5.0.1 want: ^1.20.0
339 silly placeDep ROOT resolve-url-loader@4.0.0 OK for: react-scripts@5.0.1 want: ^4.0.0
340 silly placeDep ROOT sass-loader@12.6.0 OK for: react-scripts@5.0.1 want: ^12.3.0
341 silly placeDep ROOT semver@7.7.4 OK for: react-scripts@5.0.1 want: ^7.3.5
342 silly placeDep ROOT source-map-loader@3.0.2 OK for: react-scripts@5.0.1 want: ^3.0.0
343 silly placeDep ROOT style-loader@3.3.4 OK for: react-scripts@5.0.1 want: ^3.3.1
344 silly placeDep ROOT tailwindcss@3.4.19 OK for: react-scripts@5.0.1 want: ^3.0.2
345 silly placeDep ROOT terser-webpack-plugin@5.4.0 OK for: react-scripts@5.0.1 want: ^5.2.5
346 silly placeDep ROOT webpack-dev-server@4.15.2 OK for: react-scripts@5.0.1 want: ^4.6.0
347 silly placeDep ROOT webpack-manifest-plugin@4.1.1 OK for: react-scripts@5.0.1 want: ^4.0.2
348 silly placeDep ROOT workbox-webpack-plugin@6.6.0 OK for: react-scripts@5.0.1 want: ^6.4.1
349 silly fetch manifest debug@^4.1.0
350 silly packumentCache full:https://registry.npmjs.org/debug cache-miss
351 silly fetch manifest json5@^2.2.3
352 silly packumentCache full:https://registry.npmjs.org/json5 cache-miss
353 silly fetch manifest semver@^6.3.1
354 silly packumentCache full:https://registry.npmjs.org/semver cache-hit
355 silly fetch manifest gensync@^1.0.0-beta.2
356 silly packumentCache full:https://registry.npmjs.org/gensync cache-miss
357 silly fetch manifest @babel/types@^7.29.0
358 silly packumentCache full:https://registry.npmjs.org/@babel%2ftypes cache-miss
359 silly fetch manifest @babel/parser@^7.29.0
360 silly packumentCache full:https://registry.npmjs.org/@babel%2fparser cache-miss
361 silly fetch manifest @babel/helpers@^7.28.6
362 silly packumentCache full:https://registry.npmjs.org/@babel%2fhelpers cache-miss
363 silly fetch manifest @babel/template@^7.28.6
364 silly packumentCache full:https://registry.npmjs.org/@babel%2ftemplate cache-miss
365 silly fetch manifest @babel/traverse@^7.29.0
366 silly packumentCache full:https://registry.npmjs.org/@babel%2ftraverse cache-miss
367 silly fetch manifest @babel/generator@^7.29.0
368 silly packumentCache full:https://registry.npmjs.org/@babel%2fgenerator cache-miss
369 silly fetch manifest @babel/code-frame@^7.29.0
370 silly packumentCache full:https://registry.npmjs.org/@babel%2fcode-frame cache-miss
371 silly fetch manifest convert-source-map@^2.0.0
372 silly packumentCache full:https://registry.npmjs.org/convert-source-map cache-miss
373 http cache https://registry.npmjs.org/@babel%2ftypes 44ms (cache hit)
374 silly packumentCache full:https://registry.npmjs.org/@babel%2ftypes set size:487885 disposed:false
375 silly fetch manifest @jridgewell/remapping@^2.3.5
376 silly packumentCache full:https://registry.npmjs.org/@jridgewell%2fremapping cache-miss
377 http cache https://registry.npmjs.org/gensync 88ms (cache hit)
378 silly packumentCache full:https://registry.npmjs.org/gensync set size:15068 disposed:false
379 silly fetch manifest @babel/helper-module-transforms@^7.28.6
380 silly packumentCache full:https://registry.npmjs.org/@babel%2fhelper-module-transforms cache-miss
381 http cache https://registry.npmjs.org/@babel%2fgenerator 89ms (cache hit)
382 silly packumentCache full:https://registry.npmjs.org/@babel%2fgenerator set size:507107 disposed:false
383 silly fetch manifest @babel/helper-compilation-targets@^7.28.6
384 silly packumentCache full:https://registry.npmjs.org/@babel%2fhelper-compilation-targets cache-miss
385 http cache https://registry.npmjs.org/debug 106ms (cache hit)
386 silly packumentCache full:https://registry.npmjs.org/debug set size:195840 disposed:false
387 silly fetch manifest ansi-html@^0.0.9
388 silly packumentCache full:https://registry.npmjs.org/ansi-html cache-miss
389 http cache https://registry.npmjs.org/@babel%2fparser 109ms (cache hit)
390 silly packumentCache full:https://registry.npmjs.org/@babel%2fparser set size:718758 disposed:false
391 silly fetch manifest source-map@^0.7.3
392 silly packumentCache full:https://registry.npmjs.org/source-map cache-miss
393 http cache https://registry.npmjs.org/json5 122ms (cache hit)
394 silly packumentCache full:https://registry.npmjs.org/json5 set size:86136 disposed:false
395 silly fetch manifest core-js-pure@^3.23.3
396 silly packumentCache full:https://registry.npmjs.org/core-js-pure cache-miss
397 http cache https://registry.npmjs.org/convert-source-map 115ms (cache hit)
398 silly packumentCache full:https://registry.npmjs.org/convert-source-map set size:66997 disposed:false
399 silly fetch manifest loader-utils@^2.0.4
400 silly packumentCache full:https://registry.npmjs.org/loader-utils cache-miss
401 http cache https://registry.npmjs.org/@babel%2fhelpers 125ms (cache hit)
402 silly packumentCache full:https://registry.npmjs.org/@babel%2fhelpers set size:388224 disposed:false
403 silly fetch manifest schema-utils@^4.2.0
404 silly packumentCache full:https://registry.npmjs.org/schema-utils cache-miss
405 http cache https://registry.npmjs.org/@babel%2ftemplate 129ms (cache hit)
406 silly packumentCache full:https://registry.npmjs.org/@babel%2ftemplate set size:227169 disposed:false
407 silly fetch manifest html-entities@^2.1.0
408 silly packumentCache full:https://registry.npmjs.org/html-entities cache-miss
409 http cache https://registry.npmjs.org/@babel%2fcode-frame 132ms (cache hit)
410 silly packumentCache full:https://registry.npmjs.org/@babel%2fcode-frame set size:196196 disposed:false
411 silly fetch manifest error-stack-parser@^2.0.6
412 silly packumentCache full:https://registry.npmjs.org/error-stack-parser cache-miss
413 http cache https://registry.npmjs.org/@babel%2ftraverse 140ms (cache hit)
414 silly packumentCache full:https://registry.npmjs.org/@babel%2ftraverse set size:548722 disposed:false
415 silly fetch manifest @types/eslint-scope@^3.7.7
416 silly packumentCache full:https://registry.npmjs.org/@types%2feslint-scope cache-miss
417 http cache https://registry.npmjs.org/@jridgewell%2fremapping 98ms (cache hit)
418 silly packumentCache full:https://registry.npmjs.org/@jridgewell%2fremapping set size:23809 disposed:false
419 silly fetch manifest @types/estree@^1.0.8
420 silly packumentCache full:https://registry.npmjs.org/@types%2festree cache-miss
421 http cache https://registry.npmjs.org/@babel%2fhelper-module-transforms 92ms (cache hit)
422 silly packumentCache full:https://registry.npmjs.org/@babel%2fhelper-module-transforms set size:333553 disposed:false
423 silly fetch manifest @types/json-schema@^7.0.15
424 silly packumentCache full:https://registry.npmjs.org/@types%2fjson-schema cache-miss
425 http cache https://registry.npmjs.org/@babel%2fhelper-compilation-targets 87ms (cache hit)
426 silly packumentCache full:https://registry.npmjs.org/@babel%2fhelper-compilation-targets set size:218757 disposed:false
427 silly fetch manifest @webassemblyjs/ast@^1.14.1
428 silly packumentCache full:https://registry.npmjs.org/@webassemblyjs%2fast cache-miss
429 http cache https://registry.npmjs.org/ansi-html 87ms (cache hit)
430 silly packumentCache full:https://registry.npmjs.org/ansi-html set size:17477 disposed:false
431 silly fetch manifest @webassemblyjs/wasm-edit@^1.14.1
432 silly packumentCache full:https://registry.npmjs.org/@webassemblyjs%2fwasm-edit cache-miss
433 http cache https://registry.npmjs.org/source-map 80ms (cache hit)
434 silly packumentCache full:https://registry.npmjs.org/source-map set size:226141 disposed:false
435 silly fetch manifest @webassemblyjs/wasm-parser@^1.14.1
436 silly packumentCache full:https://registry.npmjs.org/@webassemblyjs%2fwasm-parser cache-miss
437 http cache https://registry.npmjs.org/loader-utils 76ms (cache hit)
438 silly packumentCache full:https://registry.npmjs.org/loader-utils set size:168663 disposed:false
439 silly fetch manifest acorn@^8.16.0
440 silly packumentCache full:https://registry.npmjs.org/acorn cache-miss
441 http cache https://registry.npmjs.org/schema-utils 75ms (cache hit)
442 silly packumentCache full:https://registry.npmjs.org/schema-utils set size:166563 disposed:false
443 silly fetch manifest acorn-import-phases@^1.0.3
444 silly packumentCache full:https://registry.npmjs.org/acorn-import-phases cache-miss
445 http cache https://registry.npmjs.org/core-js-pure 88ms (cache hit)
446 silly packumentCache full:https://registry.npmjs.org/core-js-pure set size:476031 disposed:false
447 silly fetch manifest browserslist@^4.28.1
448 silly packumentCache full:https://registry.npmjs.org/browserslist cache-hit
449 silly fetch manifest chrome-trace-event@^1.0.2
450 silly packumentCache full:https://registry.npmjs.org/chrome-trace-event cache-miss
451 http cache https://registry.npmjs.org/html-entities 82ms (cache hit)
452 silly packumentCache full:https://registry.npmjs.org/html-entities set size:145148 disposed:false
453 silly fetch manifest enhanced-resolve@^5.20.0
454 silly packumentCache full:https://registry.npmjs.org/enhanced-resolve cache-miss
455 http cache https://registry.npmjs.org/@types%2feslint-scope 74ms (cache hit)
456 silly packumentCache full:https://registry.npmjs.org/@types%2feslint-scope set size:25267 disposed:false
457 silly fetch manifest es-module-lexer@^2.0.0
458 silly packumentCache full:https://registry.npmjs.org/es-module-lexer cache-miss
459 http cache https://registry.npmjs.org/error-stack-parser 84ms (cache hit)
460 silly packumentCache full:https://registry.npmjs.org/error-stack-parser set size:89379 disposed:false
461 silly fetch manifest eslint-scope@5.1.1
462 silly packumentCache full:https://registry.npmjs.org/eslint-scope cache-miss
463 http cache https://registry.npmjs.org/@types%2festree 69ms (cache hit)
464 silly packumentCache full:https://registry.npmjs.org/@types%2festree set size:74091 disposed:false
465 silly fetch manifest events@^3.2.0
466 silly packumentCache full:https://registry.npmjs.org/events cache-miss
467 http cache https://registry.npmjs.org/@types%2fjson-schema 70ms (cache hit)
468 silly packumentCache full:https://registry.npmjs.org/@types%2fjson-schema set size:44704 disposed:false
469 silly fetch manifest glob-to-regexp@^0.4.1
470 silly packumentCache full:https://registry.npmjs.org/glob-to-regexp cache-miss
471 http cache https://registry.npmjs.org/@webassemblyjs%2fast 69ms (cache hit)
472 silly packumentCache full:https://registry.npmjs.org/@webassemblyjs%2fast set size:198816 disposed:false
473 silly fetch manifest graceful-fs@^4.2.11
474 silly packumentCache full:https://registry.npmjs.org/graceful-fs cache-miss
475 http cache https://registry.npmjs.org/@webassemblyjs%2fwasm-edit 70ms (cache hit)
476 silly packumentCache full:https://registry.npmjs.org/@webassemblyjs%2fwasm-edit set size:202718 disposed:false
477 silly fetch manifest json-parse-even-better-errors@^2.3.1
478 silly packumentCache full:https://registry.npmjs.org/json-parse-even-better-errors cache-miss
479 http cache https://registry.npmjs.org/@webassemblyjs%2fwasm-parser 69ms (cache hit)
480 silly packumentCache full:https://registry.npmjs.org/@webassemblyjs%2fwasm-parser set size:214115 disposed:false
481 silly fetch manifest loader-runner@^4.3.1
482 silly packumentCache full:https://registry.npmjs.org/loader-runner cache-miss
483 http cache https://registry.npmjs.org/acorn 70ms (cache hit)
484 silly packumentCache full:https://registry.npmjs.org/acorn set size:379626 disposed:false
485 silly fetch manifest mime-types@^2.1.27
486 silly packumentCache full:https://registry.npmjs.org/mime-types cache-miss
487 http cache https://registry.npmjs.org/chrome-trace-event 67ms (cache hit)
488 silly packumentCache full:https://registry.npmjs.org/chrome-trace-event set size:20859 disposed:false
489 silly fetch manifest neo-async@^2.6.2
490 silly packumentCache full:https://registry.npmjs.org/neo-async cache-miss
491 http cache https://registry.npmjs.org/acorn-import-phases 76ms (cache hit)
492 silly packumentCache full:https://registry.npmjs.org/acorn-import-phases set size:11206 disposed:false
493 silly fetch manifest schema-utils@^4.3.3
494 silly packumentCache full:https://registry.npmjs.org/schema-utils cache-hit
495 silly fetch manifest tapable@^2.3.0
496 silly packumentCache full:https://registry.npmjs.org/tapable cache-miss
497 http cache https://registry.npmjs.org/enhanced-resolve 69ms (cache hit)
498 silly packumentCache full:https://registry.npmjs.org/enhanced-resolve set size:360344 disposed:false
499 silly fetch manifest terser-webpack-plugin@^5.3.17
500 silly packumentCache full:https://registry.npmjs.org/terser-webpack-plugin cache-hit
501 silly fetch manifest watchpack@^2.5.1
502 silly packumentCache full:https://registry.npmjs.org/watchpack cache-miss
503 http cache https://registry.npmjs.org/es-module-lexer 75ms (cache hit)
504 silly packumentCache full:https://registry.npmjs.org/es-module-lexer set size:203341 disposed:false
505 silly fetch manifest webpack-sources@^3.3.4
506 silly packumentCache full:https://registry.npmjs.org/webpack-sources cache-miss
507 http cache https://registry.npmjs.org/eslint-scope 79ms (cache hit)
508 silly packumentCache full:https://registry.npmjs.org/eslint-scope set size:98867 disposed:false
509 silly fetch manifest @babel/plugin-transform-react-constant-elements@^7.12.1
510 silly packumentCache full:https://registry.npmjs.org/@babel%2fplugin-transform-react-constant-elements cache-miss
511 http cache https://registry.npmjs.org/glob-to-regexp 76ms (cache hit)
512 silly packumentCache full:https://registry.npmjs.org/glob-to-regexp set size:15844 disposed:false
513 silly fetch manifest @babel/preset-env@^7.12.1
514 silly packumentCache full:https://registry.npmjs.org/@babel%2fpreset-env cache-miss
515 http cache https://registry.npmjs.org/events 87ms (cache hit)
516 silly packumentCache full:https://registry.npmjs.org/events set size:35240 disposed:false
517 silly fetch manifest @babel/preset-react@^7.12.5
518 silly packumentCache full:https://registry.npmjs.org/@babel%2fpreset-react cache-miss
519 http cache https://registry.npmjs.org/graceful-fs 83ms (cache hit)
520 silly packumentCache full:https://registry.npmjs.org/graceful-fs set size:124285 disposed:false
521 silly fetch manifest @svgr/core@^5.5.0
522 silly packumentCache full:https://registry.npmjs.org/@svgr%2fcore cache-miss
523 http cache https://registry.npmjs.org/loader-runner 79ms (cache hit)
524 silly packumentCache full:https://registry.npmjs.org/loader-runner set size:38761 disposed:false
525 silly fetch manifest @svgr/plugin-jsx@^5.5.0
526 silly packumentCache full:https://registry.npmjs.org/@svgr%2fplugin-jsx cache-miss
527 http cache https://registry.npmjs.org/json-parse-even-better-errors 85ms (cache hit)
528 silly packumentCache full:https://registry.npmjs.org/json-parse-even-better-errors set size:34514 disposed:false
529 silly fetch manifest @svgr/plugin-svgo@^5.5.0
530 silly packumentCache full:https://registry.npmjs.org/@svgr%2fplugin-svgo cache-miss
531 http cache https://registry.npmjs.org/mime-types 77ms (cache hit)
532 silly packumentCache full:https://registry.npmjs.org/mime-types set size:139110 disposed:false
533 silly fetch manifest loader-utils@^2.0.0
534 silly packumentCache full:https://registry.npmjs.org/loader-utils cache-hit
535 silly fetch manifest chalk@^4.0.0
536 silly packumentCache full:https://registry.npmjs.org/chalk cache-miss
537 http cache https://registry.npmjs.org/neo-async 81ms (cache hit)
538 silly packumentCache full:https://registry.npmjs.org/neo-async set size:155670 disposed:false
539 silly fetch manifest slash@^3.0.0
540 silly packumentCache full:https://registry.npmjs.org/slash cache-miss
541 http cache https://registry.npmjs.org/tapable 86ms (cache hit)
542 silly packumentCache full:https://registry.npmjs.org/tapable set size:116120 disposed:false
543 silly fetch manifest @jest/types@^27.5.1
544 silly packumentCache full:https://registry.npmjs.org/@jest%2ftypes cache-miss
545 http cache https://registry.npmjs.org/watchpack 86ms (cache hit)
546 silly packumentCache full:https://registry.npmjs.org/watchpack set size:144588 disposed:false
547 silly fetch manifest graceful-fs@^4.2.9
548 silly packumentCache full:https://registry.npmjs.org/graceful-fs cache-hit
549 silly fetch manifest @jest/transform@^27.5.1
550 silly packumentCache full:https://registry.npmjs.org/@jest%2ftransform cache-miss
551 http cache https://registry.npmjs.org/webpack-sources 82ms (cache hit)
552 silly packumentCache full:https://registry.npmjs.org/webpack-sources set size:169105 disposed:false
553 silly fetch manifest babel-preset-jest@^27.5.1
554 silly packumentCache full:https://registry.npmjs.org/babel-preset-jest cache-miss
555 http cache https://registry.npmjs.org/@babel%2fplugin-transform-react-constant-elements 83ms (cache hit)
556 silly packumentCache full:https://registry.npmjs.org/@babel%2fplugin-transform-react-constant-elements set size:239564 disposed:false
557 silly fetch manifest @types/babel__core@^7.1.14
558 silly packumentCache full:https://registry.npmjs.org/@types%2fbabel__core cache-miss
559 http cache https://registry.npmjs.org/@babel%2fpreset-env 82ms (cache hit)
560 silly packumentCache full:https://registry.npmjs.org/@babel%2fpreset-env set size:1156645 disposed:false
561 silly fetch manifest babel-plugin-istanbul@^6.1.1
562 silly packumentCache full:https://registry.npmjs.org/babel-plugin-istanbul cache-miss
563 http cache https://registry.npmjs.org/@svgr%2fplugin-jsx 84ms (cache hit)
564 silly packumentCache full:https://registry.npmjs.org/@svgr%2fplugin-jsx set size:106629 disposed:false
565 silly fetch manifest make-dir@^3.1.0
566 silly packumentCache full:https://registry.npmjs.org/make-dir cache-miss
567 http cache https://registry.npmjs.org/@babel%2fpreset-react 96ms (cache hit)
568 silly packumentCache full:https://registry.npmjs.org/@babel%2fpreset-react set size:250432 disposed:false
569 silly fetch manifest schema-utils@^2.6.5
570 silly packumentCache full:https://registry.npmjs.org/schema-utils cache-hit
571 silly fetch manifest find-cache-dir@^3.3.1
572 silly packumentCache full:https://registry.npmjs.org/find-cache-dir cache-miss
573 http cache https://registry.npmjs.org/@svgr%2fcore 99ms (cache hit)
574 silly packumentCache full:https://registry.npmjs.org/@svgr%2fcore set size:120179 disposed:false
575 silly fetch manifest @babel/plugin-proposal-class-properties@^7.16.0
576 silly packumentCache full:https://registry.npmjs.org/@babel%2fplugin-proposal-class-properties cache-miss
577 http cache https://registry.npmjs.org/@svgr%2fplugin-svgo 97ms (cache hit)
578 silly packumentCache full:https://registry.npmjs.org/@svgr%2fplugin-svgo set size:64934 disposed:false
579 silly fetch manifest @babel/plugin-proposal-decorators@^7.16.4
580 silly packumentCache full:https://registry.npmjs.org/@babel%2fplugin-proposal-decorators cache-miss
581 http cache https://registry.npmjs.org/chalk 97ms (cache hit)
582 silly packumentCache full:https://registry.npmjs.org/chalk set size:117861 disposed:false
583 silly fetch manifest @babel/plugin-proposal-nullish-coalescing-operator@^7.16.0
584 silly packumentCache full:https://registry.npmjs.org/@babel%2fplugin-proposal-nullish-coalescing-operator cache-miss
585 http cache https://registry.npmjs.org/slash 119ms (cache hit)
586 silly packumentCache full:https://registry.npmjs.org/slash set size:20337 disposed:false
587 silly fetch manifest @babel/plugin-proposal-numeric-separator@^7.16.0
588 silly packumentCache full:https://registry.npmjs.org/@babel%2fplugin-proposal-numeric-separator cache-miss
589 http cache https://registry.npmjs.org/babel-preset-jest 102ms (cache hit)
590 silly packumentCache full:https://registry.npmjs.org/babel-preset-jest set size:426787 disposed:false
591 silly fetch manifest @babel/plugin-proposal-optional-chaining@^7.16.0
592 silly packumentCache full:https://registry.npmjs.org/@babel%2fplugin-proposal-optional-chaining cache-miss
593 http cache https://registry.npmjs.org/@types%2fbabel__core 100ms (cache hit)
594 silly packumentCache full:https://registry.npmjs.org/@types%2fbabel__core set size:88676 disposed:false
595 silly fetch manifest @babel/plugin-proposal-private-methods@^7.16.0
596 silly packumentCache full:https://registry.npmjs.org/@babel%2fplugin-proposal-private-methods cache-miss
597 http cache https://registry.npmjs.org/@jest%2ftypes 121ms (cache hit)
598 silly packumentCache full:https://registry.npmjs.org/@jest%2ftypes set size:288723 disposed:false
599 silly fetch manifest @babel/plugin-proposal-private-property-in-object@^7.16.7
600 silly packumentCache full:https://registry.npmjs.org/@babel%2fplugin-proposal-private-property-in-object cache-miss
601 http cache https://registry.npmjs.org/@jest%2ftransform 118ms (cache hit)
602 silly packumentCache full:https://registry.npmjs.org/@jest%2ftransform set size:463781 disposed:false
603 silly fetch manifest @babel/plugin-transform-flow-strip-types@^7.16.0
604 silly packumentCache full:https://registry.npmjs.org/@babel%2fplugin-transform-flow-strip-types cache-miss
605 http cache https://registry.npmjs.org/babel-plugin-istanbul 87ms (cache hit)
606 silly packumentCache full:https://registry.npmjs.org/babel-plugin-istanbul set size:123182 disposed:false
607 silly fetch manifest @babel/plugin-transform-react-display-name@^7.16.0
608 silly packumentCache full:https://registry.npmjs.org/@babel%2fplugin-transform-react-display-name cache-miss
609 http cache https://registry.npmjs.org/make-dir 86ms (cache hit)
610 silly packumentCache full:https://registry.npmjs.org/make-dir set size:34889 disposed:false
611 silly fetch manifest @babel/plugin-transform-runtime@^7.16.4
612 silly packumentCache full:https://registry.npmjs.org/@babel%2fplugin-transform-runtime cache-miss
613 http cache https://registry.npmjs.org/find-cache-dir 84ms (cache hit)
614 silly packumentCache full:https://registry.npmjs.org/find-cache-dir set size:35762 disposed:false
615 silly fetch manifest @babel/preset-env@^7.16.4
616 silly packumentCache full:https://registry.npmjs.org/@babel%2fpreset-env cache-miss
617 http cache https://registry.npmjs.org/@babel%2fplugin-proposal-class-properties 89ms (cache hit)
618 silly packumentCache full:https://registry.npmjs.org/@babel%2fplugin-proposal-class-properties set size:191045 disposed:false
619 silly fetch manifest @babel/preset-react@^7.16.0
620 silly packumentCache full:https://registry.npmjs.org/@babel%2fpreset-react cache-hit
621 silly fetch manifest @babel/preset-typescript@^7.16.0
622 silly packumentCache full:https://registry.npmjs.org/@babel%2fpreset-typescript cache-miss
623 http cache https://registry.npmjs.org/@babel%2fplugin-proposal-decorators 91ms (cache hit)
624 silly packumentCache full:https://registry.npmjs.org/@babel%2fplugin-proposal-decorators set size:370906 disposed:false
625 silly fetch manifest @babel/runtime@^7.16.3
626 silly packumentCache full:https://registry.npmjs.org/@babel%2fruntime cache-miss
627 http cache https://registry.npmjs.org/@babel%2fplugin-proposal-numeric-separator 62ms (cache hit)
628 silly packumentCache full:https://registry.npmjs.org/@babel%2fplugin-proposal-numeric-separator set size:149998 disposed:false
629 silly fetch manifest babel-plugin-macros@^3.1.0
630 silly packumentCache full:https://registry.npmjs.org/babel-plugin-macros cache-miss
631 http cache https://registry.npmjs.org/@babel%2fplugin-proposal-nullish-coalescing-operator 93ms (cache hit)
632 silly packumentCache full:https://registry.npmjs.org/@babel%2fplugin-proposal-nullish-coalescing-operator set size:163532 disposed:false
633 silly fetch manifest babel-plugin-transform-react-remove-prop-types@^0.4.24
634 silly packumentCache full:https://registry.npmjs.org/babel-plugin-transform-react-remove-prop-types cache-miss
635 http cache https://registry.npmjs.org/@babel%2fplugin-proposal-optional-chaining 64ms (cache hit)
636 silly packumentCache full:https://registry.npmjs.org/@babel%2fplugin-proposal-optional-chaining set size:196573 disposed:false
637 silly fetch manifest hoopy@^0.1.4
638 silly packumentCache full:https://registry.npmjs.org/hoopy cache-miss
639 http cache https://registry.npmjs.org/@babel%2fplugin-proposal-private-property-in-object 62ms (cache hit)
640 silly packumentCache full:https://registry.npmjs.org/@babel%2fplugin-proposal-private-property-in-object set size:80252 disposed:false
641 silly fetch manifest tryer@^1.0.1
642 silly packumentCache full:https://registry.npmjs.org/tryer cache-miss
643 http cache https://registry.npmjs.org/@babel%2fplugin-proposal-private-methods 68ms (cache hit)
644 silly packumentCache full:https://registry.npmjs.org/@babel%2fplugin-proposal-private-methods set size:98762 disposed:false
645 silly fetch manifest bluebird@^3.7.2
646 silly packumentCache full:https://registry.npmjs.org/bluebird cache-miss
647 http cache https://registry.npmjs.org/@babel%2fplugin-transform-flow-strip-types 65ms (cache hit)
648 silly packumentCache full:https://registry.npmjs.org/@babel%2fplugin-transform-flow-strip-types set size:241396 disposed:false
649 silly fetch manifest jsonpath@^1.1.1
650 silly packumentCache full:https://registry.npmjs.org/jsonpath cache-miss
651 http cache https://registry.npmjs.org/@babel%2fplugin-transform-runtime 65ms (cache hit)
652 silly packumentCache full:https://registry.npmjs.org/@babel%2fplugin-transform-runtime set size:451968 disposed:false
653 silly fetch manifest check-types@^11.2.3
654 silly packumentCache full:https://registry.npmjs.org/check-types cache-miss
655 http cache https://registry.npmjs.org/@babel%2fplugin-transform-react-display-name 77ms (cache hit)
656 silly packumentCache full:https://registry.npmjs.org/@babel%2fplugin-transform-react-display-name set size:205760 disposed:false
657 silly fetch manifest baseline-browser-mapping@^2.10.12
658 silly packumentCache full:https://registry.npmjs.org/baseline-browser-mapping cache-miss
659 http cache https://registry.npmjs.org/@babel%2fpreset-env 82ms (cache hit)
660 silly packumentCache full:https://registry.npmjs.org/@babel%2fpreset-env set size:1156645 disposed:false
661 silly fetch manifest caniuse-lite@^1.0.30001782
662 silly packumentCache full:https://registry.npmjs.org/caniuse-lite cache-miss
663 http cache https://registry.npmjs.org/@babel%2fpreset-typescript 83ms (cache hit)
664 silly packumentCache full:https://registry.npmjs.org/@babel%2fpreset-typescript set size:257348 disposed:false
665 silly fetch manifest electron-to-chromium@^1.5.328
666 silly packumentCache full:https://registry.npmjs.org/electron-to-chromium cache-miss
667 http cache https://registry.npmjs.org/hoopy 71ms (cache hit)
668 silly packumentCache full:https://registry.npmjs.org/hoopy set size:12101 disposed:false
669 silly fetch manifest node-releases@^2.0.36
670 silly packumentCache full:https://registry.npmjs.org/node-releases cache-miss
671 http cache https://registry.npmjs.org/babel-plugin-macros 82ms (cache hit)
672 silly packumentCache full:https://registry.npmjs.org/babel-plugin-macros set size:124320 disposed:false
673 silly fetch manifest update-browserslist-db@^1.2.3
674 silly packumentCache full:https://registry.npmjs.org/update-browserslist-db cache-miss
675 http cache https://registry.npmjs.org/@babel%2fruntime 100ms (cache hit)
676 silly packumentCache full:https://registry.npmjs.org/@babel%2fruntime set size:3372292 disposed:false
677 silly fetch manifest semver@^7.5.4
678 silly packumentCache full:https://registry.npmjs.org/semver cache-hit
679 silly fetch manifest postcss@^8.4.33
680 silly packumentCache full:https://registry.npmjs.org/postcss cache-hit
681 silly fetch manifest icss-utils@^5.1.0
682 silly packumentCache full:https://registry.npmjs.org/icss-utils cache-miss
683 http cache https://registry.npmjs.org/babel-plugin-transform-react-remove-prop-types 116ms (cache hit)
684 silly packumentCache full:https://registry.npmjs.org/babel-plugin-transform-react-remove-prop-types set size:136983 disposed:false
685 silly fetch manifest postcss-value-parser@^4.2.0
686 silly packumentCache full:https://registry.npmjs.org/postcss-value-parser cache-miss
687 http cache https://registry.npmjs.org/tryer 112ms (cache hit)
688 silly packumentCache full:https://registry.npmjs.org/tryer set size:12708 disposed:false
689 silly fetch manifest postcss-modules-scope@^3.2.0
690 silly packumentCache full:https://registry.npmjs.org/postcss-modules-scope cache-miss
691 http cache https://registry.npmjs.org/bluebird 118ms (cache hit)
692 silly packumentCache full:https://registry.npmjs.org/bluebird set size:491002 disposed:false
693 silly fetch manifest postcss-modules-values@^4.0.0
694 silly packumentCache full:https://registry.npmjs.org/postcss-modules-values cache-miss
695 http cache https://registry.npmjs.org/jsonpath 118ms (cache hit)
696 silly packumentCache full:https://registry.npmjs.org/jsonpath set size:66229 disposed:false
697 silly fetch manifest postcss-modules-extract-imports@^3.1.0
698 silly packumentCache full:https://registry.npmjs.org/postcss-modules-extract-imports cache-miss
699 http cache https://registry.npmjs.org/check-types 109ms (cache hit)
700 silly packumentCache full:https://registry.npmjs.org/check-types set size:241447 disposed:false
701 silly fetch manifest postcss-modules-local-by-default@^4.0.5
702 silly packumentCache full:https://registry.npmjs.org/postcss-modules-local-by-default cache-miss
703 http cache https://registry.npmjs.org/baseline-browser-mapping 117ms (cache hit)
704 silly packumentCache full:https://registry.npmjs.org/baseline-browser-mapping set size:440343 disposed:false
705 silly fetch manifest cssnano@^5.0.6
706 silly packumentCache full:https://registry.npmjs.org/cssnano cache-miss
707 http cache https://registry.npmjs.org/caniuse-lite 108ms (cache hit)
708 silly packumentCache full:https://registry.npmjs.org/caniuse-lite set size:2283130 disposed:false
709 silly fetch manifest postcss@^8.3.5
710 silly packumentCache full:https://registry.npmjs.org/postcss cache-hit
711 silly fetch manifest source-map@^0.6.1
712 silly packumentCache full:https://registry.npmjs.org/source-map cache-hit
713 silly fetch manifest jest-worker@^27.0.2
714 silly packumentCache full:https://registry.npmjs.org/jest-worker cache-miss
715 http cache https://registry.npmjs.org/icss-utils 77ms (cache hit)
716 silly packumentCache full:https://registry.npmjs.org/icss-utils set size:31661 disposed:false
717 silly fetch manifest schema-utils@^4.0.0
718 silly packumentCache full:https://registry.npmjs.org/schema-utils cache-hit
719 silly fetch manifest serialize-javascript@^6.0.0
720 silly packumentCache full:https://registry.npmjs.org/serialize-javascript cache-miss
721 http cache https://registry.npmjs.org/postcss-value-parser 78ms (cache hit)
722 silly packumentCache full:https://registry.npmjs.org/postcss-value-parser set size:73484 disposed:false
723 silly fetch manifest ajv@^6.12.4
724 silly packumentCache full:https://registry.npmjs.org/ajv cache-miss
725 http cache https://registry.npmjs.org/update-browserslist-db 119ms (cache hit)
726 silly packumentCache full:https://registry.npmjs.org/update-browserslist-db set size:62000 disposed:false
727 silly fetch manifest levn@^0.4.1
728 silly packumentCache full:https://registry.npmjs.org/levn cache-miss
729 http cache https://registry.npmjs.org/node-releases 128ms (cache hit)
730 silly packumentCache full:https://registry.npmjs.org/node-releases set size:272120 disposed:false
731 silly fetch manifest debug@^4.3.2
732 silly packumentCache full:https://registry.npmjs.org/debug cache-hit
733 silly fetch manifest espree@^9.6.1
734 silly packumentCache full:https://registry.npmjs.org/espree cache-miss
735 http cache https://registry.npmjs.org/postcss-modules-scope 96ms (cache hit)
736 silly packumentCache full:https://registry.npmjs.org/postcss-modules-scope set size:72581 disposed:false
737 silly fetch manifest ignore@^5.2.0
738 silly packumentCache full:https://registry.npmjs.org/ignore cache-miss
739 http cache https://registry.npmjs.org/electron-to-chromium 162ms (cache hit)
740 silly packumentCache full:https://registry.npmjs.org/electron-to-chromium set size:4751410 disposed:false
741 silly fetch manifest esquery@^1.4.2
742 silly packumentCache full:https://registry.npmjs.org/esquery cache-miss
743 http cache https://registry.npmjs.org/postcss-modules-values 173ms (cache hit)
744 silly packumentCache full:https://registry.npmjs.org/postcss-modules-values set size:56722 disposed:false
745 silly fetch manifest esutils@^2.0.2
746 silly packumentCache full:https://registry.npmjs.org/esutils cache-miss
747 http cache https://registry.npmjs.org/postcss-modules-extract-imports 174ms (cache hit)
748 silly packumentCache full:https://registry.npmjs.org/postcss-modules-extract-imports set size:57788 disposed:false
749 silly fetch manifest find-up@^5.0.0
750 silly packumentCache full:https://registry.npmjs.org/find-up cache-miss
751 http cache https://registry.npmjs.org/postcss-modules-local-by-default 167ms (cache hit)
752 silly packumentCache full:https://registry.npmjs.org/postcss-modules-local-by-default set size:107445 disposed:false
753 silly fetch manifest globals@^13.19.0
754 silly packumentCache full:https://registry.npmjs.org/globals cache-miss
755 http cache https://registry.npmjs.org/cssnano 161ms (cache hit)
756 silly packumentCache full:https://registry.npmjs.org/cssnano set size:463760 disposed:false
757 silly fetch manifest is-glob@^4.0.0
758 silly packumentCache full:https://registry.npmjs.org/is-glob cache-miss
759 http cache https://registry.npmjs.org/serialize-javascript 144ms (cache hit)
760 silly packumentCache full:https://registry.npmjs.org/serialize-javascript set size:80012 disposed:false
761 silly fetch manifest js-yaml@^4.1.0
762 silly packumentCache full:https://registry.npmjs.org/js-yaml cache-miss
763 http cache https://registry.npmjs.org/jest-worker 152ms (cache hit)
764 silly packumentCache full:https://registry.npmjs.org/jest-worker set size:462624 disposed:false
765 silly fetch manifest doctrine@^3.0.0
766 silly packumentCache full:https://registry.npmjs.org/doctrine cache-miss
767 http cache https://registry.npmjs.org/ajv 153ms (cache hit)
768 silly packumentCache full:https://registry.npmjs.org/ajv set size:1120197 disposed:false
769 silly fetch manifest graphemer@^1.4.0
770 silly packumentCache full:https://registry.npmjs.org/graphemer cache-miss
771 http cache https://registry.npmjs.org/levn 160ms (cache hit)
772 silly packumentCache full:https://registry.npmjs.org/levn set size:28223 disposed:false
773 silly fetch manifest minimatch@^3.1.2
774 silly packumentCache full:https://registry.npmjs.org/minimatch cache-miss
775 http cache https://registry.npmjs.org/ignore 145ms (cache hit)
776 silly packumentCache full:https://registry.npmjs.org/ignore set size:237380 disposed:false
777 silly fetch manifest @eslint/js@8.57.1
778 silly packumentCache full:https://registry.npmjs.org/@eslint%2fjs cache-miss
779 http cache https://registry.npmjs.org/esquery 71ms (cache hit)
780 silly packumentCache full:https://registry.npmjs.org/esquery set size:48888 disposed:false
781 silly fetch manifest optionator@^0.9.3
782 silly packumentCache full:https://registry.npmjs.org/optionator cache-miss
783 http cache https://registry.npmjs.org/espree 160ms (cache hit)
784 silly packumentCache full:https://registry.npmjs.org/espree set size:326080 disposed:false
785 silly fetch manifest strip-ansi@^6.0.1
786 silly packumentCache full:https://registry.npmjs.org/strip-ansi cache-miss
787 http cache https://registry.npmjs.org/esutils 74ms (cache hit)
788 silly packumentCache full:https://registry.npmjs.org/esutils set size:29522 disposed:false
789 silly fetch manifest text-table@^0.2.0
790 silly packumentCache full:https://registry.npmjs.org/text-table cache-miss
791 http cache https://registry.npmjs.org/find-up 74ms (cache hit)
792 silly packumentCache full:https://registry.npmjs.org/find-up set size:42620 disposed:false
793 silly fetch manifest cross-spawn@^7.0.2
794 silly packumentCache full:https://registry.npmjs.org/cross-spawn cache-miss
795 http cache https://registry.npmjs.org/globals 79ms (cache hit)
796 silly packumentCache full:https://registry.npmjs.org/globals set size:308609 disposed:false
797 silly fetch manifest glob-parent@^6.0.2
798 silly packumentCache full:https://registry.npmjs.org/glob-parent cache-miss
799 http cache https://registry.npmjs.org/is-glob 77ms (cache hit)
800 silly packumentCache full:https://registry.npmjs.org/is-glob set size:40530 disposed:false
801 silly fetch manifest imurmurhash@^0.1.4
802 silly packumentCache full:https://registry.npmjs.org/imurmurhash cache-miss
803 http cache https://registry.npmjs.org/js-yaml 76ms (cache hit)
804 silly packumentCache full:https://registry.npmjs.org/js-yaml set size:152232 disposed:false
805 silly fetch manifest eslint-scope@^7.2.2
806 silly packumentCache full:https://registry.npmjs.org/eslint-scope cache-hit
807 silly fetch manifest lodash.merge@^4.6.2
808 silly packumentCache full:https://registry.npmjs.org/lodash.merge cache-miss
809 http cache https://registry.npmjs.org/graphemer 59ms (cache hit)
810 silly packumentCache full:https://registry.npmjs.org/graphemer set size:25853 disposed:false
811 silly fetch manifest is-path-inside@^3.0.3
812 silly packumentCache full:https://registry.npmjs.org/is-path-inside cache-miss
813 http cache https://registry.npmjs.org/doctrine 74ms (cache hit)
814 silly packumentCache full:https://registry.npmjs.org/doctrine set size:64052 disposed:false
815 silly fetch manifest fast-deep-equal@^3.1.3
816 silly packumentCache full:https://registry.npmjs.org/fast-deep-equal cache-miss
817 http cache https://registry.npmjs.org/minimatch 61ms (cache hit)
818 silly packumentCache full:https://registry.npmjs.org/minimatch set size:375282 disposed:false
819 silly fetch manifest natural-compare@^1.4.0
820 silly packumentCache full:https://registry.npmjs.org/natural-compare cache-miss
821 http cache https://registry.npmjs.org/optionator 59ms (cache hit)
822 silly packumentCache full:https://registry.npmjs.org/optionator set size:49651 disposed:false
823 silly fetch manifest @eslint/eslintrc@^2.1.4
824 silly packumentCache full:https://registry.npmjs.org/@eslint%2feslintrc cache-miss
825 http cache https://registry.npmjs.org/@eslint%2fjs 64ms (cache hit)
826 silly packumentCache full:https://registry.npmjs.org/@eslint%2fjs set size:140022 disposed:false
827 silly fetch manifest @nodelib/fs.walk@^1.2.8
828 silly packumentCache full:https://registry.npmjs.org/@nodelib%2ffs.walk cache-miss
829 http cache https://registry.npmjs.org/strip-ansi 59ms (cache hit)
830 silly packumentCache full:https://registry.npmjs.org/strip-ansi set size:44998 disposed:false
831 silly fetch manifest file-entry-cache@^6.0.1
832 silly packumentCache full:https://registry.npmjs.org/file-entry-cache cache-miss
833 http cache https://registry.npmjs.org/text-table 57ms (cache hit)
834 silly packumentCache full:https://registry.npmjs.org/text-table set size:20701 disposed:false
835 silly fetch manifest eslint-visitor-keys@^3.4.3
836 silly packumentCache full:https://registry.npmjs.org/eslint-visitor-keys cache-miss
837 http cache https://registry.npmjs.org/cross-spawn 55ms (cache hit)
838 silly packumentCache full:https://registry.npmjs.org/cross-spawn set size:109066 disposed:false
839 silly fetch manifest escape-string-regexp@^4.0.0
840 silly packumentCache full:https://registry.npmjs.org/escape-string-regexp cache-miss
841 http cache https://registry.npmjs.org/glob-parent 54ms (cache hit)
842 silly packumentCache full:https://registry.npmjs.org/glob-parent set size:42445 disposed:false
843 silly fetch manifest @ungap/structured-clone@^1.2.0
844 silly packumentCache full:https://registry.npmjs.org/@ungap%2fstructured-clone cache-miss
845 http cache https://registry.npmjs.org/imurmurhash 56ms (cache hit)
846 silly packumentCache full:https://registry.npmjs.org/imurmurhash set size:35819 disposed:false
847 silly fetch manifest @eslint-community/regexpp@^4.6.1
848 silly packumentCache full:https://registry.npmjs.org/@eslint-community%2fregexpp cache-miss
849 http cache https://registry.npmjs.org/is-path-inside 49ms (cache hit)
850 silly packumentCache full:https://registry.npmjs.org/is-path-inside set size:23585 disposed:false
851 silly fetch manifest @humanwhocodes/config-array@^0.13.0
852 silly packumentCache full:https://registry.npmjs.org/@humanwhocodes%2fconfig-array cache-miss
853 http cache https://registry.npmjs.org/lodash.merge 54ms (cache hit)
854 silly packumentCache full:https://registry.npmjs.org/lodash.merge set size:78575 disposed:false
855 silly fetch manifest @eslint-community/eslint-utils@^4.2.0
856 silly packumentCache full:https://registry.npmjs.org/@eslint-community%2feslint-utils cache-miss
857 http cache https://registry.npmjs.org/fast-deep-equal 53ms (cache hit)
858 silly packumentCache full:https://registry.npmjs.org/fast-deep-equal set size:48634 disposed:false
859 silly fetch manifest @humanwhocodes/module-importer@^1.0.1
860 silly packumentCache full:https://registry.npmjs.org/@humanwhocodes%2fmodule-importer cache-miss
861 http cache https://registry.npmjs.org/natural-compare 49ms (cache hit)
862 silly packumentCache full:https://registry.npmjs.org/natural-compare set size:7852 disposed:false
863 silly fetch manifest json-stable-stringify-without-jsonify@^1.0.1
864 silly packumentCache full:https://registry.npmjs.org/json-stable-stringify-without-jsonify cache-miss
865 http cache https://registry.npmjs.org/@nodelib%2ffs.walk 45ms (cache hit)
866 silly packumentCache full:https://registry.npmjs.org/@nodelib%2ffs.walk set size:41589 disposed:false
867 silly fetch manifest eslint-plugin-jest@^25.3.0
868 silly packumentCache full:https://registry.npmjs.org/eslint-plugin-jest cache-miss
869 http cache https://registry.npmjs.org/file-entry-cache 45ms (cache hit)
870 silly packumentCache full:https://registry.npmjs.org/file-entry-cache set size:151480 disposed:false
871 silly fetch manifest eslint-plugin-react@^7.27.1
872 silly packumentCache full:https://registry.npmjs.org/eslint-plugin-react cache-miss
873 http cache https://registry.npmjs.org/eslint-visitor-keys 47ms (cache hit)
874 silly packumentCache full:https://registry.npmjs.org/eslint-visitor-keys set size:69949 disposed:false
875 silly fetch manifest @babel/eslint-parser@^7.16.3
876 silly packumentCache full:https://registry.npmjs.org/@babel%2feslint-parser cache-miss
877 http cache https://registry.npmjs.org/@eslint%2feslintrc 60ms (cache hit)
878 silly packumentCache full:https://registry.npmjs.org/@eslint%2feslintrc set size:168674 disposed:false
879 silly fetch manifest eslint-plugin-import@^2.25.3
880 silly packumentCache full:https://registry.npmjs.org/eslint-plugin-import cache-miss
881 http cache https://registry.npmjs.org/escape-string-regexp 51ms (cache hit)
882 silly packumentCache full:https://registry.npmjs.org/escape-string-regexp set size:22244 disposed:false
883 silly fetch manifest eslint-plugin-flowtype@^8.0.3
884 silly packumentCache full:https://registry.npmjs.org/eslint-plugin-flowtype cache-miss
885 http cache https://registry.npmjs.org/@ungap%2fstructured-clone 54ms (cache hit)
886 silly packumentCache full:https://registry.npmjs.org/@ungap%2fstructured-clone set size:55958 disposed:false
887 silly fetch manifest eslint-plugin-jsx-a11y@^6.5.1
888 silly packumentCache full:https://registry.npmjs.org/eslint-plugin-jsx-a11y cache-miss
889 http cache https://registry.npmjs.org/@eslint-community%2fregexpp 58ms (cache hit)
890 silly packumentCache full:https://registry.npmjs.org/@eslint-community%2fregexpp set size:106609 disposed:false
891 silly fetch manifest @rushstack/eslint-patch@^1.1.0
892 silly packumentCache full:https://registry.npmjs.org/@rushstack%2feslint-patch cache-miss
893 http cache https://registry.npmjs.org/@eslint-community%2feslint-utils 58ms (cache hit)
894 silly packumentCache full:https://registry.npmjs.org/@eslint-community%2feslint-utils set size:93301 disposed:false
895 silly fetch manifest @typescript-eslint/parser@^5.5.0
896 silly packumentCache full:https://registry.npmjs.org/@typescript-eslint%2fparser cache-miss
897 http cache https://registry.npmjs.org/@humanwhocodes%2fconfig-array 64ms (cache hit)
898 silly packumentCache full:https://registry.npmjs.org/@humanwhocodes%2fconfig-array set size:139493 disposed:false
899 silly fetch manifest confusing-browser-globals@^1.0.11
900 silly packumentCache full:https://registry.npmjs.org/confusing-browser-globals cache-miss
901 http cache https://registry.npmjs.org/eslint-plugin-jest 62ms (cache hit)
902 silly packumentCache full:https://registry.npmjs.org/eslint-plugin-jest set size:1747494 disposed:false
903 silly fetch manifest eslint-plugin-react-hooks@^4.3.0
904 silly packumentCache full:https://registry.npmjs.org/eslint-plugin-react-hooks cache-miss
905 http cache https://registry.npmjs.org/json-stable-stringify-without-jsonify 79ms (cache hit)
906 silly packumentCache full:https://registry.npmjs.org/json-stable-stringify-without-jsonify set size:5808 disposed:false
907 silly fetch manifest eslint-plugin-testing-library@^5.0.1
908 silly packumentCache full:https://registry.npmjs.org/eslint-plugin-testing-library cache-miss
909 http cache https://registry.npmjs.org/@humanwhocodes%2fmodule-importer 83ms (cache hit)
910 silly packumentCache full:https://registry.npmjs.org/@humanwhocodes%2fmodule-importer set size:9516 disposed:false
911 silly fetch manifest @typescript-eslint/eslint-plugin@^5.5.0
912 silly packumentCache full:https://registry.npmjs.org/@typescript-eslint%2feslint-plugin cache-miss
913 http cache https://registry.npmjs.org/@babel%2feslint-parser 73ms (cache hit)
914 silly packumentCache full:https://registry.npmjs.org/@babel%2feslint-parser set size:228772 disposed:false
915 silly fetch manifest micromatch@^4.0.5
916 silly packumentCache full:https://registry.npmjs.org/micromatch cache-miss
917 http cache https://registry.npmjs.org/eslint-plugin-react 80ms (cache hit)
918 silly packumentCache full:https://registry.npmjs.org/eslint-plugin-react set size:646827 disposed:false
919 silly fetch manifest jest-worker@^28.0.2
920 silly packumentCache full:https://registry.npmjs.org/jest-worker cache-hit
921 silly fetch manifest @types/eslint@^7.29.0 || ^8.4.1
922 silly packumentCache full:https://registry.npmjs.org/@types%2feslint cache-miss
923 http cache https://registry.npmjs.org/eslint-plugin-import 80ms (cache hit)
924 silly packumentCache full:https://registry.npmjs.org/eslint-plugin-import set size:484928 disposed:false
925 silly fetch manifest normalize-path@^3.0.0
926 silly packumentCache full:https://registry.npmjs.org/normalize-path cache-miss
927 http cache https://registry.npmjs.org/eslint-plugin-flowtype 84ms (cache hit)
928 silly packumentCache full:https://registry.npmjs.org/eslint-plugin-flowtype set size:642417 disposed:false
929 silly fetch manifest schema-utils@^3.0.0
930 silly packumentCache full:https://registry.npmjs.org/schema-utils cache-hit
931 silly fetch manifest jsonfile@^6.0.1
932 silly packumentCache full:https://registry.npmjs.org/jsonfile cache-miss
933 http cache https://registry.npmjs.org/eslint-plugin-jsx-a11y 97ms (cache hit)
934 silly packumentCache full:https://registry.npmjs.org/eslint-plugin-jsx-a11y set size:280052 disposed:false
935 silly fetch manifest graceful-fs@^4.2.0
936 silly packumentCache full:https://registry.npmjs.org/graceful-fs cache-hit
937 silly fetch manifest universalify@^2.0.0
938 silly packumentCache full:https://registry.npmjs.org/universalify cache-miss
939 http cache https://registry.npmjs.org/@rushstack%2feslint-patch 96ms (cache hit)
940 silly packumentCache full:https://registry.npmjs.org/@rushstack%2feslint-patch set size:114289 disposed:false
941 silly fetch manifest @types/html-minifier-terser@^6.0.0
942 silly packumentCache full:https://registry.npmjs.org/@types%2fhtml-minifier-terser cache-miss
943 http cache https://registry.npmjs.org/confusing-browser-globals 96ms (cache hit)
944 silly packumentCache full:https://registry.npmjs.org/confusing-browser-globals set size:153636 disposed:false
945 silly fetch manifest html-minifier-terser@^6.0.2
946 silly packumentCache full:https://registry.npmjs.org/html-minifier-terser cache-miss
947 http cache https://registry.npmjs.org/eslint-plugin-testing-library 85ms (cache hit)
948 silly packumentCache full:https://registry.npmjs.org/eslint-plugin-testing-library set size:929016 disposed:false
949 silly fetch manifest lodash@^4.17.21
950 silly packumentCache full:https://registry.npmjs.org/lodash cache-miss
951 http cache https://registry.npmjs.org/@typescript-eslint%2fparser 158ms (cache hit)
952 silly packumentCache full:https://registry.npmjs.org/@typescript-eslint%2fparser set size:15009599 disposed:false
953 silly fetch manifest pretty-error@^4.0.0
954 silly packumentCache full:https://registry.npmjs.org/pretty-error cache-miss
955 http cache https://registry.npmjs.org/micromatch 335ms (cache hit)
956 silly packumentCache full:https://registry.npmjs.org/micromatch set size:240630 disposed:false
957 silly fetch manifest tapable@^2.0.0
958 silly packumentCache full:https://registry.npmjs.org/tapable cache-hit
959 silly fetch manifest harmony-reflect@^1.4.6
960 silly packumentCache full:https://registry.npmjs.org/harmony-reflect cache-miss
961 http cache https://registry.npmjs.org/@types%2feslint 333ms (cache hit)
962 silly packumentCache full:https://registry.npmjs.org/@types%2feslint set size:220085 disposed:false
963 silly fetch manifest jest-cli@^27.5.1
964 silly packumentCache full:https://registry.npmjs.org/jest-cli cache-miss
965 http cache https://registry.npmjs.org/eslint-plugin-react-hooks 368ms (cache hit)
966 silly packumentCache full:https://registry.npmjs.org/eslint-plugin-react-hooks set size:7289645 disposed:false
967 silly fetch manifest @jest/core@^27.5.1
968 silly packumentCache full:https://registry.npmjs.org/@jest%2fcore cache-miss
969 http cache https://registry.npmjs.org/@typescript-eslint%2feslint-plugin 452ms (cache hit)
970 silly packumentCache full:https://registry.npmjs.org/@typescript-eslint%2feslint-plugin set size:17685380 disposed:false
971 silly fetch manifest import-local@^3.0.2
972 silly packumentCache full:https://registry.npmjs.org/import-local cache-miss
973 http cache https://registry.npmjs.org/normalize-path 552ms (cache hit)
974 silly packumentCache full:https://registry.npmjs.org/normalize-path set size:28713 disposed:false
975 silly fetch manifest jest-util@^27.5.1
976 silly packumentCache full:https://registry.npmjs.org/jest-util cache-miss
977 http cache https://registry.npmjs.org/jsonfile 550ms (cache hit)
978 silly packumentCache full:https://registry.npmjs.org/jsonfile set size:51505 disposed:false
979 silly fetch manifest jest-validate@^27.5.1
980 silly packumentCache full:https://registry.npmjs.org/jest-validate cache-miss
981 http cache https://registry.npmjs.org/@types%2fhtml-minifier-terser 530ms (cache hit)
982 silly packumentCache full:https://registry.npmjs.org/@types%2fhtml-minifier-terser set size:21619 disposed:false
983 silly fetch manifest jest-haste-map@^27.5.1
984 silly packumentCache full:https://registry.npmjs.org/jest-haste-map cache-miss
985 http cache https://registry.npmjs.org/universalify 538ms (cache hit)
986 silly packumentCache full:https://registry.npmjs.org/universalify set size:19431 disposed:false
987 silly fetch manifest resolve.exports@^1.1.0
988 silly packumentCache full:https://registry.npmjs.org/resolve.exports cache-miss
989 http cache https://registry.npmjs.org/pretty-error 266ms (cache hit)
990 silly packumentCache full:https://registry.npmjs.org/pretty-error set size:81783 disposed:false
991 silly fetch manifest jest-pnp-resolver@^1.2.2
992 silly packumentCache full:https://registry.npmjs.org/jest-pnp-resolver cache-miss
993 http cache https://registry.npmjs.org/html-minifier-terser 527ms (cache hit)
994 silly packumentCache full:https://registry.npmjs.org/html-minifier-terser set size:84211 disposed:false
995 silly fetch manifest slash@^4.0.0
996 silly packumentCache full:https://registry.npmjs.org/slash cache-hit
997 silly fetch manifest strip-ansi@^7.0.1
998 silly packumentCache full:https://registry.npmjs.org/strip-ansi cache-hit
999 silly fetch manifest ansi-escapes@^4.3.1
1000 silly packumentCache full:https://registry.npmjs.org/ansi-escapes cache-miss
1001 http cache https://registry.npmjs.org/import-local 52ms (cache hit)
1002 silly packumentCache full:https://registry.npmjs.org/import-local set size:24258 disposed:false
1003 silly fetch manifest jest-watcher@^28.0.0
1004 silly packumentCache full:https://registry.npmjs.org/jest-watcher cache-miss
1005 http cache https://registry.npmjs.org/harmony-reflect 271ms (cache hit)
1006 silly packumentCache full:https://registry.npmjs.org/harmony-reflect set size:55062 disposed:false
1007 silly fetch manifest string-length@^5.0.1
1008 silly packumentCache full:https://registry.npmjs.org/string-length cache-miss
1009 http cache https://registry.npmjs.org/lodash 523ms (cache hit)
1010 silly packumentCache full:https://registry.npmjs.org/lodash set size:247748 disposed:false
1011 silly fetch manifest jest-regex-util@^28.0.0
1012 silly packumentCache full:https://registry.npmjs.org/jest-regex-util cache-miss
1013 http cache https://registry.npmjs.org/jest-cli 277ms (cache hit)
1014 silly packumentCache full:https://registry.npmjs.org/jest-cli set size:1172264 disposed:false
1015 silly fetch manifest tapable@^2.2.1
1016 silly packumentCache full:https://registry.npmjs.org/tapable cache-hit
1017 silly fetch manifest nanoid@^3.3.11
1018 silly packumentCache full:https://registry.npmjs.org/nanoid cache-miss
1019 http cache https://registry.npmjs.org/@jest%2fcore 232ms (cache hit)
1020 silly packumentCache full:https://registry.npmjs.org/@jest%2fcore set size:624059 disposed:false
1021 silly fetch manifest picocolors@^1.1.1
1022 silly packumentCache full:https://registry.npmjs.org/picocolors cache-miss
1023 http cache https://registry.npmjs.org/jest-util 79ms (cache hit)
1024 silly packumentCache full:https://registry.npmjs.org/jest-util set size:583957 disposed:false
1025 silly fetch manifest source-map-js@^1.2.1
1026 silly packumentCache full:https://registry.npmjs.org/source-map-js cache-miss
1027 http cache https://registry.npmjs.org/jest-validate 82ms (cache hit)
1028 silly packumentCache full:https://registry.npmjs.org/jest-validate set size:564124 disposed:false
1029 silly fetch manifest klona@^2.0.5
1030 silly packumentCache full:https://registry.npmjs.org/klona cache-miss
1031 http cache https://registry.npmjs.org/resolve.exports 90ms (cache hit)
1032 silly packumentCache full:https://registry.npmjs.org/resolve.exports set size:49558 disposed:false
1033 silly fetch manifest cosmiconfig@^7.0.0
1034 silly packumentCache full:https://registry.npmjs.org/cosmiconfig cache-miss
1035 http cache https://registry.npmjs.org/ansi-escapes 83ms (cache hit)
1036 silly packumentCache full:https://registry.npmjs.org/ansi-escapes set size:70915 disposed:false
1037 silly fetch manifest sanitize.css@*
1038 silly packumentCache full:https://registry.npmjs.org/sanitize.css cache-miss
1039 http cache https://registry.npmjs.org/jest-haste-map 101ms (cache hit)
1040 silly packumentCache full:https://registry.npmjs.org/jest-haste-map set size:688422 disposed:false
1041 silly fetch manifest @csstools/normalize.css@*
1042 silly packumentCache full:https://registry.npmjs.org/@csstools%2fnormalize.css cache-miss
1043 http cache https://registry.npmjs.org/jest-pnp-resolver 107ms (cache hit)
1044 silly packumentCache full:https://registry.npmjs.org/jest-pnp-resolver set size:22834 disposed:false
1045 silly fetch manifest postcss-browser-comments@^4
1046 silly packumentCache full:https://registry.npmjs.org/postcss-browser-comments cache-miss
1047 http cache https://registry.npmjs.org/string-length 98ms (cache hit)
1048 silly packumentCache full:https://registry.npmjs.org/string-length set size:35851 disposed:false
1049 silly fetch manifest cssdb@^7.1.0
1050 silly packumentCache full:https://registry.npmjs.org/cssdb cache-miss
1051 http cache https://registry.npmjs.org/jest-watcher 105ms (cache hit)
1052 silly packumentCache full:https://registry.npmjs.org/jest-watcher set size:389646 disposed:false
1053 silly fetch manifest autoprefixer@^10.4.13
1054 silly packumentCache full:https://registry.npmjs.org/autoprefixer cache-miss
1055 http cache https://registry.npmjs.org/nanoid 84ms (cache hit)
1056 silly packumentCache full:https://registry.npmjs.org/nanoid set size:300313 disposed:false
1057 silly fetch manifest postcss-clamp@^4.1.0
1058 silly packumentCache full:https://registry.npmjs.org/postcss-clamp cache-miss
1059 http cache https://registry.npmjs.org/jest-regex-util 108ms (cache hit)
1060 silly packumentCache full:https://registry.npmjs.org/jest-regex-util set size:229345 disposed:false
1061 silly fetch manifest postcss-place@^7.0.5
1062 silly packumentCache full:https://registry.npmjs.org/postcss-place cache-miss
1063 http cache https://registry.npmjs.org/picocolors 83ms (cache hit)
1064 silly packumentCache full:https://registry.npmjs.org/picocolors set size:16648 disposed:false
1065 silly fetch manifest css-has-pseudo@^3.0.4
1066 silly packumentCache full:https://registry.npmjs.org/css-has-pseudo cache-miss
1067 http cache https://registry.npmjs.org/klona 68ms (cache hit)
1068 silly packumentCache full:https://registry.npmjs.org/klona set size:42195 disposed:false
1069 silly fetch manifest postcss-initial@^4.0.1
1070 silly packumentCache full:https://registry.npmjs.org/postcss-initial cache-miss
1071 http cache https://registry.npmjs.org/source-map-js 79ms (cache hit)
1072 silly packumentCache full:https://registry.npmjs.org/source-map-js set size:62640 disposed:false
1073 silly fetch manifest postcss-logical@^5.0.4
1074 silly packumentCache full:https://registry.npmjs.org/postcss-logical cache-miss
1075 http cache https://registry.npmjs.org/cosmiconfig 62ms (cache hit)
1076 silly packumentCache full:https://registry.npmjs.org/cosmiconfig set size:222324 disposed:false
1077 silly fetch manifest postcss-nesting@^10.2.0
1078 silly packumentCache full:https://registry.npmjs.org/postcss-nesting cache-miss
1079 http cache https://registry.npmjs.org/@csstools%2fnormalize.css 68ms (cache hit)
1080 silly packumentCache full:https://registry.npmjs.org/@csstools%2fnormalize.css set size:32143 disposed:false
1081 silly fetch manifest css-blank-pseudo@^3.0.3
1082 silly packumentCache full:https://registry.npmjs.org/css-blank-pseudo cache-miss
1083 http cache https://registry.npmjs.org/sanitize.css 85ms (cache hit)
1084 silly packumentCache full:https://registry.npmjs.org/sanitize.css set size:132320 disposed:false
1085 silly fetch manifest postcss-page-break@^3.0.4
1086 silly packumentCache full:https://registry.npmjs.org/postcss-page-break cache-miss
1087 http cache https://registry.npmjs.org/autoprefixer 67ms (cache hit)
1088 silly packumentCache full:https://registry.npmjs.org/autoprefixer set size:1307925 disposed:false
1089 silly fetch manifest postcss-custom-media@^8.0.2
1090 silly packumentCache full:https://registry.npmjs.org/postcss-custom-media cache-miss
1091 http cache https://registry.npmjs.org/postcss-clamp 74ms (cache hit)
1092 silly packumentCache full:https://registry.npmjs.org/postcss-clamp set size:22705 disposed:false
1093 silly fetch manifest postcss-env-function@^4.0.6
1094 silly packumentCache full:https://registry.npmjs.org/postcss-env-function cache-miss
1095 http cache https://registry.npmjs.org/cssdb 87ms (cache hit)
1096 silly packumentCache full:https://registry.npmjs.org/cssdb set size:281133 disposed:false
1097 silly fetch manifest postcss-focus-within@^5.0.4
1098 silly packumentCache full:https://registry.npmjs.org/postcss-focus-within cache-miss
1099 http cache https://registry.npmjs.org/postcss-place 77ms (cache hit)
1100 silly packumentCache full:https://registry.npmjs.org/postcss-place set size:65066 disposed:false
1101 silly fetch manifest postcss-font-variant@^5.0.0
1102 silly packumentCache full:https://registry.npmjs.org/postcss-font-variant cache-miss
1103 http cache https://registry.npmjs.org/postcss-initial 78ms (cache hit)
1104 silly packumentCache full:https://registry.npmjs.org/postcss-initial set size:41882 disposed:false
1105 silly fetch manifest postcss-lab-function@^4.2.1
1106 silly packumentCache full:https://registry.npmjs.org/postcss-lab-function cache-miss
1107 http cache https://registry.npmjs.org/css-has-pseudo 83ms (cache hit)
1108 silly packumentCache full:https://registry.npmjs.org/css-has-pseudo set size:129001 disposed:false
1109 silly fetch manifest postcss-media-minmax@^5.0.0
1110 silly packumentCache full:https://registry.npmjs.org/postcss-media-minmax cache-miss
1111 http cache https://registry.npmjs.org/postcss-browser-comments 107ms (cache hit)
1112 silly packumentCache full:https://registry.npmjs.org/postcss-browser-comments set size:28326 disposed:false
1113 silly fetch manifest postcss-selector-not@^6.0.1
1114 silly packumentCache full:https://registry.npmjs.org/postcss-selector-not cache-miss
1115 http cache https://registry.npmjs.org/postcss-logical 83ms (cache hit)
1116 silly packumentCache full:https://registry.npmjs.org/postcss-logical set size:75922 disposed:false
1117 silly fetch manifest postcss-focus-visible@^6.0.4
1118 silly packumentCache full:https://registry.npmjs.org/postcss-focus-visible cache-miss
1119 http cache https://registry.npmjs.org/postcss-nesting 81ms (cache hit)
1120 silly packumentCache full:https://registry.npmjs.org/postcss-nesting set size:192460 disposed:false
1121 silly fetch manifest postcss-gap-properties@^3.0.5
1122 silly packumentCache full:https://registry.npmjs.org/postcss-gap-properties cache-miss
1123 http cache https://registry.npmjs.org/css-blank-pseudo 66ms (cache hit)
1124 silly packumentCache full:https://registry.npmjs.org/css-blank-pseudo set size:93102 disposed:false
1125 silly fetch manifest postcss-color-hex-alpha@^8.0.4
1126 silly packumentCache full:https://registry.npmjs.org/postcss-color-hex-alpha cache-miss
1127 http cache https://registry.npmjs.org/postcss-page-break 66ms (cache hit)
1128 silly packumentCache full:https://registry.npmjs.org/postcss-page-break set size:22100 disposed:false
1129 silly fetch manifest css-prefers-color-scheme@^6.0.3
1130 silly packumentCache full:https://registry.npmjs.org/css-prefers-color-scheme cache-miss
1131 http cache https://registry.npmjs.org/postcss-custom-media 52ms (cache hit)
1132 silly packumentCache full:https://registry.npmjs.org/postcss-custom-media set size:148984 disposed:false
1133 silly fetch manifest postcss-custom-selectors@^6.0.3
1134 silly packumentCache full:https://registry.npmjs.org/postcss-custom-selectors cache-miss
1135 http cache https://registry.npmjs.org/postcss-env-function 56ms (cache hit)
1136 silly packumentCache full:https://registry.npmjs.org/postcss-env-function set size:59070 disposed:false
1137 silly fetch manifest postcss-dir-pseudo-class@^6.0.5
1138 silly packumentCache full:https://registry.npmjs.org/postcss-dir-pseudo-class cache-miss
1139 http cache https://registry.npmjs.org/postcss-focus-within 53ms (cache hit)
1140 silly packumentCache full:https://registry.npmjs.org/postcss-focus-within set size:73158 disposed:false
1141 silly fetch manifest @csstools/postcss-ic-unit@^1.0.1
1142 silly packumentCache full:https://registry.npmjs.org/@csstools%2fpostcss-ic-unit cache-miss
1143 http cache https://registry.npmjs.org/postcss-font-variant 55ms (cache hit)
1144 silly packumentCache full:https://registry.npmjs.org/postcss-font-variant set size:24538 disposed:false
1145 silly fetch manifest postcss-custom-properties@^12.1.10
1146 silly packumentCache full:https://registry.npmjs.org/postcss-custom-properties cache-miss
1147 http cache https://registry.npmjs.org/postcss-media-minmax 50ms (cache hit)
1148 silly packumentCache full:https://registry.npmjs.org/postcss-media-minmax set size:26786 disposed:false
1149 silly fetch manifest postcss-image-set-function@^4.0.7
1150 silly packumentCache full:https://registry.npmjs.org/postcss-image-set-function cache-miss
1151 http cache https://registry.npmjs.org/postcss-lab-function 55ms (cache hit)
1152 silly packumentCache full:https://registry.npmjs.org/postcss-lab-function set size:189162 disposed:false
1153 silly fetch manifest postcss-opacity-percentage@^1.1.2
1154 silly packumentCache full:https://registry.npmjs.org/postcss-opacity-percentage cache-miss
1155 http cache https://registry.npmjs.org/postcss-focus-visible 50ms (cache hit)
1156 silly packumentCache full:https://registry.npmjs.org/postcss-focus-visible set size:67015 disposed:false
1157 silly fetch manifest postcss-overflow-shorthand@^3.0.4
1158 silly packumentCache full:https://registry.npmjs.org/postcss-overflow-shorthand cache-miss
1159 http cache https://registry.npmjs.org/postcss-selector-not 55ms (cache hit)
1160 silly packumentCache full:https://registry.npmjs.org/postcss-selector-not set size:54015 disposed:false
1161 silly fetch manifest postcss-color-rebeccapurple@^7.1.1
1162 silly packumentCache full:https://registry.npmjs.org/postcss-color-rebeccapurple cache-miss
1163 http cache https://registry.npmjs.org/postcss-color-hex-alpha 45ms (cache hit)
1164 silly packumentCache full:https://registry.npmjs.org/postcss-color-hex-alpha set size:77476 disposed:false
1165 silly fetch manifest @csstools/postcss-nested-calc@^1.0.0
1166 silly packumentCache full:https://registry.npmjs.org/@csstools%2fpostcss-nested-calc cache-miss
1167 http cache https://registry.npmjs.org/postcss-gap-properties 51ms (cache hit)
1168 silly packumentCache full:https://registry.npmjs.org/postcss-gap-properties set size:47202 disposed:false
1169 silly fetch manifest @csstools/postcss-unset-value@^1.0.2
1170 silly packumentCache full:https://registry.npmjs.org/@csstools%2fpostcss-unset-value cache-miss
1171 http cache https://registry.npmjs.org/css-prefers-color-scheme 47ms (cache hit)
1172 silly packumentCache full:https://registry.npmjs.org/css-prefers-color-scheme set size:83953 disposed:false
1173 silly fetch manifest postcss-pseudo-class-any-link@^7.1.6
1174 silly packumentCache full:https://registry.npmjs.org/postcss-pseudo-class-any-link cache-miss
1175 http cache https://registry.npmjs.org/postcss-dir-pseudo-class 44ms (cache hit)
1176 silly packumentCache full:https://registry.npmjs.org/postcss-dir-pseudo-class set size:67672 disposed:false
1177 silly fetch manifest postcss-replace-overflow-wrap@^4.0.0
1178 silly packumentCache full:https://registry.npmjs.org/postcss-replace-overflow-wrap cache-miss
1179 http cache https://registry.npmjs.org/postcss-custom-selectors 51ms (cache hit)
1180 silly packumentCache full:https://registry.npmjs.org/postcss-custom-selectors set size:124740 disposed:false
1181 silly fetch manifest @csstools/postcss-hwb-function@^1.0.2
1182 silly packumentCache full:https://registry.npmjs.org/@csstools%2fpostcss-hwb-function cache-miss
1183 http cache https://registry.npmjs.org/postcss-custom-properties 50ms (cache hit)
1184 silly packumentCache full:https://registry.npmjs.org/postcss-custom-properties set size:279721 disposed:false
1185 silly fetch manifest @csstools/postcss-cascade-layers@^1.1.1
1186 silly packumentCache full:https://registry.npmjs.org/@csstools%2fpostcss-cascade-layers cache-miss
1187 http cache https://registry.npmjs.org/@csstools%2fpostcss-ic-unit 65ms (cache hit)
1188 silly packumentCache full:https://registry.npmjs.org/@csstools%2fpostcss-ic-unit set size:60691 disposed:false
1189 silly fetch manifest @csstools/postcss-color-function@^1.1.1
1190 silly packumentCache full:https://registry.npmjs.org/@csstools%2fpostcss-color-function cache-miss
1191 http cache https://registry.npmjs.org/postcss-image-set-function 62ms (cache hit)
1192 silly packumentCache full:https://registry.npmjs.org/postcss-image-set-function set size:72010 disposed:false
1193 silly fetch manifest @csstools/postcss-oklab-function@^1.1.1
1194 silly packumentCache full:https://registry.npmjs.org/@csstools%2fpostcss-oklab-function cache-miss
1195 http cache https://registry.npmjs.org/postcss-overflow-shorthand 64ms (cache hit)
1196 silly packumentCache full:https://registry.npmjs.org/postcss-overflow-shorthand set size:46723 disposed:false
1197 silly fetch manifest @csstools/postcss-is-pseudo-class@^2.0.7
1198 silly packumentCache full:https://registry.npmjs.org/@csstools%2fpostcss-is-pseudo-class cache-miss
1199 http cache https://registry.npmjs.org/postcss-color-rebeccapurple 68ms (cache hit)
1200 silly packumentCache full:https://registry.npmjs.org/postcss-color-rebeccapurple set size:76868 disposed:false
1201 silly fetch manifest postcss-color-functional-notation@^4.2.4
1202 silly packumentCache full:https://registry.npmjs.org/postcss-color-functional-notation cache-miss
1203 http cache https://registry.npmjs.org/postcss-opacity-percentage 76ms (cache hit)
1204 silly packumentCache full:https://registry.npmjs.org/postcss-opacity-percentage set size:28101 disposed:false
1205 silly fetch manifest postcss-double-position-gradients@^3.1.2
1206 silly packumentCache full:https://registry.npmjs.org/postcss-double-position-gradients cache-miss
1207 http cache https://registry.npmjs.org/@csstools%2fpostcss-nested-calc 100ms (cache hit)
1208 silly packumentCache full:https://registry.npmjs.org/@csstools%2fpostcss-nested-calc set size:30720 disposed:false
1209 silly fetch manifest postcss-attribute-case-insensitive@^5.0.2
1210 silly packumentCache full:https://registry.npmjs.org/postcss-attribute-case-insensitive cache-miss
1211 http cache https://registry.npmjs.org/@csstools%2fpostcss-unset-value 101ms (cache hit)
1212 silly packumentCache full:https://registry.npmjs.org/@csstools%2fpostcss-unset-value set size:32157 disposed:false
1213 silly fetch manifest @csstools/postcss-font-format-keywords@^1.0.1
1214 silly packumentCache full:https://registry.npmjs.org/@csstools%2fpostcss-font-format-keywords cache-miss
1215 http cache https://registry.npmjs.org/postcss-pseudo-class-any-link 102ms (cache hit)
1216 silly packumentCache full:https://registry.npmjs.org/postcss-pseudo-class-any-link set size:87436 disposed:false
1217 silly fetch manifest @csstools/postcss-stepped-value-functions@^1.0.1
1218 silly packumentCache full:https://registry.npmjs.org/@csstools%2fpostcss-stepped-value-functions cache-miss
1219 http cache https://registry.npmjs.org/@csstools%2fpostcss-hwb-function 98ms (cache hit)
1220 silly packumentCache full:https://registry.npmjs.org/@csstools%2fpostcss-hwb-function set size:128151 disposed:false
1221 silly fetch manifest @csstools/postcss-trigonometric-functions@^1.0.2
1222 silly packumentCache full:https://registry.npmjs.org/@csstools%2fpostcss-trigonometric-functions cache-miss
1223 http cache https://registry.npmjs.org/postcss-replace-overflow-wrap 104ms (cache hit)
1224 silly packumentCache full:https://registry.npmjs.org/postcss-replace-overflow-wrap set size:12387 disposed:false
1225 silly fetch manifest @csstools/postcss-normalize-display-values@^1.0.1
1226 silly packumentCache full:https://registry.npmjs.org/@csstools%2fpostcss-normalize-display-values cache-miss
1227 http cache https://registry.npmjs.org/@csstools%2fpostcss-cascade-layers 84ms (cache hit)
1228 silly packumentCache full:https://registry.npmjs.org/@csstools%2fpostcss-cascade-layers set size:86869 disposed:false
1229 silly fetch manifest @csstools/postcss-text-decoration-shorthand@^1.0.0
1230 silly packumentCache full:https://registry.npmjs.org/@csstools%2fpostcss-text-decoration-shorthand cache-miss
1231 http cache https://registry.npmjs.org/@csstools%2fpostcss-color-function 84ms (cache hit)
1232 silly packumentCache full:https://registry.npmjs.org/@csstools%2fpostcss-color-function set size:147052 disposed:false
1233 silly fetch manifest @csstools/postcss-progressive-custom-properties@^1.3.0
1234 silly packumentCache full:https://registry.npmjs.org/@csstools%2fpostcss-progressive-custom-properties cache-miss
1235 http cache https://registry.npmjs.org/@csstools%2fpostcss-oklab-function 81ms (cache hit)
1236 silly packumentCache full:https://registry.npmjs.org/@csstools%2fpostcss-oklab-function set size:139980 disposed:false
1237 silly fetch manifest kleur@^3.0.3
1238 silly packumentCache full:https://registry.npmjs.org/kleur cache-miss
1239 http cache https://registry.npmjs.org/@csstools%2fpostcss-is-pseudo-class 79ms (cache hit)
1240 silly packumentCache full:https://registry.npmjs.org/@csstools%2fpostcss-is-pseudo-class set size:102055 disposed:false
1241 silly fetch manifest sisteransi@^1.0.5
1242 silly packumentCache full:https://registry.npmjs.org/sisteransi cache-miss
1243 http cache https://registry.npmjs.org/postcss-color-functional-notation 80ms (cache hit)
1244 silly packumentCache full:https://registry.npmjs.org/postcss-color-functional-notation set size:157381 disposed:false
1245 silly fetch manifest raf@^3.4.1
1246 silly packumentCache full:https://registry.npmjs.org/raf cache-miss
1247 http cache https://registry.npmjs.org/postcss-double-position-gradients 81ms (cache hit)
1248 silly packumentCache full:https://registry.npmjs.org/postcss-double-position-gradients set size:95564 disposed:false
1249 silly fetch manifest core-js@^3.19.2
1250 silly packumentCache full:https://registry.npmjs.org/core-js cache-miss
1251 http cache https://registry.npmjs.org/@csstools%2fpostcss-font-format-keywords 61ms (cache hit)
1252 silly packumentCache full:https://registry.npmjs.org/@csstools%2fpostcss-font-format-keywords set size:35694 disposed:false
1253 silly fetch manifest promise@^8.1.0
1254 silly packumentCache full:https://registry.npmjs.org/promise cache-miss
1255 http cache https://registry.npmjs.org/@csstools%2fpostcss-trigonometric-functions 56ms (cache hit)
1256 silly packumentCache full:https://registry.npmjs.org/@csstools%2fpostcss-trigonometric-functions set size:94806 disposed:false
1257 silly fetch manifest whatwg-fetch@^3.6.2
1258 silly packumentCache full:https://registry.npmjs.org/whatwg-fetch cache-miss
1259 http cache https://registry.npmjs.org/postcss-attribute-case-insensitive 71ms (cache hit)
1260 silly packumentCache full:https://registry.npmjs.org/postcss-attribute-case-insensitive set size:60603 disposed:false
1261 silly fetch manifest object-assign@^4.1.1
1262 silly packumentCache full:https://registry.npmjs.org/object-assign cache-miss
1263 http cache https://registry.npmjs.org/@csstools%2fpostcss-stepped-value-functions 67ms (cache hit)
1264 silly packumentCache full:https://registry.npmjs.org/@csstools%2fpostcss-stepped-value-functions set size:86634 disposed:false
1265 silly fetch manifest regenerator-runtime@^0.13.9
1266 silly packumentCache full:https://registry.npmjs.org/regenerator-runtime cache-miss
1267 http cache https://registry.npmjs.org/@csstools%2fpostcss-normalize-display-values 67ms (cache hit)
1268 silly packumentCache full:https://registry.npmjs.org/@csstools%2fpostcss-normalize-display-values set size:37866 disposed:false
1269 silly fetch manifest open@^8.4.0
1270 silly packumentCache full:https://registry.npmjs.org/open cache-miss
1271 http cache https://registry.npmjs.org/@csstools%2fpostcss-text-decoration-shorthand 68ms (cache hit)
1272 silly packumentCache full:https://registry.npmjs.org/@csstools%2fpostcss-text-decoration-shorthand set size:81502 disposed:false
1273 silly fetch manifest chalk@^4.1.2
1274 silly packumentCache full:https://registry.npmjs.org/chalk cache-hit
1275 silly fetch manifest immer@^9.0.7
1276 silly packumentCache full:https://registry.npmjs.org/immer cache-miss
1277 http cache https://registry.npmjs.org/kleur 63ms (cache hit)
1278 silly packumentCache full:https://registry.npmjs.org/kleur set size:61853 disposed:false
1279 silly fetch manifest globby@^11.0.4
1280 silly packumentCache full:https://registry.npmjs.org/globby cache-miss
1281 http cache https://registry.npmjs.org/raf 60ms (cache hit)
1282 silly packumentCache full:https://registry.npmjs.org/raf set size:44936 disposed:false
1283 silly fetch manifest pkg-up@^3.1.0
1284 silly packumentCache full:https://registry.npmjs.org/pkg-up cache-miss
1285 http cache https://registry.npmjs.org/@csstools%2fpostcss-progressive-custom-properties 75ms (cache hit)
1286 silly packumentCache full:https://registry.npmjs.org/@csstools%2fpostcss-progressive-custom-properties set size:75625 disposed:false
1287 silly fetch manifest address@^1.1.2
1288 silly packumentCache full:https://registry.npmjs.org/address cache-miss
1289 http cache https://registry.npmjs.org/sisteransi 74ms (cache hit)
1290 silly packumentCache full:https://registry.npmjs.org/sisteransi set size:23215 disposed:false
1291 silly fetch manifest is-root@^2.1.0
1292 silly packumentCache full:https://registry.npmjs.org/is-root cache-miss
1293 http cache https://registry.npmjs.org/core-js 73ms (cache hit)
1294 silly packumentCache full:https://registry.npmjs.org/core-js set size:814557 disposed:false
1295 silly fetch manifest filesize@^8.0.6
1296 silly packumentCache full:https://registry.npmjs.org/filesize cache-miss
1297 http cache https://registry.npmjs.org/object-assign 63ms (cache hit)
1298 silly packumentCache full:https://registry.npmjs.org/object-assign set size:28988 disposed:false
1299 silly fetch manifest gzip-size@^6.0.0
1300 silly packumentCache full:https://registry.npmjs.org/gzip-size cache-miss
1301 http cache https://registry.npmjs.org/whatwg-fetch 70ms (cache hit)
1302 silly packumentCache full:https://registry.npmjs.org/whatwg-fetch set size:120970 disposed:false
1303 silly fetch manifest cross-spawn@^7.0.3
1304 silly packumentCache full:https://registry.npmjs.org/cross-spawn cache-hit
1305 silly fetch manifest shell-quote@^1.7.3
1306 silly packumentCache full:https://registry.npmjs.org/shell-quote cache-miss
1307 http cache https://registry.npmjs.org/promise 81ms (cache hit)
1308 silly packumentCache full:https://registry.npmjs.org/promise set size:112704 disposed:false
1309 silly fetch manifest loader-utils@^3.2.0
1310 silly packumentCache full:https://registry.npmjs.org/loader-utils cache-hit
1311 silly fetch manifest global-modules@^2.0.0
1312 silly packumentCache full:https://registry.npmjs.org/global-modules cache-miss
1313 http cache https://registry.npmjs.org/regenerator-runtime 71ms (cache hit)
1314 silly packumentCache full:https://registry.npmjs.org/regenerator-runtime set size:59671 disposed:false
1315 silly fetch manifest detect-port-alt@^1.1.6
1316 silly packumentCache full:https://registry.npmjs.org/detect-port-alt cache-miss
1317 http cache https://registry.npmjs.org/open 72ms (cache hit)
1318 silly packumentCache full:https://registry.npmjs.org/open set size:136392 disposed:false
1319 silly fetch manifest @babel/code-frame@^7.16.0
1320 silly packumentCache full:https://registry.npmjs.org/@babel%2fcode-frame cache-hit
1321 silly fetch manifest recursive-readdir@^2.2.2
1322 silly packumentCache full:https://registry.npmjs.org/recursive-readdir cache-miss
1323 http cache https://registry.npmjs.org/globby 69ms (cache hit)
1324 silly packumentCache full:https://registry.npmjs.org/globby set size:160568 disposed:false
1325 silly fetch manifest react-error-overlay@^6.0.11
1326 silly packumentCache full:https://registry.npmjs.org/react-error-overlay cache-miss
1327 http cache https://registry.npmjs.org/immer 82ms (cache hit)
1328 silly packumentCache full:https://registry.npmjs.org/immer set size:747136 disposed:false
1329 silly fetch manifest fork-ts-checker-webpack-plugin@^6.5.0
1330 silly packumentCache full:https://registry.npmjs.org/fork-ts-checker-webpack-plugin cache-miss
1331 http cache https://registry.npmjs.org/pkg-up 86ms (cache hit)
1332 silly packumentCache full:https://registry.npmjs.org/pkg-up set size:17633 disposed:false
1333 silly fetch manifest path-parse@^1.0.7
1334 silly packumentCache full:https://registry.npmjs.org/path-parse cache-miss
1335 http cache https://registry.npmjs.org/address 90ms (cache hit)
1336 silly packumentCache full:https://registry.npmjs.org/address set size:47026 disposed:false
1337 silly fetch manifest is-core-module@^2.16.1
1338 silly packumentCache full:https://registry.npmjs.org/is-core-module cache-miss
1339 http cache https://registry.npmjs.org/is-root 86ms (cache hit)
1340 silly packumentCache full:https://registry.npmjs.org/is-root set size:10678 disposed:false
1341 silly fetch manifest supports-preserve-symlinks-flag@^1.0.0
1342 silly packumentCache full:https://registry.npmjs.org/supports-preserve-symlinks-flag cache-miss
1343 http cache https://registry.npmjs.org/filesize 77ms (cache hit)
1344 silly packumentCache full:https://registry.npmjs.org/filesize set size:323605 disposed:false
1345 silly fetch manifest adjust-sourcemap-loader@^4.0.0
1346 silly packumentCache full:https://registry.npmjs.org/adjust-sourcemap-loader cache-miss
1347 http cache https://registry.npmjs.org/global-modules 70ms (cache hit)
1348 silly packumentCache full:https://registry.npmjs.org/global-modules set size:18732 disposed:false
1349 silly fetch manifest convert-source-map@^1.7.0
1350 silly packumentCache full:https://registry.npmjs.org/convert-source-map cache-hit
1351 silly fetch manifest postcss@^7.0.35
1352 silly packumentCache full:https://registry.npmjs.org/postcss cache-hit
1353 silly fetch manifest source-map@0.6.1
1354 silly packumentCache full:https://registry.npmjs.org/source-map cache-hit
1355 silly fetch manifest klona@^2.0.4
1356 silly packumentCache full:https://registry.npmjs.org/klona cache-hit
1357 silly fetch manifest abab@^2.0.5
1358 silly packumentCache full:https://registry.npmjs.org/abab cache-miss
1359 http cache https://registry.npmjs.org/gzip-size 90ms (cache hit)
1360 silly packumentCache full:https://registry.npmjs.org/gzip-size set size:35291 disposed:false
1361 silly fetch manifest iconv-lite@^0.6.3
1362 silly packumentCache full:https://registry.npmjs.org/iconv-lite cache-miss
1363 http cache https://registry.npmjs.org/detect-port-alt 84ms (cache hit)
1364 silly packumentCache full:https://registry.npmjs.org/detect-port-alt set size:9836 disposed:false
1365 silly fetch manifest source-map-js@^1.0.1
1366 silly packumentCache full:https://registry.npmjs.org/source-map-js cache-hit
1367 silly fetch manifest arg@^5.0.2
1368 silly packumentCache full:https://registry.npmjs.org/arg cache-miss
1369 http cache https://registry.npmjs.org/recursive-readdir 84ms (cache hit)
1370 silly packumentCache full:https://registry.npmjs.org/recursive-readdir set size:27476 disposed:false
1371 silly fetch manifest dlv@^1.1.3
1372 silly packumentCache full:https://registry.npmjs.org/dlv cache-miss
1373 http cache https://registry.npmjs.org/shell-quote 101ms (cache hit)
1374 silly packumentCache full:https://registry.npmjs.org/shell-quote set size:61937 disposed:false
1375 silly fetch manifest jiti@^1.21.7
1376 silly packumentCache full:https://registry.npmjs.org/jiti cache-miss
1377 http cache https://registry.npmjs.org/path-parse 65ms (cache hit)
1378 silly packumentCache full:https://registry.npmjs.org/path-parse set size:14523 disposed:false
1379 silly fetch manifest is-glob@^4.0.3
1380 silly packumentCache full:https://registry.npmjs.org/is-glob cache-hit
1381 silly fetch manifest sucrase@^3.35.0
1382 silly packumentCache full:https://registry.npmjs.org/sucrase cache-miss
1383 http cache https://registry.npmjs.org/react-error-overlay 88ms (cache hit)
1384 silly packumentCache full:https://registry.npmjs.org/react-error-overlay set size:296502 disposed:false
1385 silly fetch manifest chokidar@^3.6.0
1386 silly packumentCache full:https://registry.npmjs.org/chokidar cache-miss
1387 http cache https://registry.npmjs.org/fork-ts-checker-webpack-plugin 81ms (cache hit)
1388 silly packumentCache full:https://registry.npmjs.org/fork-ts-checker-webpack-plugin set size:1092702 disposed:false
1389 silly fetch manifest fast-glob@^3.3.2
1390 silly packumentCache full:https://registry.npmjs.org/fast-glob cache-miss
1391 http cache https://registry.npmjs.org/is-core-module 87ms (cache hit)
1392 silly packumentCache full:https://registry.npmjs.org/is-core-module set size:71788 disposed:false
1393 silly fetch manifest lilconfig@^3.1.3
1394 silly packumentCache full:https://registry.npmjs.org/lilconfig cache-miss
1395 http cache https://registry.npmjs.org/supports-preserve-symlinks-flag 89ms (cache hit)
1396 silly packumentCache full:https://registry.npmjs.org/supports-preserve-symlinks-flag set size:6802 disposed:false
1397 silly fetch manifest didyoumean@^1.2.2
1398 silly packumentCache full:https://registry.npmjs.org/didyoumean cache-miss
1399 http cache https://registry.npmjs.org/adjust-sourcemap-loader 84ms (cache hit)
1400 silly packumentCache full:https://registry.npmjs.org/adjust-sourcemap-loader set size:35662 disposed:false
1401 silly fetch manifest micromatch@^4.0.8
1402 silly packumentCache full:https://registry.npmjs.org/micromatch cache-hit
1403 silly fetch manifest postcss-js@^4.0.1
1404 silly packumentCache full:https://registry.npmjs.org/postcss-js cache-miss
1405 http cache https://registry.npmjs.org/iconv-lite 69ms (cache hit)
1406 silly packumentCache full:https://registry.npmjs.org/iconv-lite set size:120557 disposed:false
1407 silly fetch manifest object-hash@^3.0.0
1408 silly packumentCache full:https://registry.npmjs.org/object-hash cache-miss
1409 http cache https://registry.npmjs.org/abab 80ms (cache hit)
1410 silly packumentCache full:https://registry.npmjs.org/abab set size:30406 disposed:false
1411 silly fetch manifest postcss-import@^15.1.0
1412 silly packumentCache full:https://registry.npmjs.org/postcss-import cache-miss
1413 http cache https://registry.npmjs.org/arg 70ms (cache hit)
1414 silly packumentCache full:https://registry.npmjs.org/arg set size:67036 disposed:false
1415 silly fetch manifest postcss-nested@^6.2.0
1416 silly packumentCache full:https://registry.npmjs.org/postcss-nested cache-miss
1417 http cache https://registry.npmjs.org/dlv 70ms (cache hit)
1418 silly packumentCache full:https://registry.npmjs.org/dlv set size:16709 disposed:false
1419 silly fetch manifest @alloc/quick-lru@^5.2.0
1420 silly packumentCache full:https://registry.npmjs.org/@alloc%2fquick-lru cache-miss
1421 http cache https://registry.npmjs.org/jiti 72ms (cache hit)
1422 silly packumentCache full:https://registry.npmjs.org/jiti set size:382310 disposed:false
1423 silly fetch manifest postcss-load-config@^4.0.2 || ^5.0 || ^6.0
1424 silly packumentCache full:https://registry.npmjs.org/postcss-load-config cache-miss
1425 http cache https://registry.npmjs.org/sucrase 78ms (cache hit)
1426 silly packumentCache full:https://registry.npmjs.org/sucrase set size:449399 disposed:false
1427 silly fetch manifest postcss-selector-parser@^6.1.2
1428 silly packumentCache full:https://registry.npmjs.org/postcss-selector-parser cache-miss
1429 http cache https://registry.npmjs.org/chokidar 79ms (cache hit)
1430 silly packumentCache full:https://registry.npmjs.org/chokidar set size:255902 disposed:false
1431 silly fetch manifest terser@^5.31.1
1432 silly packumentCache full:https://registry.npmjs.org/terser cache-miss
1433 http cache https://registry.npmjs.org/fast-glob 71ms (cache hit)
1434 silly packumentCache full:https://registry.npmjs.org/fast-glob set size:220556 disposed:false
1435 silly fetch manifest jest-worker@^27.4.5
1436 silly packumentCache full:https://registry.npmjs.org/jest-worker cache-hit
1437 silly fetch manifest schema-utils@^4.3.0
1438 silly packumentCache full:https://registry.npmjs.org/schema-utils cache-hit
1439 silly fetch manifest @jridgewell/trace-mapping@^0.3.25
1440 silly packumentCache full:https://registry.npmjs.org/@jridgewell%2ftrace-mapping cache-miss
1441 http cache https://registry.npmjs.org/postcss-js 66ms (cache hit)
1442 silly packumentCache full:https://registry.npmjs.org/postcss-js set size:51308 disposed:false
1443 silly fetch manifest ws@^8.13.0
1444 silly packumentCache full:https://registry.npmjs.org/ws cache-miss
1445 http cache https://registry.npmjs.org/lilconfig 76ms (cache hit)
1446 silly packumentCache full:https://registry.npmjs.org/lilconfig set size:45636 disposed:false
1447 silly fetch manifest open@^8.0.9
1448 silly packumentCache full:https://registry.npmjs.org/open cache-hit
1449 silly fetch manifest spdy@^4.0.2
1450 silly packumentCache full:https://registry.npmjs.org/spdy cache-miss
1451 http cache https://registry.npmjs.org/didyoumean 77ms (cache hit)
1452 silly packumentCache full:https://registry.npmjs.org/didyoumean set size:11446 disposed:false
1453 silly fetch manifest rimraf@^3.0.2
1454 silly packumentCache full:https://registry.npmjs.org/rimraf cache-miss
1455 http cache https://registry.npmjs.org/object-hash 68ms (cache hit)
1456 silly packumentCache full:https://registry.npmjs.org/object-hash set size:100564 disposed:false
1457 silly fetch manifest sockjs@^0.3.24
1458 silly packumentCache full:https://registry.npmjs.org/sockjs cache-miss
1459 http cache https://registry.npmjs.org/postcss-nested 67ms (cache hit)
1460 silly packumentCache full:https://registry.npmjs.org/postcss-nested set size:79120 disposed:false
1461 silly fetch manifest express@^4.17.3
1462 silly packumentCache full:https://registry.npmjs.org/express cache-miss
1463 http cache https://registry.npmjs.org/postcss-import 74ms (cache hit)
1464 silly packumentCache full:https://registry.npmjs.org/postcss-import set size:120971 disposed:false
1465 silly fetch manifest p-retry@^4.5.0
1466 silly packumentCache full:https://registry.npmjs.org/p-retry cache-miss
1467 http cache https://registry.npmjs.org/@alloc%2fquick-lru 72ms (cache hit)
1468 silly packumentCache full:https://registry.npmjs.org/@alloc%2fquick-lru set size:7269 disposed:false
1469 silly fetch manifest chokidar@^3.5.3
1470 silly packumentCache full:https://registry.npmjs.org/chokidar cache-hit
1471 silly fetch manifest @types/ws@^8.5.5
1472 silly packumentCache full:https://registry.npmjs.org/@types%2fws cache-miss
1473 http cache https://registry.npmjs.org/postcss-load-config 68ms (cache hit)
1474 silly packumentCache full:https://registry.npmjs.org/postcss-load-config set size:86425 disposed:false
1475 silly fetch manifest colorette@^2.0.10
1476 silly packumentCache full:https://registry.npmjs.org/colorette cache-miss
1477 http cache https://registry.npmjs.org/postcss-selector-parser 63ms (cache hit)
1478 silly packumentCache full:https://registry.npmjs.org/postcss-selector-parser set size:177140 disposed:false
1479 silly fetch manifest ipaddr.js@^2.0.1
1480 silly packumentCache full:https://registry.npmjs.org/ipaddr.js cache-miss
1481 http cache https://registry.npmjs.org/@jridgewell%2ftrace-mapping 54ms (cache hit)
1482 silly packumentCache full:https://registry.npmjs.org/@jridgewell%2ftrace-mapping set size:170909 disposed:false
1483 silly fetch manifest selfsigned@^2.1.1
1484 silly packumentCache full:https://registry.npmjs.org/selfsigned cache-miss
1485 http cache https://registry.npmjs.org/terser 67ms (cache hit)
1486 silly packumentCache full:https://registry.npmjs.org/terser set size:789927 disposed:false
1487 silly fetch manifest compression@^1.7.4
1488 silly packumentCache full:https://registry.npmjs.org/compression cache-miss
1489 http cache https://registry.npmjs.org/ws 64ms (cache hit)
1490 silly packumentCache full:https://registry.npmjs.org/ws set size:415737 disposed:false
1491 silly fetch manifest graceful-fs@^4.2.6
1492 silly packumentCache full:https://registry.npmjs.org/graceful-fs cache-hit
1493 silly fetch manifest serve-index@^1.9.1
1494 silly packumentCache full:https://registry.npmjs.org/serve-index cache-miss
1495 http cache https://registry.npmjs.org/spdy 71ms (cache hit)
1496 silly packumentCache full:https://registry.npmjs.org/spdy set size:358688 disposed:false
1497 silly fetch manifest @types/sockjs@^0.3.33
1498 silly packumentCache full:https://registry.npmjs.org/@types%2fsockjs cache-miss
1499 http cache https://registry.npmjs.org/rimraf 76ms (cache hit)
1500 silly packumentCache full:https://registry.npmjs.org/rimraf set size:212626 disposed:false
1501 silly fetch manifest html-entities@^2.3.2
1502 silly packumentCache full:https://registry.npmjs.org/html-entities cache-hit
1503 silly fetch manifest launch-editor@^2.6.0
1504 silly packumentCache full:https://registry.npmjs.org/launch-editor cache-miss
1505 http cache https://registry.npmjs.org/sockjs 74ms (cache hit)
1506 silly packumentCache full:https://registry.npmjs.org/sockjs set size:78786 disposed:false
1507 silly fetch manifest @types/bonjour@^3.5.9
1508 silly packumentCache full:https://registry.npmjs.org/@types%2fbonjour cache-miss
1509 http cache https://registry.npmjs.org/express 85ms (cache hit)
1510 silly packumentCache full:https://registry.npmjs.org/express set size:801257 disposed:false
1511 silly fetch manifest @types/express@^4.17.13
1512 silly packumentCache full:https://registry.npmjs.org/@types%2fexpress cache-miss
1513 http cache https://registry.npmjs.org/p-retry 94ms (cache hit)
1514 silly packumentCache full:https://registry.npmjs.org/p-retry set size:72148 disposed:false
1515 silly fetch manifest bonjour-service@^1.0.11
1516 silly packumentCache full:https://registry.npmjs.org/bonjour-service cache-miss
1517 http cache https://registry.npmjs.org/@types%2fws 93ms (cache hit)
1518 silly packumentCache full:https://registry.npmjs.org/@types%2fws set size:167959 disposed:false
1519 silly fetch manifest default-gateway@^6.0.3
1520 silly packumentCache full:https://registry.npmjs.org/default-gateway cache-miss
1521 http cache https://registry.npmjs.org/selfsigned 84ms (cache hit)
1522 silly packumentCache full:https://registry.npmjs.org/selfsigned set size:100477 disposed:false
1523 silly fetch manifest @types/serve-index@^1.9.1
1524 silly packumentCache full:https://registry.npmjs.org/@types%2fserve-index cache-miss
1525 http cache https://registry.npmjs.org/ipaddr.js 92ms (cache hit)
1526 silly packumentCache full:https://registry.npmjs.org/ipaddr.js set size:67857 disposed:false
1527 silly fetch manifest @types/serve-static@^1.13.10
1528 silly packumentCache full:https://registry.npmjs.org/@types%2fserve-static cache-miss
1529 http cache https://registry.npmjs.org/colorette 98ms (cache hit)
1530 silly packumentCache full:https://registry.npmjs.org/colorette set size:92733 disposed:false
1531 silly fetch manifest ansi-html-community@^0.0.8
1532 silly packumentCache full:https://registry.npmjs.org/ansi-html-community cache-miss
1533 http cache https://registry.npmjs.org/compression 92ms (cache hit)
1534 silly packumentCache full:https://registry.npmjs.org/compression set size:98448 disposed:false
1535 silly fetch manifest http-proxy-middleware@^2.0.3
1536 silly packumentCache full:https://registry.npmjs.org/http-proxy-middleware cache-miss
1537 http cache https://registry.npmjs.org/@types%2fsockjs 83ms (cache hit)
1538 silly packumentCache full:https://registry.npmjs.org/@types%2fsockjs set size:29384 disposed:false
1539 silly fetch manifest webpack-dev-middleware@^5.3.4
1540 silly packumentCache full:https://registry.npmjs.org/webpack-dev-middleware cache-miss
1541 http cache https://registry.npmjs.org/serve-index 93ms (cache hit)
1542 silly packumentCache full:https://registry.npmjs.org/serve-index set size:70731 disposed:false
1543 silly fetch manifest connect-history-api-fallback@^2.0.0
1544 silly packumentCache full:https://registry.npmjs.org/connect-history-api-fallback cache-miss
1545 http cache https://registry.npmjs.org/launch-editor 84ms (cache hit)
1546 silly packumentCache full:https://registry.npmjs.org/launch-editor set size:42095 disposed:false
1547 silly fetch manifest @types/connect-history-api-fallback@^1.3.5
1548 silly packumentCache full:https://registry.npmjs.org/@types%2fconnect-history-api-fallback cache-miss
1549 http cache https://registry.npmjs.org/@types%2fbonjour 79ms (cache hit)
1550 silly packumentCache full:https://registry.npmjs.org/@types%2fbonjour set size:24290 disposed:false
1551 silly fetch manifest webpack-sources@^2.2.0
1552 silly packumentCache full:https://registry.npmjs.org/webpack-sources cache-hit
1553 silly fetch manifest upath@^1.2.0
1554 silly packumentCache full:https://registry.npmjs.org/upath cache-miss
1555 http cache https://registry.npmjs.org/@types%2fexpress 88ms (cache hit)
1556 silly packumentCache full:https://registry.npmjs.org/@types%2fexpress set size:111364 disposed:false
1557 silly fetch manifest pretty-bytes@^5.4.1
1558 silly packumentCache full:https://registry.npmjs.org/pretty-bytes cache-miss
1559 http cache https://registry.npmjs.org/bonjour-service 95ms (cache hit)
1560 silly packumentCache full:https://registry.npmjs.org/bonjour-service set size:59755 disposed:false
1561 silly fetch manifest workbox-build@6.6.0
1562 silly packumentCache full:https://registry.npmjs.org/workbox-build cache-miss
1563 http cache https://registry.npmjs.org/@types%2fserve-index 94ms (cache hit)
1564 silly packumentCache full:https://registry.npmjs.org/@types%2fserve-index set size:29301 disposed:false
1565 silly fetch manifest webpack-sources@^1.4.3
1566 silly packumentCache full:https://registry.npmjs.org/webpack-sources cache-hit
1567 silly fetch manifest fast-json-stable-stringify@^2.1.0
1568 silly packumentCache full:https://registry.npmjs.org/fast-json-stable-stringify cache-miss
1569 http cache https://registry.npmjs.org/default-gateway 103ms (cache hit)
1570 silly packumentCache full:https://registry.npmjs.org/default-gateway set size:110170 disposed:false
1571 http cache https://registry.npmjs.org/@types%2fserve-static 101ms (cache hit)
1572 silly packumentCache full:https://registry.npmjs.org/@types%2fserve-static set size:70859 disposed:false
1573 http cache https://registry.npmjs.org/ansi-html-community 110ms (cache hit)
1574 silly packumentCache full:https://registry.npmjs.org/ansi-html-community set size:4862 disposed:false
1575 http cache https://registry.npmjs.org/http-proxy-middleware 99ms (cache hit)
1576 silly packumentCache full:https://registry.npmjs.org/http-proxy-middleware set size:302765 disposed:false
1577 http cache https://registry.npmjs.org/connect-history-api-fallback 95ms (cache hit)
1578 silly packumentCache full:https://registry.npmjs.org/connect-history-api-fallback set size:30068 disposed:false
1579 http cache https://registry.npmjs.org/webpack-dev-middleware 103ms (cache hit)
1580 silly packumentCache full:https://registry.npmjs.org/webpack-dev-middleware set size:378853 disposed:false
1581 http cache https://registry.npmjs.org/@types%2fconnect-history-api-fallback 108ms (cache hit)
1582 silly packumentCache full:https://registry.npmjs.org/@types%2fconnect-history-api-fallback set size:23738 disposed:false
1583 http cache https://registry.npmjs.org/upath 105ms (cache hit)
1584 silly packumentCache full:https://registry.npmjs.org/upath set size:70791 disposed:false
1585 http cache https://registry.npmjs.org/fast-json-stable-stringify 57ms (cache hit)
1586 silly packumentCache full:https://registry.npmjs.org/fast-json-stable-stringify set size:11337 disposed:false
1587 http cache https://registry.npmjs.org/pretty-bytes 73ms (cache hit)
1588 silly packumentCache full:https://registry.npmjs.org/pretty-bytes set size:64558 disposed:false
1589 http cache https://registry.npmjs.org/workbox-build 66ms (cache hit)
1590 silly packumentCache full:https://registry.npmjs.org/workbox-build set size:329498 disposed:false
1591 silly fetch manifest @babel/core@^7.0.0
1592 silly packumentCache full:https://registry.npmjs.org/@babel%2fcore cache-hit
1593 silly placeDep ROOT @babel/code-frame@7.29.0 OK for: @babel/core@7.29.0 want: ^7.29.0
1594 silly placeDep ROOT @babel/generator@7.29.1 OK for: @babel/core@7.29.0 want: ^7.29.0
1595 silly placeDep ROOT @babel/helper-compilation-targets@7.28.6 OK for: @babel/core@7.29.0 want: ^7.28.6
1596 silly placeDep ROOT @babel/helper-module-transforms@7.28.6 OK for: @babel/core@7.29.0 want: ^7.28.6
1597 silly placeDep ROOT @babel/helpers@7.29.2 OK for: @babel/core@7.29.0 want: ^7.28.6
1598 silly placeDep ROOT @babel/parser@7.29.2 OK for: @babel/core@7.29.0 want: ^7.29.0
1599 silly placeDep ROOT @babel/template@7.28.6 OK for: @babel/core@7.29.0 want: ^7.28.6
1600 silly placeDep ROOT @babel/traverse@7.29.0 OK for: @babel/core@7.29.0 want: ^7.29.0
1601 silly placeDep ROOT @babel/types@7.29.0 OK for: @babel/core@7.29.0 want: ^7.29.0
1602 silly placeDep ROOT @jridgewell/remapping@2.3.5 OK for: @babel/core@7.29.0 want: ^2.3.5
1603 silly placeDep ROOT convert-source-map@2.0.0 OK for: @babel/core@7.29.0 want: ^2.0.0
1604 silly placeDep ROOT debug@4.4.3 OK for: @babel/core@7.29.0 want: ^4.1.0
1605 silly placeDep ROOT gensync@1.0.0-beta.2 OK for: @babel/core@7.29.0 want: ^1.0.0-beta.2
1606 silly placeDep ROOT json5@2.2.3 OK for: @babel/core@7.29.0 want: ^2.2.3
1607 silly placeDep node_modules/@babel/core semver@6.3.1 OK for: @babel/core@7.29.0 want: ^6.3.1
1608 silly fetch manifest @babel/helper-validator-identifier@^7.28.5
1609 silly packumentCache full:https://registry.npmjs.org/@babel%2fhelper-validator-identifier cache-miss
1610 silly fetch manifest jsesc@^3.0.2
1611 silly packumentCache full:https://registry.npmjs.org/jsesc cache-miss
1612 silly fetch manifest @jridgewell/gen-mapping@^0.3.12
1613 silly packumentCache full:https://registry.npmjs.org/@jridgewell%2fgen-mapping cache-miss
1614 silly fetch manifest @jridgewell/trace-mapping@^0.3.28
1615 silly packumentCache full:https://registry.npmjs.org/@jridgewell%2ftrace-mapping cache-hit
1616 silly fetch manifest lru-cache@^5.1.1
1617 silly packumentCache full:https://registry.npmjs.org/lru-cache cache-miss
1618 silly fetch manifest @babel/compat-data@^7.28.6
1619 silly packumentCache full:https://registry.npmjs.org/@babel%2fcompat-data cache-miss
1620 silly fetch manifest @babel/helper-validator-option@^7.27.1
1621 silly packumentCache full:https://registry.npmjs.org/@babel%2fhelper-validator-option cache-miss
1622 silly fetch manifest @babel/traverse@^7.28.6
1623 silly packumentCache full:https://registry.npmjs.org/@babel%2ftraverse cache-hit
1624 silly fetch manifest @babel/helper-module-imports@^7.28.6
1625 silly packumentCache full:https://registry.npmjs.org/@babel%2fhelper-module-imports cache-miss
1626 silly fetch manifest @babel/helper-validator-identifier@^7.28.5
1627 silly packumentCache full:https://registry.npmjs.org/@babel%2fhelper-validator-identifier cache-miss
1628 silly fetch manifest @babel/types@^7.28.6
1629 silly packumentCache full:https://registry.npmjs.org/@babel%2ftypes cache-hit
1630 silly fetch manifest debug@^4.3.1
1631 silly packumentCache full:https://registry.npmjs.org/debug cache-hit
1632 silly fetch manifest @babel/helper-globals@^7.28.0
1633 silly packumentCache full:https://registry.npmjs.org/@babel%2fhelper-globals cache-miss
1634 silly fetch manifest @babel/helper-string-parser@^7.27.1
1635 silly packumentCache full:https://registry.npmjs.org/@babel%2fhelper-string-parser cache-miss
1636 silly fetch manifest @babel/helper-validator-identifier@^7.28.5
1637 silly packumentCache full:https://registry.npmjs.org/@babel%2fhelper-validator-identifier cache-miss
1638 http cache https://registry.npmjs.org/lru-cache 33ms (cache hit)
1639 silly packumentCache full:https://registry.npmjs.org/lru-cache set size:432407 disposed:false
1640 silly fetch manifest @jridgewell/gen-mapping@^0.3.5
1641 silly packumentCache full:https://registry.npmjs.org/@jridgewell%2fgen-mapping cache-miss
1642 http cache https://registry.npmjs.org/@babel%2fhelper-validator-option 39ms (cache hit)
1643 silly packumentCache full:https://registry.npmjs.org/@babel%2fhelper-validator-option set size:92248 disposed:false
1644 silly fetch manifest @jridgewell/trace-mapping@^0.3.24
1645 silly packumentCache full:https://registry.npmjs.org/@jridgewell%2ftrace-mapping cache-hit
1646 silly fetch manifest ms@^2.1.3
1647 silly packumentCache full:https://registry.npmjs.org/ms cache-miss
1648 http cache https://registry.npmjs.org/@jridgewell%2fgen-mapping 46ms (cache hit)
1649 silly packumentCache full:https://registry.npmjs.org/@jridgewell%2fgen-mapping set size:80719 disposed:false
1650 http cache https://registry.npmjs.org/@babel%2fhelper-validator-identifier 51ms (cache hit)
1651 silly packumentCache full:https://registry.npmjs.org/@babel%2fhelper-validator-identifier set size:116299 disposed:false
1652 http cache https://registry.npmjs.org/jsesc 54ms (cache hit)
1653 silly packumentCache full:https://registry.npmjs.org/jsesc set size:61512 disposed:false
1654 http cache https://registry.npmjs.org/@babel%2fcompat-data 55ms (cache hit)
1655 silly packumentCache full:https://registry.npmjs.org/@babel%2fcompat-data set size:305632 disposed:false
1656 http cache https://registry.npmjs.org/@babel%2fhelper-module-imports 58ms (cache hit)
1657 silly packumentCache full:https://registry.npmjs.org/@babel%2fhelper-module-imports set size:193449 disposed:false
1658 http cache https://registry.npmjs.org/@babel%2fhelper-validator-identifier 59ms (cache hit)
1659 silly packumentCache full:https://registry.npmjs.org/@babel%2fhelper-validator-identifier set size:116299 disposed:false
1660 silly packumentCache full:https://registry.npmjs.org/@babel%2fhelper-validator-identifier dispose
1661 http cache https://registry.npmjs.org/@babel%2fhelper-globals 59ms (cache hit)
1662 silly packumentCache full:https://registry.npmjs.org/@babel%2fhelper-globals set size:15475 disposed:false
1663 http cache https://registry.npmjs.org/@babel%2fhelper-string-parser 60ms (cache hit)
1664 silly packumentCache full:https://registry.npmjs.org/@babel%2fhelper-string-parser set size:82028 disposed:false
1665 http cache https://registry.npmjs.org/@babel%2fhelper-validator-identifier 62ms (cache hit)
1666 silly packumentCache full:https://registry.npmjs.org/@babel%2fhelper-validator-identifier set size:116299 disposed:true
1667 silly packumentCache full:https://registry.npmjs.org/@babel%2fhelper-validator-identifier dispose
1668 http cache https://registry.npmjs.org/@jridgewell%2fgen-mapping 35ms (cache hit)
1669 silly packumentCache full:https://registry.npmjs.org/@jridgewell%2fgen-mapping set size:80719 disposed:false
1670 silly packumentCache full:https://registry.npmjs.org/@jridgewell%2fgen-mapping dispose
1671 http cache https://registry.npmjs.org/ms 32ms (cache hit)
1672 silly packumentCache full:https://registry.npmjs.org/ms set size:92208 disposed:false
1673 silly placeDep ROOT @babel/helper-validator-identifier@7.28.5 OK for: @babel/code-frame@7.29.0 want: ^7.28.5
1674 silly placeDep ROOT picocolors@1.1.1 OK for: @babel/code-frame@7.29.0 want: ^1.1.1
1675 silly placeDep ROOT @jridgewell/gen-mapping@0.3.13 OK for: @babel/generator@7.29.1 want: ^0.3.12
1676 silly placeDep ROOT @jridgewell/trace-mapping@0.3.31 OK for: @babel/generator@7.29.1 want: ^0.3.28
1677 silly placeDep ROOT jsesc@3.1.0 OK for: @babel/generator@7.29.1 want: ^3.0.2
1678 silly fetch manifest @jridgewell/sourcemap-codec@^1.5.0
1679 silly packumentCache full:https://registry.npmjs.org/@jridgewell%2fsourcemap-codec cache-miss
1680 silly fetch manifest @jridgewell/resolve-uri@^3.1.0
1681 silly packumentCache full:https://registry.npmjs.org/@jridgewell%2fresolve-uri cache-miss
1682 silly fetch manifest @jridgewell/sourcemap-codec@^1.4.14
1683 silly packumentCache full:https://registry.npmjs.org/@jridgewell%2fsourcemap-codec cache-miss
1684 http cache https://registry.npmjs.org/@jridgewell%2fsourcemap-codec 13ms (cache hit)
1685 silly packumentCache full:https://registry.npmjs.org/@jridgewell%2fsourcemap-codec set size:59275 disposed:false
1686 http cache https://registry.npmjs.org/@jridgewell%2fsourcemap-codec 16ms (cache hit)
1687 silly packumentCache full:https://registry.npmjs.org/@jridgewell%2fsourcemap-codec set size:59275 disposed:false
1688 silly packumentCache full:https://registry.npmjs.org/@jridgewell%2fsourcemap-codec dispose
1689 http cache https://registry.npmjs.org/@jridgewell%2fresolve-uri 16ms (cache hit)
1690 silly packumentCache full:https://registry.npmjs.org/@jridgewell%2fresolve-uri set size:57361 disposed:false
1691 silly placeDep ROOT @babel/compat-data@7.29.0 OK for: @babel/helper-compilation-targets@7.28.6 want: ^7.28.6
1692 silly placeDep ROOT @babel/helper-validator-option@7.27.1 OK for: @babel/helper-compilation-targets@7.28.6 want: ^7.27.1
1693 silly placeDep ROOT lru-cache@5.1.1 OK for: @babel/helper-compilation-targets@7.28.6 want: ^5.1.1
1694 silly placeDep node_modules/@babel/helper-compilation-targets semver@6.3.1 OK for: @babel/helper-compilation-targets@7.28.6 want: ^6.3.1
1695 silly fetch manifest yallist@^3.0.2
1696 silly packumentCache full:https://registry.npmjs.org/yallist cache-miss
1697 http cache https://registry.npmjs.org/yallist 16ms (cache hit)
1698 silly packumentCache full:https://registry.npmjs.org/yallist set size:34610 disposed:false
1699 silly placeDep ROOT @babel/helper-module-imports@7.28.6 OK for: @babel/helper-module-transforms@7.28.6 want: ^7.28.6
1700 silly placeDep ROOT @babel/helper-globals@7.28.0 OK for: @babel/traverse@7.29.0 want: ^7.28.0
1701 silly placeDep ROOT @babel/helper-string-parser@7.27.1 OK for: @babel/types@7.29.0 want: ^7.27.1
1702 silly placeDep ROOT @jridgewell/sourcemap-codec@1.5.5 OK for: @jridgewell/gen-mapping@0.3.13 want: ^1.5.0
1703 silly placeDep ROOT @jridgewell/resolve-uri@3.1.2 OK for: @jridgewell/trace-mapping@0.3.31 want: ^3.1.0
1704 silly placeDep ROOT ansi-html@0.0.9 OK for: @pmmmwh/react-refresh-webpack-plugin@0.5.17 want: ^0.0.9
1705 silly placeDep ROOT core-js-pure@3.49.0 OK for: @pmmmwh/react-refresh-webpack-plugin@0.5.17 want: ^3.23.3
1706 silly placeDep ROOT error-stack-parser@2.1.4 OK for: @pmmmwh/react-refresh-webpack-plugin@0.5.17 want: ^2.0.6
1707 silly placeDep ROOT html-entities@2.6.0 OK for: @pmmmwh/react-refresh-webpack-plugin@0.5.17 want: ^2.1.0
1708 silly placeDep ROOT loader-utils@2.0.4 OK for: @pmmmwh/react-refresh-webpack-plugin@0.5.17 want: ^2.0.4
1709 silly placeDep ROOT schema-utils@4.3.3 OK for: @pmmmwh/react-refresh-webpack-plugin@0.5.17 want: ^4.2.0
1710 silly placeDep ROOT source-map@0.7.6 OK for: @pmmmwh/react-refresh-webpack-plugin@0.5.17 want: ^0.7.3
1711 silly fetch manifest stackframe@^1.3.4
1712 silly packumentCache full:https://registry.npmjs.org/stackframe cache-miss
1713 silly fetch manifest big.js@^5.2.2
1714 silly packumentCache full:https://registry.npmjs.org/big.js cache-miss
1715 silly fetch manifest emojis-list@^3.0.0
1716 silly packumentCache full:https://registry.npmjs.org/emojis-list cache-miss
1717 silly fetch manifest ajv@^8.9.0
1718 silly packumentCache full:https://registry.npmjs.org/ajv cache-miss
1719 silly fetch manifest ajv-formats@^2.1.1
1720 silly packumentCache full:https://registry.npmjs.org/ajv-formats cache-miss
1721 silly fetch manifest ajv-keywords@^5.1.0
1722 silly packumentCache full:https://registry.npmjs.org/ajv-keywords cache-miss
1723 silly fetch manifest @types/json-schema@^7.0.9
1724 silly packumentCache full:https://registry.npmjs.org/@types%2fjson-schema cache-hit
1725 http cache https://registry.npmjs.org/emojis-list 24ms (cache hit)
1726 silly packumentCache full:https://registry.npmjs.org/emojis-list set size:17790 disposed:false
1727 http cache https://registry.npmjs.org/big.js 26ms (cache hit)
1728 silly packumentCache full:https://registry.npmjs.org/big.js set size:75813 disposed:false
1729 http cache https://registry.npmjs.org/stackframe 30ms (cache hit)
1730 silly packumentCache full:https://registry.npmjs.org/stackframe set size:54134 disposed:false
1731 http cache https://registry.npmjs.org/ajv-formats 30ms (cache hit)
1732 silly packumentCache full:https://registry.npmjs.org/ajv-formats set size:141264 disposed:false
1733 http cache https://registry.npmjs.org/ajv 35ms (cache hit)
1734 silly packumentCache full:https://registry.npmjs.org/ajv set size:1120197 disposed:false
1735 http cache https://registry.npmjs.org/ajv-keywords 44ms (cache hit)
1736 silly packumentCache full:https://registry.npmjs.org/ajv-keywords set size:310004 disposed:false
1737 silly fetch manifest @babel/core@^7.12.3
1738 silly packumentCache full:https://registry.npmjs.org/@babel%2fcore cache-hit
1739 silly placeDep ROOT @babel/plugin-transform-react-constant-elements@7.27.1 OK for: @svgr/webpack@5.5.0 want: ^7.12.1
1740 silly placeDep ROOT @babel/preset-env@7.29.2 OK for: @svgr/webpack@5.5.0 want: ^7.12.1
1741 silly placeDep ROOT @babel/preset-react@7.28.5 OK for: @svgr/webpack@5.5.0 want: ^7.12.5
1742 silly placeDep ROOT @svgr/core@5.5.0 OK for: @svgr/webpack@5.5.0 want: ^5.5.0
1743 silly placeDep ROOT @svgr/plugin-jsx@5.5.0 OK for: @svgr/webpack@5.5.0 want: ^5.5.0
1744 silly placeDep ROOT @svgr/plugin-svgo@5.5.0 OK for: @svgr/webpack@5.5.0 want: ^5.5.0
1745 silly fetch manifest @babel/helper-plugin-utils@^7.27.1
1746 silly packumentCache full:https://registry.npmjs.org/@babel%2fhelper-plugin-utils cache-miss
1747 silly fetch manifest @babel/helper-plugin-utils@^7.28.6
1748 silly packumentCache full:https://registry.npmjs.org/@babel%2fhelper-plugin-utils cache-miss
1749 silly fetch manifest @babel/plugin-bugfix-firefox-class-in-computed-class-key@^7.28.5
1750 silly packumentCache full:https://registry.npmjs.org/@babel%2fplugin-bugfix-firefox-class-in-computed-class-key cache-miss
1751 silly fetch manifest @babel/plugin-bugfix-safari-class-field-initializer-scope@^7.27.1
1752 silly packumentCache full:https://registry.npmjs.org/@babel%2fplugin-bugfix-safari-class-field-initializer-scope cache-miss
1753 silly fetch manifest @babel/plugin-bugfix-safari-id-destructuring-collision-in-function-expression@^7.27.1
1754 silly packumentCache full:https://registry.npmjs.org/@babel%2fplugin-bugfix-safari-id-destructuring-collision-in-function-expression cache-miss
1755 silly fetch manifest @babel/plugin-bugfix-v8-spread-parameters-in-optional-chaining@^7.27.1
1756 silly packumentCache full:https://registry.npmjs.org/@babel%2fplugin-bugfix-v8-spread-parameters-in-optional-chaining cache-miss
1757 silly fetch manifest @babel/plugin-bugfix-v8-static-class-fields-redefine-readonly@^7.28.6
1758 silly packumentCache full:https://registry.npmjs.org/@babel%2fplugin-bugfix-v8-static-class-fields-redefine-readonly cache-miss
1759 silly fetch manifest @babel/plugin-proposal-private-property-in-object@7.21.0-placeholder-for-preset-env.2
1760 silly packumentCache full:https://registry.npmjs.org/@babel%2fplugin-proposal-private-property-in-object cache-hit
1761 silly fetch manifest @babel/plugin-syntax-import-assertions@^7.28.6
1762 silly packumentCache full:https://registry.npmjs.org/@babel%2fplugin-syntax-import-assertions cache-miss
1763 silly fetch manifest @babel/plugin-syntax-import-attributes@^7.28.6
1764 silly packumentCache full:https://registry.npmjs.org/@babel%2fplugin-syntax-import-attributes cache-miss
1765 silly fetch manifest @babel/plugin-syntax-unicode-sets-regex@^7.18.6
1766 silly packumentCache full:https://registry.npmjs.org/@babel%2fplugin-syntax-unicode-sets-regex cache-miss
1767 silly fetch manifest @babel/plugin-transform-arrow-functions@^7.27.1
1768 silly packumentCache full:https://registry.npmjs.org/@babel%2fplugin-transform-arrow-functions cache-miss
1769 http cache https://registry.npmjs.org/@babel%2fhelper-plugin-utils 42ms (cache hit)
1770 silly packumentCache full:https://registry.npmjs.org/@babel%2fhelper-plugin-utils set size:163951 disposed:false
1771 silly fetch manifest @babel/plugin-transform-async-generator-functions@^7.29.0
1772 silly packumentCache full:https://registry.npmjs.org/@babel%2fplugin-transform-async-generator-functions cache-miss
1773 http cache https://registry.npmjs.org/@babel%2fhelper-plugin-utils 47ms (cache hit)
1774 silly packumentCache full:https://registry.npmjs.org/@babel%2fhelper-plugin-utils set size:163951 disposed:false
1775 silly packumentCache full:https://registry.npmjs.org/@babel%2fhelper-plugin-utils dispose
1776 silly fetch manifest @babel/plugin-transform-async-to-generator@^7.28.6
1777 silly packumentCache full:https://registry.npmjs.org/@babel%2fplugin-transform-async-to-generator cache-miss
1778 http cache https://registry.npmjs.org/@babel%2fplugin-bugfix-firefox-class-in-computed-class-key 51ms (cache hit)
1779 silly packumentCache full:https://registry.npmjs.org/@babel%2fplugin-bugfix-firefox-class-in-computed-class-key set size:64505 disposed:false
1780 silly fetch manifest @babel/plugin-transform-block-scoped-functions@^7.27.1
1781 silly packumentCache full:https://registry.npmjs.org/@babel%2fplugin-transform-block-scoped-functions cache-miss
1782 http cache https://registry.npmjs.org/@babel%2fplugin-bugfix-safari-class-field-initializer-scope 53ms (cache hit)
1783 silly packumentCache full:https://registry.npmjs.org/@babel%2fplugin-bugfix-safari-class-field-initializer-scope set size:41504 disposed:false
1784 silly fetch manifest @babel/plugin-transform-block-scoping@^7.28.6
1785 silly packumentCache full:https://registry.npmjs.org/@babel%2fplugin-transform-block-scoping cache-miss
1786 http cache https://registry.npmjs.org/@babel%2fplugin-bugfix-safari-id-destructuring-collision-in-function-expression 55ms (cache hit)
1787 silly packumentCache full:https://registry.npmjs.org/@babel%2fplugin-bugfix-safari-id-destructuring-collision-in-function-expression set size:118949 disposed:false
1788 silly fetch manifest @babel/plugin-transform-class-properties@^7.28.6
1789 silly packumentCache full:https://registry.npmjs.org/@babel%2fplugin-transform-class-properties cache-miss
1790 http cache https://registry.npmjs.org/@babel%2fplugin-syntax-import-attributes 56ms (cache hit)
1791 silly packumentCache full:https://registry.npmjs.org/@babel%2fplugin-syntax-import-attributes set size:71194 disposed:false
1792 silly fetch manifest @babel/plugin-transform-class-static-block@^7.28.6
1793 silly packumentCache full:https://registry.npmjs.org/@babel%2fplugin-transform-class-static-block cache-miss
1794 http cache https://registry.npmjs.org/@babel%2fplugin-bugfix-v8-static-class-fields-redefine-readonly 60ms (cache hit)
1795 silly packumentCache full:https://registry.npmjs.org/@babel%2fplugin-bugfix-v8-static-class-fields-redefine-readonly set size:73973 disposed:false
1796 silly fetch manifest @babel/plugin-transform-classes@^7.28.6
1797 silly packumentCache full:https://registry.npmjs.org/@babel%2fplugin-transform-classes cache-miss
1798 http cache https://registry.npmjs.org/@babel%2fplugin-bugfix-v8-spread-parameters-in-optional-chaining 63ms (cache hit)
1799 silly packumentCache full:https://registry.npmjs.org/@babel%2fplugin-bugfix-v8-spread-parameters-in-optional-chaining set size:133975 disposed:false
1800 silly fetch manifest @babel/plugin-transform-computed-properties@^7.28.6
1801 silly packumentCache full:https://registry.npmjs.org/@babel%2fplugin-transform-computed-properties cache-miss
1802 http cache https://registry.npmjs.org/@babel%2fplugin-syntax-import-assertions 64ms (cache hit)
1803 silly packumentCache full:https://registry.npmjs.org/@babel%2fplugin-syntax-import-assertions set size:103172 disposed:false
1804 silly fetch manifest @babel/plugin-transform-destructuring@^7.28.5
1805 silly packumentCache full:https://registry.npmjs.org/@babel%2fplugin-transform-destructuring cache-miss
1806 http cache https://registry.npmjs.org/@babel%2fplugin-syntax-unicode-sets-regex 66ms (cache hit)
1807 silly packumentCache full:https://registry.npmjs.org/@babel%2fplugin-syntax-unicode-sets-regex set size:22903 disposed:false
1808 silly fetch manifest @babel/plugin-transform-dotall-regex@^7.28.6
1809 silly packumentCache full:https://registry.npmjs.org/@babel%2fplugin-transform-dotall-regex cache-miss
1810 http cache https://registry.npmjs.org/@babel%2fplugin-transform-arrow-functions 66ms (cache hit)
1811 silly packumentCache full:https://registry.npmjs.org/@babel%2fplugin-transform-arrow-functions set size:205700 disposed:false
1812 silly fetch manifest @babel/plugin-transform-duplicate-keys@^7.27.1
1813 silly packumentCache full:https://registry.npmjs.org/@babel%2fplugin-transform-duplicate-keys cache-miss
1814 http cache https://registry.npmjs.org/@babel%2fplugin-transform-block-scoped-functions 48ms (cache hit)
1815 silly packumentCache full:https://registry.npmjs.org/@babel%2fplugin-transform-block-scoped-functions set size:199948 disposed:false
1816 silly fetch manifest @babel/plugin-transform-duplicate-named-capturing-groups-regex@^7.29.0
1817 silly packumentCache full:https://registry.npmjs.org/@babel%2fplugin-transform-duplicate-named-capturing-groups-regex cache-miss
1818 http cache https://registry.npmjs.org/@babel%2fplugin-transform-async-generator-functions 60ms (cache hit)
1819 silly packumentCache full:https://registry.npmjs.org/@babel%2fplugin-transform-async-generator-functions set size:115661 disposed:false
1820 silly fetch manifest @babel/plugin-transform-dynamic-import@^7.27.1
1821 silly packumentCache full:https://registry.npmjs.org/@babel%2fplugin-transform-dynamic-import cache-miss
1822 http cache https://registry.npmjs.org/@babel%2fplugin-transform-async-to-generator 60ms (cache hit)
1823 silly packumentCache full:https://registry.npmjs.org/@babel%2fplugin-transform-async-to-generator set size:235159 disposed:false
1824 silly fetch manifest @babel/plugin-transform-explicit-resource-management@^7.28.6
1825 silly packumentCache full:https://registry.npmjs.org/@babel%2fplugin-transform-explicit-resource-management cache-miss
1826 http cache https://registry.npmjs.org/@babel%2fplugin-transform-class-properties 57ms (cache hit)
1827 silly packumentCache full:https://registry.npmjs.org/@babel%2fplugin-transform-class-properties set size:81346 disposed:false
1828 silly fetch manifest @babel/plugin-transform-exponentiation-operator@^7.28.6
1829 silly packumentCache full:https://registry.npmjs.org/@babel%2fplugin-transform-exponentiation-operator cache-miss
1830 http cache https://registry.npmjs.org/@babel%2fplugin-transform-block-scoping 62ms (cache hit)
1831 silly packumentCache full:https://registry.npmjs.org/@babel%2fplugin-transform-block-scoping set size:312769 disposed:false
1832 silly fetch manifest @babel/plugin-transform-export-namespace-from@^7.27.1
1833 silly packumentCache full:https://registry.npmjs.org/@babel%2fplugin-transform-export-namespace-from cache-miss
1834 http cache https://registry.npmjs.org/@babel%2fplugin-transform-class-static-block 62ms (cache hit)
1835 silly packumentCache full:https://registry.npmjs.org/@babel%2fplugin-transform-class-static-block set size:95182 disposed:false
1836 silly fetch manifest @babel/plugin-transform-for-of@^7.27.1
1837 silly packumentCache full:https://registry.npmjs.org/@babel%2fplugin-transform-for-of cache-miss
1838 http cache https://registry.npmjs.org/@babel%2fplugin-transform-classes 62ms (cache hit)
1839 silly packumentCache full:https://registry.npmjs.org/@babel%2fplugin-transform-classes set size:326173 disposed:false
1840 silly fetch manifest @babel/plugin-transform-function-name@^7.27.1
1841 silly packumentCache full:https://registry.npmjs.org/@babel%2fplugin-transform-function-name cache-miss
1842 http cache https://registry.npmjs.org/@babel%2fplugin-transform-computed-properties 63ms (cache hit)
1843 silly packumentCache full:https://registry.npmjs.org/@babel%2fplugin-transform-computed-properties set size:213271 disposed:false
1844 silly fetch manifest @babel/plugin-transform-json-strings@^7.28.6
1845 silly packumentCache full:https://registry.npmjs.org/@babel%2fplugin-transform-json-strings cache-miss
1846 http cache https://registry.npmjs.org/@babel%2fplugin-transform-dotall-regex 61ms (cache hit)
1847 silly packumentCache full:https://registry.npmjs.org/@babel%2fplugin-transform-dotall-regex set size:213255 disposed:false
1848 silly fetch manifest @babel/plugin-transform-literals@^7.27.1
1849 silly packumentCache full:https://registry.npmjs.org/@babel%2fplugin-transform-literals cache-miss
1850 http cache https://registry.npmjs.org/@babel%2fplugin-transform-duplicate-keys 64ms (cache hit)
1851 silly packumentCache full:https://registry.npmjs.org/@babel%2fplugin-transform-duplicate-keys set size:199790 disposed:false
1852 silly fetch manifest @babel/plugin-transform-logical-assignment-operators@^7.28.6
1853 silly packumentCache full:https://registry.npmjs.org/@babel%2fplugin-transform-logical-assignment-operators cache-miss
1854 http cache https://registry.npmjs.org/@babel%2fplugin-transform-destructuring 73ms (cache hit)
1855 silly packumentCache full:https://registry.npmjs.org/@babel%2fplugin-transform-destructuring set size:288677 disposed:false
1856 silly fetch manifest @babel/plugin-transform-member-expression-literals@^7.27.1
1857 silly packumentCache full:https://registry.npmjs.org/@babel%2fplugin-transform-member-expression-literals cache-miss
1858 http cache https://registry.npmjs.org/@babel%2fplugin-transform-explicit-resource-management 60ms (cache hit)
1859 silly packumentCache full:https://registry.npmjs.org/@babel%2fplugin-transform-explicit-resource-management set size:23278 disposed:false
1860 silly fetch manifest @babel/plugin-transform-modules-amd@^7.27.1
1861 silly packumentCache full:https://registry.npmjs.org/@babel%2fplugin-transform-modules-amd cache-miss
1862 http cache https://registry.npmjs.org/@babel%2fplugin-transform-duplicate-named-capturing-groups-regex 74ms (cache hit)
1863 silly packumentCache full:https://registry.npmjs.org/@babel%2fplugin-transform-duplicate-named-capturing-groups-regex set size:49242 disposed:false
1864 silly fetch manifest @babel/plugin-transform-modules-commonjs@^7.28.6
1865 silly packumentCache full:https://registry.npmjs.org/@babel%2fplugin-transform-modules-commonjs cache-miss
1866 http cache https://registry.npmjs.org/@babel%2fplugin-transform-dynamic-import 74ms (cache hit)
1867 silly packumentCache full:https://registry.npmjs.org/@babel%2fplugin-transform-dynamic-import set size:74250 disposed:false
1868 silly fetch manifest @babel/plugin-transform-modules-systemjs@^7.29.0
1869 silly packumentCache full:https://registry.npmjs.org/@babel%2fplugin-transform-modules-systemjs cache-miss
1870 http cache https://registry.npmjs.org/@babel%2fplugin-transform-exponentiation-operator 71ms (cache hit)
1871 silly packumentCache full:https://registry.npmjs.org/@babel%2fplugin-transform-exponentiation-operator set size:210129 disposed:false
1872 silly fetch manifest @babel/plugin-transform-modules-umd@^7.27.1
1873 silly packumentCache full:https://registry.npmjs.org/@babel%2fplugin-transform-modules-umd cache-miss
1874 http cache https://registry.npmjs.org/@babel%2fplugin-transform-export-namespace-from 72ms (cache hit)
1875 silly packumentCache full:https://registry.npmjs.org/@babel%2fplugin-transform-export-namespace-from set size:79709 disposed:false
1876 silly fetch manifest @babel/plugin-transform-named-capturing-groups-regex@^7.29.0
1877 silly packumentCache full:https://registry.npmjs.org/@babel%2fplugin-transform-named-capturing-groups-regex cache-miss
1878 http cache https://registry.npmjs.org/@babel%2fplugin-transform-for-of 75ms (cache hit)
1879 silly packumentCache full:https://registry.npmjs.org/@babel%2fplugin-transform-for-of set size:232987 disposed:false
1880 silly fetch manifest @babel/plugin-transform-new-target@^7.27.1
1881 silly packumentCache full:https://registry.npmjs.org/@babel%2fplugin-transform-new-target cache-miss
1882 http cache https://registry.npmjs.org/@babel%2fplugin-transform-function-name 77ms (cache hit)
1883 silly packumentCache full:https://registry.npmjs.org/@babel%2fplugin-transform-function-name set size:216895 disposed:false
1884 silly fetch manifest @babel/plugin-transform-nullish-coalescing-operator@^7.28.6
1885 silly packumentCache full:https://registry.npmjs.org/@babel%2fplugin-transform-nullish-coalescing-operator cache-miss
1886 http cache https://registry.npmjs.org/@babel%2fplugin-transform-json-strings 80ms (cache hit)
1887 silly packumentCache full:https://registry.npmjs.org/@babel%2fplugin-transform-json-strings set size:80617 disposed:false
1888 silly fetch manifest @babel/plugin-transform-numeric-separator@^7.28.6
1889 silly packumentCache full:https://registry.npmjs.org/@babel%2fplugin-transform-numeric-separator cache-miss
1890 http cache https://registry.npmjs.org/@babel%2fplugin-transform-literals 81ms (cache hit)
1891 silly packumentCache full:https://registry.npmjs.org/@babel%2fplugin-transform-literals set size:195330 disposed:false
1892 silly fetch manifest @babel/plugin-transform-object-rest-spread@^7.28.6
1893 silly packumentCache full:https://registry.npmjs.org/@babel%2fplugin-transform-object-rest-spread cache-miss
1894 http cache https://registry.npmjs.org/@babel%2fplugin-transform-logical-assignment-operators 81ms (cache hit)
1895 silly packumentCache full:https://registry.npmjs.org/@babel%2fplugin-transform-logical-assignment-operators set size:90500 disposed:false
1896 silly fetch manifest @babel/plugin-transform-object-super@^7.27.1
1897 silly packumentCache full:https://registry.npmjs.org/@babel%2fplugin-transform-object-super cache-miss
1898 http cache https://registry.npmjs.org/@babel%2fplugin-transform-member-expression-literals 90ms (cache hit)
1899 silly packumentCache full:https://registry.npmjs.org/@babel%2fplugin-transform-member-expression-literals set size:198348 disposed:false
1900 silly fetch manifest @babel/plugin-transform-optional-catch-binding@^7.28.6
1901 silly packumentCache full:https://registry.npmjs.org/@babel%2fplugin-transform-optional-catch-binding cache-miss
1902 http cache https://registry.npmjs.org/@babel%2fplugin-transform-modules-amd 79ms (cache hit)
1903 silly packumentCache full:https://registry.npmjs.org/@babel%2fplugin-transform-modules-amd set size:238430 disposed:false
1904 silly fetch manifest @babel/plugin-transform-optional-chaining@^7.28.6
1905 silly packumentCache full:https://registry.npmjs.org/@babel%2fplugin-transform-optional-chaining cache-miss
1906 http cache https://registry.npmjs.org/@babel%2fplugin-transform-modules-commonjs 81ms (cache hit)
1907 silly packumentCache full:https://registry.npmjs.org/@babel%2fplugin-transform-modules-commonjs set size:299727 disposed:false
1908 silly fetch manifest @babel/plugin-transform-parameters@^7.27.7
1909 silly packumentCache full:https://registry.npmjs.org/@babel%2fplugin-transform-parameters cache-miss
1910 http cache https://registry.npmjs.org/@babel%2fplugin-transform-modules-umd 80ms (cache hit)
1911 silly packumentCache full:https://registry.npmjs.org/@babel%2fplugin-transform-modules-umd set size:215745 disposed:false
1912 silly fetch manifest @babel/plugin-transform-private-methods@^7.28.6
1913 silly packumentCache full:https://registry.npmjs.org/@babel%2fplugin-transform-private-methods cache-miss
1914 http cache https://registry.npmjs.org/@babel%2fplugin-transform-modules-systemjs 92ms (cache hit)
1915 silly packumentCache full:https://registry.npmjs.org/@babel%2fplugin-transform-modules-systemjs set size:294479 disposed:false
1916 silly fetch manifest @babel/plugin-transform-private-property-in-object@^7.28.6
1917 silly packumentCache full:https://registry.npmjs.org/@babel%2fplugin-transform-private-property-in-object cache-miss
1918 http cache https://registry.npmjs.org/@babel%2fplugin-transform-named-capturing-groups-regex 89ms (cache hit)
1919 silly packumentCache full:https://registry.npmjs.org/@babel%2fplugin-transform-named-capturing-groups-regex set size:182298 disposed:false
1920 silly fetch manifest @babel/plugin-transform-property-literals@^7.27.1
1921 silly packumentCache full:https://registry.npmjs.org/@babel%2fplugin-transform-property-literals cache-miss
1922 http cache https://registry.npmjs.org/@babel%2fplugin-transform-nullish-coalescing-operator 83ms (cache hit)
1923 silly packumentCache full:https://registry.npmjs.org/@babel%2fplugin-transform-nullish-coalescing-operator set size:87324 disposed:false
1924 silly fetch manifest @babel/plugin-transform-regenerator@^7.29.0
1925 silly packumentCache full:https://registry.npmjs.org/@babel%2fplugin-transform-regenerator cache-miss
1926 http cache https://registry.npmjs.org/@babel%2fplugin-transform-new-target 92ms (cache hit)
1927 silly packumentCache full:https://registry.npmjs.org/@babel%2fplugin-transform-new-target set size:210493 disposed:false
1928 silly fetch manifest @babel/plugin-transform-regexp-modifiers@^7.28.6
1929 silly packumentCache full:https://registry.npmjs.org/@babel%2fplugin-transform-regexp-modifiers cache-miss
1930 http cache https://registry.npmjs.org/@babel%2fplugin-transform-numeric-separator 86ms (cache hit)
1931 silly packumentCache full:https://registry.npmjs.org/@babel%2fplugin-transform-numeric-separator set size:84467 disposed:false
1932 silly fetch manifest @babel/plugin-transform-reserved-words@^7.27.1
1933 silly packumentCache full:https://registry.npmjs.org/@babel%2fplugin-transform-reserved-words cache-miss
1934 http cache https://registry.npmjs.org/@babel%2fplugin-transform-object-rest-spread 85ms (cache hit)
1935 silly packumentCache full:https://registry.npmjs.org/@babel%2fplugin-transform-object-rest-spread set size:103914 disposed:false
1936 silly fetch manifest @babel/plugin-transform-shorthand-properties@^7.27.1
1937 silly packumentCache full:https://registry.npmjs.org/@babel%2fplugin-transform-shorthand-properties cache-miss
1938 http cache https://registry.npmjs.org/@babel%2fplugin-transform-object-super 86ms (cache hit)
1939 silly packumentCache full:https://registry.npmjs.org/@babel%2fplugin-transform-object-super set size:198898 disposed:false
1940 silly fetch manifest @babel/plugin-transform-spread@^7.28.6
1941 silly packumentCache full:https://registry.npmjs.org/@babel%2fplugin-transform-spread cache-miss
1942 http cache https://registry.npmjs.org/@babel%2fplugin-transform-optional-catch-binding 87ms (cache hit)
1943 silly packumentCache full:https://registry.npmjs.org/@babel%2fplugin-transform-optional-catch-binding set size:81867 disposed:false
1944 silly fetch manifest @babel/plugin-transform-sticky-regex@^7.27.1
1945 silly packumentCache full:https://registry.npmjs.org/@babel%2fplugin-transform-sticky-regex cache-miss
1946 http cache https://registry.npmjs.org/@babel%2fplugin-transform-optional-chaining 78ms (cache hit)
1947 silly packumentCache full:https://registry.npmjs.org/@babel%2fplugin-transform-optional-chaining set size:104559 disposed:false
1948 silly fetch manifest @babel/plugin-transform-template-literals@^7.27.1
1949 silly packumentCache full:https://registry.npmjs.org/@babel%2fplugin-transform-template-literals cache-miss
1950 http cache https://registry.npmjs.org/@babel%2fplugin-transform-private-methods 77ms (cache hit)
1951 silly packumentCache full:https://registry.npmjs.org/@babel%2fplugin-transform-private-methods set size:78343 disposed:false
1952 silly fetch manifest @babel/plugin-transform-typeof-symbol@^7.27.1
1953 silly packumentCache full:https://registry.npmjs.org/@babel%2fplugin-transform-typeof-symbol cache-miss
1954 http cache https://registry.npmjs.org/@babel%2fplugin-transform-private-property-in-object 76ms (cache hit)
1955 silly packumentCache full:https://registry.npmjs.org/@babel%2fplugin-transform-private-property-in-object set size:90853 disposed:false
1956 silly fetch manifest @babel/plugin-transform-unicode-escapes@^7.27.1
1957 silly packumentCache full:https://registry.npmjs.org/@babel%2fplugin-transform-unicode-escapes cache-miss
1958 http cache https://registry.npmjs.org/@babel%2fplugin-transform-parameters 94ms (cache hit)
1959 silly packumentCache full:https://registry.npmjs.org/@babel%2fplugin-transform-parameters set size:269382 disposed:false
1960 silly fetch manifest @babel/plugin-transform-unicode-property-regex@^7.28.6
1961 silly packumentCache full:https://registry.npmjs.org/@babel%2fplugin-transform-unicode-property-regex cache-miss
1962 http cache https://registry.npmjs.org/@babel%2fplugin-transform-regexp-modifiers 68ms (cache hit)
1963 silly packumentCache full:https://registry.npmjs.org/@babel%2fplugin-transform-regexp-modifiers set size:35550 disposed:false
1964 silly fetch manifest @babel/plugin-transform-unicode-regex@^7.27.1
1965 silly packumentCache full:https://registry.npmjs.org/@babel%2fplugin-transform-unicode-regex cache-miss
1966 http cache https://registry.npmjs.org/@babel%2fplugin-transform-property-literals 81ms (cache hit)
1967 silly packumentCache full:https://registry.npmjs.org/@babel%2fplugin-transform-property-literals set size:193530 disposed:false
1968 silly fetch manifest @babel/plugin-transform-unicode-sets-regex@^7.28.6
1969 silly packumentCache full:https://registry.npmjs.org/@babel%2fplugin-transform-unicode-sets-regex cache-miss
1970 http cache https://registry.npmjs.org/@babel%2fplugin-transform-regenerator 78ms (cache hit)
1971 silly packumentCache full:https://registry.npmjs.org/@babel%2fplugin-transform-regenerator set size:264228 disposed:false
1972 silly fetch manifest @babel/preset-modules@0.1.6-no-external-plugins
1973 silly packumentCache full:https://registry.npmjs.org/@babel%2fpreset-modules cache-miss
1974 http cache https://registry.npmjs.org/@babel%2fplugin-transform-reserved-words 75ms (cache hit)
1975 silly packumentCache full:https://registry.npmjs.org/@babel%2fplugin-transform-reserved-words set size:192683 disposed:false
1976 silly fetch manifest babel-plugin-polyfill-corejs2@^0.4.15
1977 silly packumentCache full:https://registry.npmjs.org/babel-plugin-polyfill-corejs2 cache-miss
1978 http cache https://registry.npmjs.org/@babel%2fplugin-transform-spread 67ms (cache hit)
1979 silly packumentCache full:https://registry.npmjs.org/@babel%2fplugin-transform-spread set size:219841 disposed:false
1980 silly fetch manifest babel-plugin-polyfill-corejs3@^0.14.0
1981 silly packumentCache full:https://registry.npmjs.org/babel-plugin-polyfill-corejs3 cache-miss
1982 http cache https://registry.npmjs.org/@babel%2fplugin-transform-shorthand-properties 79ms (cache hit)
1983 silly packumentCache full:https://registry.npmjs.org/@babel%2fplugin-transform-shorthand-properties set size:193713 disposed:false
1984 silly fetch manifest babel-plugin-polyfill-regenerator@^0.6.6
1985 silly packumentCache full:https://registry.npmjs.org/babel-plugin-polyfill-regenerator cache-miss
1986 http cache https://registry.npmjs.org/@babel%2fplugin-transform-sticky-regex 66ms (cache hit)
1987 silly packumentCache full:https://registry.npmjs.org/@babel%2fplugin-transform-sticky-regex set size:194701 disposed:false
1988 silly fetch manifest core-js-compat@^3.48.0
1989 silly packumentCache full:https://registry.npmjs.org/core-js-compat cache-miss
1990 http cache https://registry.npmjs.org/@babel%2fplugin-transform-template-literals 71ms (cache hit)
1991 silly packumentCache full:https://registry.npmjs.org/@babel%2fplugin-transform-template-literals set size:216465 disposed:false
1992 silly fetch manifest @babel/plugin-transform-react-jsx@^7.27.1
1993 silly packumentCache full:https://registry.npmjs.org/@babel%2fplugin-transform-react-jsx cache-miss
1994 http cache https://registry.npmjs.org/@babel%2fplugin-transform-typeof-symbol 72ms (cache hit)
1995 silly packumentCache full:https://registry.npmjs.org/@babel%2fplugin-transform-typeof-symbol set size:222503 disposed:false
1996 silly fetch manifest @babel/plugin-transform-react-display-name@^7.28.0
1997 silly packumentCache full:https://registry.npmjs.org/@babel%2fplugin-transform-react-display-name cache-hit
1998 silly fetch manifest @babel/plugin-transform-react-jsx-development@^7.27.1
1999 silly packumentCache full:https://registry.npmjs.org/@babel%2fplugin-transform-react-jsx-development cache-miss
2000 http cache https://registry.npmjs.org/@babel%2fplugin-transform-unicode-regex 67ms (cache hit)
2001 silly packumentCache full:https://registry.npmjs.org/@babel%2fplugin-transform-unicode-regex set size:207625 disposed:false
2002 silly fetch manifest @babel/plugin-transform-react-pure-annotations@^7.27.1
2003 silly packumentCache full:https://registry.npmjs.org/@babel%2fplugin-transform-react-pure-annotations cache-miss
2004 http cache https://registry.npmjs.org/@babel%2fplugin-transform-unicode-escapes 78ms (cache hit)
2005 silly packumentCache full:https://registry.npmjs.org/@babel%2fplugin-transform-unicode-escapes set size:117117 disposed:false
2006 silly fetch manifest @svgr/babel-preset@^5.5.0
2007 silly packumentCache full:https://registry.npmjs.org/@svgr%2fbabel-preset cache-miss
2008 http cache https://registry.npmjs.org/@babel%2fplugin-transform-unicode-property-regex 77ms (cache hit)
2009 silly packumentCache full:https://registry.npmjs.org/@babel%2fplugin-transform-unicode-property-regex set size:83795 disposed:false
2010 silly fetch manifest @svgr/hast-util-to-babel-ast@^5.5.0
2011 silly packumentCache full:https://registry.npmjs.org/@svgr%2fhast-util-to-babel-ast cache-miss
2012 http cache https://registry.npmjs.org/@babel%2fplugin-transform-unicode-sets-regex 73ms (cache hit)
2013 silly packumentCache full:https://registry.npmjs.org/@babel%2fplugin-transform-unicode-sets-regex set size:86161 disposed:false
2014 silly fetch manifest svg-parser@^2.0.2
2015 silly packumentCache full:https://registry.npmjs.org/svg-parser cache-miss
2016 http cache https://registry.npmjs.org/@babel%2fpreset-modules 73ms (cache hit)
2017 silly packumentCache full:https://registry.npmjs.org/@babel%2fpreset-modules set size:44565 disposed:false
2018 silly fetch manifest deepmerge@^4.2.2
2019 silly packumentCache full:https://registry.npmjs.org/deepmerge cache-miss
2020 http cache https://registry.npmjs.org/babel-plugin-polyfill-corejs2 72ms (cache hit)
2021 silly packumentCache full:https://registry.npmjs.org/babel-plugin-polyfill-corejs2 set size:116417 disposed:false
2022 silly fetch manifest svgo@^1.2.2
2023 silly packumentCache full:https://registry.npmjs.org/svgo cache-miss
2024 http cache https://registry.npmjs.org/babel-plugin-polyfill-regenerator 68ms (cache hit)
2025 silly packumentCache full:https://registry.npmjs.org/babel-plugin-polyfill-regenerator set size:98875 disposed:false
2026 http cache https://registry.npmjs.org/babel-plugin-polyfill-corejs3 73ms (cache hit)
2027 silly packumentCache full:https://registry.npmjs.org/babel-plugin-polyfill-corejs3 set size:150424 disposed:false
2028 http cache https://registry.npmjs.org/core-js-compat 61ms (cache hit)
2029 silly packumentCache full:https://registry.npmjs.org/core-js-compat set size:345744 disposed:false
2030 http cache https://registry.npmjs.org/@babel%2fplugin-transform-react-jsx 59ms (cache hit)
2031 silly packumentCache full:https://registry.npmjs.org/@babel%2fplugin-transform-react-jsx set size:284411 disposed:false
2032 http cache https://registry.npmjs.org/@babel%2fplugin-transform-react-jsx-development 56ms (cache hit)
2033 silly packumentCache full:https://registry.npmjs.org/@babel%2fplugin-transform-react-jsx-development set size:122283 disposed:false
2034 http cache https://registry.npmjs.org/svg-parser 48ms (cache hit)
2035 silly packumentCache full:https://registry.npmjs.org/svg-parser set size:29043 disposed:false
2036 http cache https://registry.npmjs.org/@babel%2fplugin-transform-react-pure-annotations 60ms (cache hit)
2037 silly packumentCache full:https://registry.npmjs.org/@babel%2fplugin-transform-react-pure-annotations set size:114282 disposed:false
2038 http cache https://registry.npmjs.org/@svgr%2fbabel-preset 59ms (cache hit)
2039 silly packumentCache full:https://registry.npmjs.org/@svgr%2fbabel-preset set size:91593 disposed:false
2040 http cache https://registry.npmjs.org/@svgr%2fhast-util-to-babel-ast 58ms (cache hit)
2041 silly packumentCache full:https://registry.npmjs.org/@svgr%2fhast-util-to-babel-ast set size:65870 disposed:false
2042 http cache https://registry.npmjs.org/deepmerge 53ms (cache hit)
2043 silly packumentCache full:https://registry.npmjs.org/deepmerge set size:101897 disposed:false
2044 http cache https://registry.npmjs.org/svgo 52ms (cache hit)
2045 silly packumentCache full:https://registry.npmjs.org/svgo set size:301839 disposed:false
2046 silly placeDep ROOT @babel/helper-plugin-utils@7.28.6 OK for: @babel/plugin-transform-react-constant-elements@7.27.1 want: ^7.27.1
2047 silly fetch manifest @babel/core@^7.0.0-0
2048 silly packumentCache full:https://registry.npmjs.org/@babel%2fcore cache-hit
2049 silly placeDep ROOT @babel/plugin-bugfix-firefox-class-in-computed-class-key@7.28.5 OK for: @babel/preset-env@7.29.2 want: ^7.28.5
2050 silly placeDep ROOT @babel/plugin-bugfix-safari-class-field-initializer-scope@7.27.1 OK for: @babel/preset-env@7.29.2 want: ^7.27.1
2051 silly placeDep ROOT @babel/plugin-bugfix-safari-id-destructuring-collision-in-function-expression@7.27.1 OK for: @babel/preset-env@7.29.2 want: ^7.27.1
2052 silly placeDep ROOT @babel/plugin-bugfix-v8-spread-parameters-in-optional-chaining@7.27.1 OK for: @babel/preset-env@7.29.2 want: ^7.27.1
2053 silly placeDep ROOT @babel/plugin-bugfix-v8-static-class-fields-redefine-readonly@7.28.6 OK for: @babel/preset-env@7.29.2 want: ^7.28.6
2054 silly placeDep ROOT @babel/plugin-proposal-private-property-in-object@7.21.0-placeholder-for-preset-env.2 OK for: @babel/preset-env@7.29.2 want: 7.21.0-placeholder-for-preset-env.2
2055 silly placeDep ROOT @babel/plugin-syntax-import-assertions@7.28.6 OK for: @babel/preset-env@7.29.2 want: ^7.28.6
2056 silly placeDep ROOT @babel/plugin-syntax-import-attributes@7.28.6 OK for: @babel/preset-env@7.29.2 want: ^7.28.6
2057 silly placeDep ROOT @babel/plugin-syntax-unicode-sets-regex@7.18.6 OK for: @babel/preset-env@7.29.2 want: ^7.18.6
2058 silly placeDep ROOT @babel/plugin-transform-arrow-functions@7.27.1 OK for: @babel/preset-env@7.29.2 want: ^7.27.1
2059 silly placeDep ROOT @babel/plugin-transform-async-generator-functions@7.29.0 OK for: @babel/preset-env@7.29.2 want: ^7.29.0
2060 silly placeDep ROOT @babel/plugin-transform-async-to-generator@7.28.6 OK for: @babel/preset-env@7.29.2 want: ^7.28.6
2061 silly placeDep ROOT @babel/plugin-transform-block-scoped-functions@7.27.1 OK for: @babel/preset-env@7.29.2 want: ^7.27.1
2062 silly placeDep ROOT @babel/plugin-transform-block-scoping@7.28.6 OK for: @babel/preset-env@7.29.2 want: ^7.28.6
2063 silly placeDep ROOT @babel/plugin-transform-class-properties@7.28.6 OK for: @babel/preset-env@7.29.2 want: ^7.28.6
2064 silly placeDep ROOT @babel/plugin-transform-class-static-block@7.28.6 OK for: @babel/preset-env@7.29.2 want: ^7.28.6
2065 silly placeDep ROOT @babel/plugin-transform-classes@7.28.6 OK for: @babel/preset-env@7.29.2 want: ^7.28.6
2066 silly placeDep ROOT @babel/plugin-transform-computed-properties@7.28.6 OK for: @babel/preset-env@7.29.2 want: ^7.28.6
2067 silly placeDep ROOT @babel/plugin-transform-destructuring@7.28.5 OK for: @babel/preset-env@7.29.2 want: ^7.28.5
2068 silly placeDep ROOT @babel/plugin-transform-dotall-regex@7.28.6 OK for: @babel/preset-env@7.29.2 want: ^7.28.6
2069 silly placeDep ROOT @babel/plugin-transform-duplicate-keys@7.27.1 OK for: @babel/preset-env@7.29.2 want: ^7.27.1
2070 silly placeDep ROOT @babel/plugin-transform-duplicate-named-capturing-groups-regex@7.29.0 OK for: @babel/preset-env@7.29.2 want: ^7.29.0
2071 silly placeDep ROOT @babel/plugin-transform-dynamic-import@7.27.1 OK for: @babel/preset-env@7.29.2 want: ^7.27.1
2072 silly placeDep ROOT @babel/plugin-transform-explicit-resource-management@7.28.6 OK for: @babel/preset-env@7.29.2 want: ^7.28.6
2073 silly placeDep ROOT @babel/plugin-transform-exponentiation-operator@7.28.6 OK for: @babel/preset-env@7.29.2 want: ^7.28.6
2074 silly placeDep ROOT @babel/plugin-transform-export-namespace-from@7.27.1 OK for: @babel/preset-env@7.29.2 want: ^7.27.1
2075 silly placeDep ROOT @babel/plugin-transform-for-of@7.27.1 OK for: @babel/preset-env@7.29.2 want: ^7.27.1
2076 silly placeDep ROOT @babel/plugin-transform-function-name@7.27.1 OK for: @babel/preset-env@7.29.2 want: ^7.27.1
2077 silly placeDep ROOT @babel/plugin-transform-json-strings@7.28.6 OK for: @babel/preset-env@7.29.2 want: ^7.28.6
2078 silly placeDep ROOT @babel/plugin-transform-literals@7.27.1 OK for: @babel/preset-env@7.29.2 want: ^7.27.1
2079 silly placeDep ROOT @babel/plugin-transform-logical-assignment-operators@7.28.6 OK for: @babel/preset-env@7.29.2 want: ^7.28.6
2080 silly placeDep ROOT @babel/plugin-transform-member-expression-literals@7.27.1 OK for: @babel/preset-env@7.29.2 want: ^7.27.1
2081 silly placeDep ROOT @babel/plugin-transform-modules-amd@7.27.1 OK for: @babel/preset-env@7.29.2 want: ^7.27.1
2082 silly placeDep ROOT @babel/plugin-transform-modules-commonjs@7.28.6 OK for: @babel/preset-env@7.29.2 want: ^7.28.6
2083 silly placeDep ROOT @babel/plugin-transform-modules-systemjs@7.29.0 OK for: @babel/preset-env@7.29.2 want: ^7.29.0
2084 silly placeDep ROOT @babel/plugin-transform-modules-umd@7.27.1 OK for: @babel/preset-env@7.29.2 want: ^7.27.1
2085 silly placeDep ROOT @babel/plugin-transform-named-capturing-groups-regex@7.29.0 OK for: @babel/preset-env@7.29.2 want: ^7.29.0
2086 silly placeDep ROOT @babel/plugin-transform-new-target@7.27.1 OK for: @babel/preset-env@7.29.2 want: ^7.27.1
2087 silly placeDep ROOT @babel/plugin-transform-nullish-coalescing-operator@7.28.6 OK for: @babel/preset-env@7.29.2 want: ^7.28.6
2088 silly placeDep ROOT @babel/plugin-transform-numeric-separator@7.28.6 OK for: @babel/preset-env@7.29.2 want: ^7.28.6
2089 silly placeDep ROOT @babel/plugin-transform-object-rest-spread@7.28.6 OK for: @babel/preset-env@7.29.2 want: ^7.28.6
2090 silly placeDep ROOT @babel/plugin-transform-object-super@7.27.1 OK for: @babel/preset-env@7.29.2 want: ^7.27.1
2091 silly placeDep ROOT @babel/plugin-transform-optional-catch-binding@7.28.6 OK for: @babel/preset-env@7.29.2 want: ^7.28.6
2092 silly placeDep ROOT @babel/plugin-transform-optional-chaining@7.28.6 OK for: @babel/preset-env@7.29.2 want: ^7.28.6
2093 silly placeDep ROOT @babel/plugin-transform-parameters@7.27.7 OK for: @babel/preset-env@7.29.2 want: ^7.27.7
2094 silly placeDep ROOT @babel/plugin-transform-private-methods@7.28.6 OK for: @babel/preset-env@7.29.2 want: ^7.28.6
2095 silly placeDep ROOT @babel/plugin-transform-private-property-in-object@7.28.6 OK for: @babel/preset-env@7.29.2 want: ^7.28.6
2096 silly placeDep ROOT @babel/plugin-transform-property-literals@7.27.1 OK for: @babel/preset-env@7.29.2 want: ^7.27.1
2097 silly placeDep ROOT @babel/plugin-transform-regenerator@7.29.0 OK for: @babel/preset-env@7.29.2 want: ^7.29.0
2098 silly placeDep ROOT @babel/plugin-transform-regexp-modifiers@7.28.6 OK for: @babel/preset-env@7.29.2 want: ^7.28.6
2099 silly placeDep ROOT @babel/plugin-transform-reserved-words@7.27.1 OK for: @babel/preset-env@7.29.2 want: ^7.27.1
2100 silly placeDep ROOT @babel/plugin-transform-shorthand-properties@7.27.1 OK for: @babel/preset-env@7.29.2 want: ^7.27.1
2101 silly placeDep ROOT @babel/plugin-transform-spread@7.28.6 OK for: @babel/preset-env@7.29.2 want: ^7.28.6
2102 silly placeDep ROOT @babel/plugin-transform-sticky-regex@7.27.1 OK for: @babel/preset-env@7.29.2 want: ^7.27.1
2103 silly placeDep ROOT @babel/plugin-transform-template-literals@7.27.1 OK for: @babel/preset-env@7.29.2 want: ^7.27.1
2104 silly placeDep ROOT @babel/plugin-transform-typeof-symbol@7.27.1 OK for: @babel/preset-env@7.29.2 want: ^7.27.1
2105 silly placeDep ROOT @babel/plugin-transform-unicode-escapes@7.27.1 OK for: @babel/preset-env@7.29.2 want: ^7.27.1
2106 silly placeDep ROOT @babel/plugin-transform-unicode-property-regex@7.28.6 OK for: @babel/preset-env@7.29.2 want: ^7.28.6
2107 silly placeDep ROOT @babel/plugin-transform-unicode-regex@7.27.1 OK for: @babel/preset-env@7.29.2 want: ^7.27.1
2108 silly placeDep ROOT @babel/plugin-transform-unicode-sets-regex@7.28.6 OK for: @babel/preset-env@7.29.2 want: ^7.28.6
2109 silly placeDep ROOT @babel/preset-modules@0.1.6-no-external-plugins OK for: @babel/preset-env@7.29.2 want: 0.1.6-no-external-plugins
2110 silly placeDep ROOT babel-plugin-polyfill-corejs2@0.4.17 OK for: @babel/preset-env@7.29.2 want: ^0.4.15
2111 silly placeDep ROOT babel-plugin-polyfill-corejs3@0.14.2 OK for: @babel/preset-env@7.29.2 want: ^0.14.0
2112 silly placeDep ROOT babel-plugin-polyfill-regenerator@0.6.8 OK for: @babel/preset-env@7.29.2 want: ^0.6.6
2113 silly placeDep ROOT core-js-compat@3.49.0 OK for: @babel/preset-env@7.29.2 want: ^3.48.0
2114 silly placeDep node_modules/@babel/preset-env semver@6.3.1 OK for: @babel/preset-env@7.29.2 want: ^6.3.1
2115 silly fetch manifest @babel/plugin-transform-optional-chaining@^7.27.1
2116 silly packumentCache full:https://registry.npmjs.org/@babel%2fplugin-transform-optional-chaining cache-hit
2117 silly fetch manifest @babel/helper-skip-transparent-expression-wrappers@^7.27.1
2118 silly packumentCache full:https://registry.npmjs.org/@babel%2fhelper-skip-transparent-expression-wrappers cache-miss
2119 silly fetch manifest @babel/helper-create-regexp-features-plugin@^7.18.6
2120 silly packumentCache full:https://registry.npmjs.org/@babel%2fhelper-create-regexp-features-plugin cache-miss
2121 silly fetch manifest @babel/helper-remap-async-to-generator@^7.27.1
2122 silly packumentCache full:https://registry.npmjs.org/@babel%2fhelper-remap-async-to-generator cache-miss
2123 silly fetch manifest @babel/helper-remap-async-to-generator@^7.27.1
2124 silly packumentCache full:https://registry.npmjs.org/@babel%2fhelper-remap-async-to-generator cache-miss
2125 silly fetch manifest @babel/helper-create-class-features-plugin@^7.28.6
2126 silly packumentCache full:https://registry.npmjs.org/@babel%2fhelper-create-class-features-plugin cache-miss
2127 silly fetch manifest @babel/helper-create-class-features-plugin@^7.28.6
2128 silly packumentCache full:https://registry.npmjs.org/@babel%2fhelper-create-class-features-plugin cache-miss
2129 silly fetch manifest @babel/helper-replace-supers@^7.28.6
2130 silly packumentCache full:https://registry.npmjs.org/@babel%2fhelper-replace-supers cache-miss
2131 silly fetch manifest @babel/helper-annotate-as-pure@^7.27.3
2132 silly packumentCache full:https://registry.npmjs.org/@babel%2fhelper-annotate-as-pure cache-miss
2133 silly fetch manifest @babel/helper-create-regexp-features-plugin@^7.28.5
2134 silly packumentCache full:https://registry.npmjs.org/@babel%2fhelper-create-regexp-features-plugin cache-miss
2135 silly fetch manifest @babel/helper-create-regexp-features-plugin@^7.28.5
2136 silly packumentCache full:https://registry.npmjs.org/@babel%2fhelper-create-regexp-features-plugin cache-miss
2137 silly fetch manifest @babel/helper-skip-transparent-expression-wrappers@^7.27.1
2138 silly packumentCache full:https://registry.npmjs.org/@babel%2fhelper-skip-transparent-expression-wrappers cache-miss
2139 http cache https://registry.npmjs.org/@babel%2fhelper-create-regexp-features-plugin 34ms (cache hit)
2140 silly packumentCache full:https://registry.npmjs.org/@babel%2fhelper-create-regexp-features-plugin set size:176119 disposed:false
2141 silly fetch manifest @babel/helper-create-regexp-features-plugin@^7.28.5
2142 silly packumentCache full:https://registry.npmjs.org/@babel%2fhelper-create-regexp-features-plugin cache-hit
2143 silly fetch manifest @babel/helper-replace-supers@^7.27.1
2144 silly packumentCache full:https://registry.npmjs.org/@babel%2fhelper-replace-supers cache-miss
2145 http cache https://registry.npmjs.org/@babel%2fhelper-remap-async-to-generator 39ms (cache hit)
2146 silly packumentCache full:https://registry.npmjs.org/@babel%2fhelper-remap-async-to-generator set size:217576 disposed:false
2147 silly fetch manifest @babel/helper-skip-transparent-expression-wrappers@^7.27.1
2148 silly packumentCache full:https://registry.npmjs.org/@babel%2fhelper-skip-transparent-expression-wrappers cache-miss
2149 http cache https://registry.npmjs.org/@babel%2fhelper-skip-transparent-expression-wrappers 43ms (cache hit)
2150 silly packumentCache full:https://registry.npmjs.org/@babel%2fhelper-skip-transparent-expression-wrappers set size:95565 disposed:false
2151 silly fetch manifest @babel/helper-create-class-features-plugin@^7.28.6
2152 silly packumentCache full:https://registry.npmjs.org/@babel%2fhelper-create-class-features-plugin cache-miss
2153 http cache https://registry.npmjs.org/@babel%2fhelper-create-class-features-plugin 46ms (cache hit)
2154 silly packumentCache full:https://registry.npmjs.org/@babel%2fhelper-create-class-features-plugin set size:365053 disposed:false
2155 silly fetch manifest @babel/helper-annotate-as-pure@^7.27.3
2156 silly packumentCache full:https://registry.npmjs.org/@babel%2fhelper-annotate-as-pure cache-miss
2157 http cache https://registry.npmjs.org/@babel%2fhelper-create-class-features-plugin 51ms (cache hit)
2158 silly packumentCache full:https://registry.npmjs.org/@babel%2fhelper-create-class-features-plugin set size:365053 disposed:false
2159 silly packumentCache full:https://registry.npmjs.org/@babel%2fhelper-create-class-features-plugin dispose
2160 silly fetch manifest @babel/helper-create-regexp-features-plugin@^7.27.1
2161 silly packumentCache full:https://registry.npmjs.org/@babel%2fhelper-create-regexp-features-plugin cache-hit
2162 silly fetch manifest @babel/helper-define-polyfill-provider@^0.6.8
2163 silly packumentCache full:https://registry.npmjs.org/@babel%2fhelper-define-polyfill-provider cache-miss
2164 http cache https://registry.npmjs.org/@babel%2fhelper-remap-async-to-generator 56ms (cache hit)
2165 silly packumentCache full:https://registry.npmjs.org/@babel%2fhelper-remap-async-to-generator set size:217576 disposed:false
2166 silly packumentCache full:https://registry.npmjs.org/@babel%2fhelper-remap-async-to-generator dispose
2167 silly fetch manifest @babel/helper-define-polyfill-provider@^0.6.8
2168 silly packumentCache full:https://registry.npmjs.org/@babel%2fhelper-define-polyfill-provider cache-miss
2169 http cache https://registry.npmjs.org/@babel%2fhelper-skip-transparent-expression-wrappers 57ms (cache hit)
2170 silly packumentCache full:https://registry.npmjs.org/@babel%2fhelper-skip-transparent-expression-wrappers set size:95565 disposed:false
2171 silly packumentCache full:https://registry.npmjs.org/@babel%2fhelper-skip-transparent-expression-wrappers dispose
2172 silly fetch manifest @babel/helper-define-polyfill-provider@^0.6.8
2173 silly packumentCache full:https://registry.npmjs.org/@babel%2fhelper-define-polyfill-provider cache-miss
2174 http cache https://registry.npmjs.org/@babel%2fhelper-create-regexp-features-plugin 61ms (cache hit)
2175 silly packumentCache full:https://registry.npmjs.org/@babel%2fhelper-create-regexp-features-plugin set size:176119 disposed:false
2176 silly packumentCache full:https://registry.npmjs.org/@babel%2fhelper-create-regexp-features-plugin dispose
2177 http cache https://registry.npmjs.org/@babel%2fhelper-create-regexp-features-plugin 63ms (cache hit)
2178 silly packumentCache full:https://registry.npmjs.org/@babel%2fhelper-create-regexp-features-plugin set size:176119 disposed:true
2179 silly packumentCache full:https://registry.npmjs.org/@babel%2fhelper-create-regexp-features-plugin dispose
2180 http cache https://registry.npmjs.org/@babel%2fhelper-annotate-as-pure 66ms (cache hit)
2181 silly packumentCache full:https://registry.npmjs.org/@babel%2fhelper-annotate-as-pure set size:171595 disposed:false
2182 http cache https://registry.npmjs.org/@babel%2fhelper-replace-supers 68ms (cache hit)
2183 silly packumentCache full:https://registry.npmjs.org/@babel%2fhelper-replace-supers set size:257551 disposed:false
2184 http cache https://registry.npmjs.org/@babel%2fhelper-skip-transparent-expression-wrappers 45ms (cache hit)
2185 silly packumentCache full:https://registry.npmjs.org/@babel%2fhelper-skip-transparent-expression-wrappers set size:95565 disposed:true
2186 silly packumentCache full:https://registry.npmjs.org/@babel%2fhelper-skip-transparent-expression-wrappers dispose
2187 http cache https://registry.npmjs.org/@babel%2fhelper-replace-supers 51ms (cache hit)
2188 silly packumentCache full:https://registry.npmjs.org/@babel%2fhelper-replace-supers set size:257551 disposed:false
2189 silly packumentCache full:https://registry.npmjs.org/@babel%2fhelper-replace-supers dispose
2190 http cache https://registry.npmjs.org/@babel%2fhelper-annotate-as-pure 41ms (cache hit)
2191 silly packumentCache full:https://registry.npmjs.org/@babel%2fhelper-annotate-as-pure set size:171595 disposed:false
2192 silly packumentCache full:https://registry.npmjs.org/@babel%2fhelper-annotate-as-pure dispose
2193 http cache https://registry.npmjs.org/@babel%2fhelper-define-polyfill-provider 32ms (cache hit)
2194 silly packumentCache full:https://registry.npmjs.org/@babel%2fhelper-define-polyfill-provider set size:116586 disposed:false
2195 http cache https://registry.npmjs.org/@babel%2fhelper-create-class-features-plugin 54ms (cache hit)
2196 silly packumentCache full:https://registry.npmjs.org/@babel%2fhelper-create-class-features-plugin set size:365053 disposed:true
2197 silly packumentCache full:https://registry.npmjs.org/@babel%2fhelper-create-class-features-plugin dispose
2198 http cache https://registry.npmjs.org/@babel%2fhelper-define-polyfill-provider 48ms (cache hit)
2199 silly packumentCache full:https://registry.npmjs.org/@babel%2fhelper-define-polyfill-provider set size:116586 disposed:false
2200 silly packumentCache full:https://registry.npmjs.org/@babel%2fhelper-define-polyfill-provider dispose
2201 http cache https://registry.npmjs.org/@babel%2fhelper-define-polyfill-provider 45ms (cache hit)
2202 silly packumentCache full:https://registry.npmjs.org/@babel%2fhelper-define-polyfill-provider set size:116586 disposed:true
2203 silly packumentCache full:https://registry.npmjs.org/@babel%2fhelper-define-polyfill-provider dispose
2204 silly placeDep ROOT @babel/helper-skip-transparent-expression-wrappers@7.27.1 OK for: @babel/plugin-bugfix-v8-spread-parameters-in-optional-chaining@7.27.1 want: ^7.27.1
2205 silly placeDep ROOT @babel/helper-create-regexp-features-plugin@7.28.5 OK for: @babel/plugin-syntax-unicode-sets-regex@7.18.6 want: ^7.18.6
2206 silly fetch manifest regexpu-core@^6.3.1
2207 silly packumentCache full:https://registry.npmjs.org/regexpu-core cache-miss
2208 http cache https://registry.npmjs.org/regexpu-core 13ms (cache hit)
2209 silly packumentCache full:https://registry.npmjs.org/regexpu-core set size:156240 disposed:false
2210 silly placeDep ROOT @babel/helper-annotate-as-pure@7.27.3 OK for: @babel/helper-create-regexp-features-plugin@7.28.5 want: ^7.27.3
2211 silly placeDep ROOT regexpu-core@6.4.0 OK for: @babel/helper-create-regexp-features-plugin@7.28.5 want: ^6.3.1
2212 silly placeDep node_modules/@babel/helper-create-regexp-features-plugin semver@6.3.1 OK for: @babel/helper-create-regexp-features-plugin@7.28.5 want: ^6.3.1
2213 silly fetch manifest regenerate@^1.4.2
2214 silly packumentCache full:https://registry.npmjs.org/regenerate cache-miss
2215 silly fetch manifest regenerate-unicode-properties@^10.2.2
2216 silly packumentCache full:https://registry.npmjs.org/regenerate-unicode-properties cache-miss
2217 silly fetch manifest regjsgen@^0.8.0
2218 silly packumentCache full:https://registry.npmjs.org/regjsgen cache-miss
2219 silly fetch manifest regjsparser@^0.13.0
2220 silly packumentCache full:https://registry.npmjs.org/regjsparser cache-miss
2221 silly fetch manifest unicode-match-property-ecmascript@^2.0.0
2222 silly packumentCache full:https://registry.npmjs.org/unicode-match-property-ecmascript cache-miss
2223 silly fetch manifest unicode-match-property-value-ecmascript@^2.2.1
2224 silly packumentCache full:https://registry.npmjs.org/unicode-match-property-value-ecmascript cache-miss
2225 http cache https://registry.npmjs.org/regjsgen 29ms (cache hit)
2226 silly packumentCache full:https://registry.npmjs.org/regjsgen set size:26409 disposed:false
2227 http cache https://registry.npmjs.org/regenerate-unicode-properties 31ms (cache hit)
2228 silly packumentCache full:https://registry.npmjs.org/regenerate-unicode-properties set size:78166 disposed:false
2229 http cache https://registry.npmjs.org/regenerate 33ms (cache hit)
2230 silly packumentCache full:https://registry.npmjs.org/regenerate set size:56872 disposed:false
2231 http cache https://registry.npmjs.org/unicode-match-property-ecmascript 34ms (cache hit)
2232 silly packumentCache full:https://registry.npmjs.org/unicode-match-property-ecmascript set size:16934 disposed:false
2233 http cache https://registry.npmjs.org/unicode-match-property-value-ecmascript 35ms (cache hit)
2234 silly packumentCache full:https://registry.npmjs.org/unicode-match-property-value-ecmascript set size:26439 disposed:false
2235 http cache https://registry.npmjs.org/regjsparser 38ms (cache hit)
2236 silly packumentCache full:https://registry.npmjs.org/regjsparser set size:83765 disposed:false
2237 silly placeDep ROOT @babel/helper-remap-async-to-generator@7.27.1 OK for: @babel/plugin-transform-async-generator-functions@7.29.0 want: ^7.27.1
2238 silly fetch manifest @babel/helper-wrap-function@^7.27.1
2239 silly packumentCache full:https://registry.npmjs.org/@babel%2fhelper-wrap-function cache-miss
2240 http cache https://registry.npmjs.org/@babel%2fhelper-wrap-function 11ms (cache hit)
2241 silly packumentCache full:https://registry.npmjs.org/@babel%2fhelper-wrap-function set size:215044 disposed:false
2242 silly placeDep ROOT @babel/helper-wrap-function@7.28.6 OK for: @babel/helper-remap-async-to-generator@7.27.1 want: ^7.27.1
2243 silly placeDep ROOT @babel/helper-create-class-features-plugin@7.28.6 OK for: @babel/plugin-transform-class-properties@7.28.6 want: ^7.28.6
2244 silly fetch manifest @babel/helper-optimise-call-expression@^7.27.1
2245 silly packumentCache full:https://registry.npmjs.org/@babel%2fhelper-optimise-call-expression cache-miss
2246 silly fetch manifest @babel/helper-member-expression-to-functions@^7.28.5
2247 silly packumentCache full:https://registry.npmjs.org/@babel%2fhelper-member-expression-to-functions cache-miss
2248 http cache https://registry.npmjs.org/@babel%2fhelper-member-expression-to-functions 13ms (cache hit)
2249 silly packumentCache full:https://registry.npmjs.org/@babel%2fhelper-member-expression-to-functions set size:218792 disposed:false
2250 http cache https://registry.npmjs.org/@babel%2fhelper-optimise-call-expression 19ms (cache hit)
2251 silly packumentCache full:https://registry.npmjs.org/@babel%2fhelper-optimise-call-expression set size:182706 disposed:false
2252 silly placeDep ROOT @babel/helper-member-expression-to-functions@7.28.5 OK for: @babel/helper-create-class-features-plugin@7.28.6 want: ^7.28.5
2253 silly placeDep ROOT @babel/helper-optimise-call-expression@7.27.1 OK for: @babel/helper-create-class-features-plugin@7.28.6 want: ^7.27.1
2254 silly placeDep ROOT @babel/helper-replace-supers@7.28.6 OK for: @babel/helper-create-class-features-plugin@7.28.6 want: ^7.28.6
2255 silly placeDep node_modules/@babel/helper-create-class-features-plugin semver@6.3.1 OK for: @babel/helper-create-class-features-plugin@7.28.6 want: ^6.3.1
2256 silly placeDep ROOT esutils@2.0.3 OK for: @babel/preset-modules@0.1.6-no-external-plugins want: ^2.0.2
2257 silly placeDep ROOT @babel/plugin-transform-react-display-name@7.28.0 OK for: @babel/preset-react@7.28.5 want: ^7.28.0
2258 silly placeDep ROOT @babel/plugin-transform-react-jsx@7.28.6 OK for: @babel/preset-react@7.28.5 want: ^7.27.1
2259 silly placeDep ROOT @babel/plugin-transform-react-jsx-development@7.27.1 OK for: @babel/preset-react@7.28.5 want: ^7.27.1
2260 silly placeDep ROOT @babel/plugin-transform-react-pure-annotations@7.27.1 OK for: @babel/preset-react@7.28.5 want: ^7.27.1
2261 silly fetch manifest @babel/plugin-syntax-jsx@^7.28.6
2262 silly packumentCache full:https://registry.npmjs.org/@babel%2fplugin-syntax-jsx cache-miss
2263 http cache https://registry.npmjs.org/@babel%2fplugin-syntax-jsx 21ms (cache hit)
2264 silly packumentCache full:https://registry.npmjs.org/@babel%2fplugin-syntax-jsx set size:182973 disposed:false
2265 silly placeDep ROOT @babel/plugin-syntax-jsx@7.28.6 OK for: @babel/plugin-transform-react-jsx@7.28.6 want: ^7.28.6
2266 silly placeDep ROOT cosmiconfig@7.1.0 OK for: @svgr/core@5.5.0 want: ^7.0.0
2267 silly fetch manifest yaml@^1.10.0
2268 silly packumentCache full:https://registry.npmjs.org/yaml cache-miss
2269 silly fetch manifest path-type@^4.0.0
2270 silly packumentCache full:https://registry.npmjs.org/path-type cache-miss
2271 silly fetch manifest parse-json@^5.0.0
2272 silly packumentCache full:https://registry.npmjs.org/parse-json cache-miss
2273 silly fetch manifest import-fresh@^3.2.1
2274 silly packumentCache full:https://registry.npmjs.org/import-fresh cache-miss
2275 silly fetch manifest @types/parse-json@^4.0.0
2276 silly packumentCache full:https://registry.npmjs.org/@types%2fparse-json cache-miss
2277 http cache https://registry.npmjs.org/path-type 16ms (cache hit)
2278 silly packumentCache full:https://registry.npmjs.org/path-type set size:15341 disposed:false
2279 http cache https://registry.npmjs.org/yaml 19ms (cache hit)
2280 silly packumentCache full:https://registry.npmjs.org/yaml set size:375230 disposed:false
2281 http cache https://registry.npmjs.org/@types%2fparse-json 21ms (cache hit)
2282 silly packumentCache full:https://registry.npmjs.org/@types%2fparse-json set size:6477 disposed:false
2283 http cache https://registry.npmjs.org/import-fresh 23ms (cache hit)
2284 silly packumentCache full:https://registry.npmjs.org/import-fresh set size:24604 disposed:false
2285 http cache https://registry.npmjs.org/parse-json 25ms (cache hit)
2286 silly packumentCache full:https://registry.npmjs.org/parse-json set size:48198 disposed:false
2287 silly placeDep ROOT @svgr/babel-preset@5.5.0 OK for: @svgr/plugin-jsx@5.5.0 want: ^5.5.0
2288 silly placeDep ROOT @svgr/hast-util-to-babel-ast@5.5.0 OK for: @svgr/plugin-jsx@5.5.0 want: ^5.5.0
2289 silly placeDep ROOT svg-parser@2.0.4 OK for: @svgr/plugin-jsx@5.5.0 want: ^2.0.2
2290 silly fetch manifest @svgr/babel-plugin-add-jsx-attribute@^5.4.0
2291 silly packumentCache full:https://registry.npmjs.org/@svgr%2fbabel-plugin-add-jsx-attribute cache-miss
2292 silly fetch manifest @svgr/babel-plugin-remove-jsx-attribute@^5.4.0
2293 silly packumentCache full:https://registry.npmjs.org/@svgr%2fbabel-plugin-remove-jsx-attribute cache-miss
2294 silly fetch manifest @svgr/babel-plugin-remove-jsx-empty-expression@^5.0.1
2295 silly packumentCache full:https://registry.npmjs.org/@svgr%2fbabel-plugin-remove-jsx-empty-expression cache-miss
2296 silly fetch manifest @svgr/babel-plugin-replace-jsx-attribute-value@^5.0.1
2297 silly packumentCache full:https://registry.npmjs.org/@svgr%2fbabel-plugin-replace-jsx-attribute-value cache-miss
2298 silly fetch manifest @svgr/babel-plugin-svg-dynamic-title@^5.4.0
2299 silly packumentCache full:https://registry.npmjs.org/@svgr%2fbabel-plugin-svg-dynamic-title cache-miss
2300 silly fetch manifest @svgr/babel-plugin-svg-em-dimensions@^5.4.0
2301 silly packumentCache full:https://registry.npmjs.org/@svgr%2fbabel-plugin-svg-em-dimensions cache-miss
2302 silly fetch manifest @svgr/babel-plugin-transform-react-native-svg@^5.4.0
2303 silly packumentCache full:https://registry.npmjs.org/@svgr%2fbabel-plugin-transform-react-native-svg cache-miss
2304 silly fetch manifest @svgr/babel-plugin-transform-svg-component@^5.5.0
2305 silly packumentCache full:https://registry.npmjs.org/@svgr%2fbabel-plugin-transform-svg-component cache-miss
2306 http cache https://registry.npmjs.org/@svgr%2fbabel-plugin-remove-jsx-attribute 27ms (cache hit)
2307 silly packumentCache full:https://registry.npmjs.org/@svgr%2fbabel-plugin-remove-jsx-attribute set size:35046 disposed:false
2308 http cache https://registry.npmjs.org/@svgr%2fbabel-plugin-remove-jsx-empty-expression 30ms (cache hit)
2309 silly packumentCache full:https://registry.npmjs.org/@svgr%2fbabel-plugin-remove-jsx-empty-expression set size:30254 disposed:false
2310 http cache https://registry.npmjs.org/@svgr%2fbabel-plugin-add-jsx-attribute 32ms (cache hit)
2311 silly packumentCache full:https://registry.npmjs.org/@svgr%2fbabel-plugin-add-jsx-attribute set size:35625 disposed:false
2312 http cache https://registry.npmjs.org/@svgr%2fbabel-plugin-replace-jsx-attribute-value 33ms (cache hit)
2313 silly packumentCache full:https://registry.npmjs.org/@svgr%2fbabel-plugin-replace-jsx-attribute-value set size:33643 disposed:false
2314 http cache https://registry.npmjs.org/@svgr%2fbabel-plugin-svg-em-dimensions 34ms (cache hit)
2315 silly packumentCache full:https://registry.npmjs.org/@svgr%2fbabel-plugin-svg-em-dimensions set size:37620 disposed:false
2316 http cache https://registry.npmjs.org/@svgr%2fbabel-plugin-svg-dynamic-title 36ms (cache hit)
2317 silly packumentCache full:https://registry.npmjs.org/@svgr%2fbabel-plugin-svg-dynamic-title set size:43228 disposed:false
2318 http cache https://registry.npmjs.org/@svgr%2fbabel-plugin-transform-svg-component 36ms (cache hit)
2319 silly packumentCache full:https://registry.npmjs.org/@svgr%2fbabel-plugin-transform-svg-component set size:63723 disposed:false
2320 http cache https://registry.npmjs.org/@svgr%2fbabel-plugin-transform-react-native-svg 40ms (cache hit)
2321 silly packumentCache full:https://registry.npmjs.org/@svgr%2fbabel-plugin-transform-react-native-svg set size:38224 disposed:false
2322 silly placeDep ROOT @svgr/babel-plugin-add-jsx-attribute@5.4.0 OK for: @svgr/babel-preset@5.5.0 want: ^5.4.0
2323 silly placeDep ROOT @svgr/babel-plugin-remove-jsx-attribute@5.4.0 OK for: @svgr/babel-preset@5.5.0 want: ^5.4.0
2324 silly placeDep ROOT @svgr/babel-plugin-remove-jsx-empty-expression@5.0.1 OK for: @svgr/babel-preset@5.5.0 want: ^5.0.1
2325 silly placeDep ROOT @svgr/babel-plugin-replace-jsx-attribute-value@5.0.1 OK for: @svgr/babel-preset@5.5.0 want: ^5.0.1
2326 silly placeDep ROOT @svgr/babel-plugin-svg-dynamic-title@5.4.0 OK for: @svgr/babel-preset@5.5.0 want: ^5.4.0
2327 silly placeDep ROOT @svgr/babel-plugin-svg-em-dimensions@5.4.0 OK for: @svgr/babel-preset@5.5.0 want: ^5.4.0
2328 silly placeDep ROOT @svgr/babel-plugin-transform-react-native-svg@5.4.0 OK for: @svgr/babel-preset@5.5.0 want: ^5.4.0
2329 silly placeDep ROOT @svgr/babel-plugin-transform-svg-component@5.5.0 OK for: @svgr/babel-preset@5.5.0 want: ^5.5.0
2330 silly placeDep ROOT deepmerge@4.3.1 OK for: @svgr/plugin-svgo@5.5.0 want: ^4.2.2
2331 silly placeDep ROOT svgo@1.3.2 OK for: @svgr/plugin-svgo@5.5.0 want: ^1.2.2
2332 silly fetch manifest coa@^2.0.2
2333 silly packumentCache full:https://registry.npmjs.org/coa cache-miss
2334 silly fetch manifest sax@~1.2.4
2335 silly packumentCache full:https://registry.npmjs.org/sax cache-miss
2336 silly fetch manifest csso@^4.0.2
2337 silly packumentCache full:https://registry.npmjs.org/csso cache-miss
2338 silly fetch manifest chalk@^2.4.1
2339 silly packumentCache full:https://registry.npmjs.org/chalk cache-hit
2340 silly fetch manifest mkdirp@~0.5.1
2341 silly packumentCache full:https://registry.npmjs.org/mkdirp cache-miss
2342 silly fetch manifest stable@^0.1.8
2343 silly packumentCache full:https://registry.npmjs.org/stable cache-miss
2344 silly fetch manifest js-yaml@^3.13.1
2345 silly packumentCache full:https://registry.npmjs.org/js-yaml cache-hit
2346 silly fetch manifest unquote@~1.1.1
2347 silly packumentCache full:https://registry.npmjs.org/unquote cache-miss
2348 silly fetch manifest css-tree@1.0.0-alpha.37
2349 silly packumentCache full:https://registry.npmjs.org/css-tree cache-miss
2350 silly fetch manifest css-select@^2.0.0
2351 silly packumentCache full:https://registry.npmjs.org/css-select cache-miss
2352 silly fetch manifest object.values@^1.1.0
2353 silly packumentCache full:https://registry.npmjs.org/object.values cache-miss
2354 silly fetch manifest util.promisify@~1.0.0
2355 silly packumentCache full:https://registry.npmjs.org/util.promisify cache-miss
2356 silly fetch manifest css-select-base-adapter@^0.1.1
2357 silly packumentCache full:https://registry.npmjs.org/css-select-base-adapter cache-miss
2358 http cache https://registry.npmjs.org/unquote 56ms (cache hit)
2359 silly packumentCache full:https://registry.npmjs.org/unquote set size:5131 disposed:false
2360 http cache https://registry.npmjs.org/sax 68ms (cache hit)
2361 silly packumentCache full:https://registry.npmjs.org/sax set size:91199 disposed:false
2362 http cache https://registry.npmjs.org/csso 69ms (cache hit)
2363 silly packumentCache full:https://registry.npmjs.org/csso set size:202215 disposed:false
2364 http cache https://registry.npmjs.org/coa 81ms (cache hit)
2365 silly packumentCache full:https://registry.npmjs.org/coa set size:43169 disposed:false
2366 http cache https://registry.npmjs.org/css-tree 70ms (cache hit)
2367 silly packumentCache full:https://registry.npmjs.org/css-tree set size:229638 disposed:false
2368 http cache https://registry.npmjs.org/mkdirp 80ms (cache hit)
2369 silly packumentCache full:https://registry.npmjs.org/mkdirp set size:116455 disposed:false
2370 http cache https://registry.npmjs.org/stable 83ms (cache hit)
2371 silly packumentCache full:https://registry.npmjs.org/stable set size:19897 disposed:false
2372 http cache https://registry.npmjs.org/object.values 82ms (cache hit)
2373 silly packumentCache full:https://registry.npmjs.org/object.values set size:49009 disposed:false
2374 http cache https://registry.npmjs.org/css-select 86ms (cache hit)
2375 silly packumentCache full:https://registry.npmjs.org/css-select set size:111202 disposed:false
2376 http cache https://registry.npmjs.org/util.promisify 81ms (cache hit)
2377 silly packumentCache full:https://registry.npmjs.org/util.promisify set size:19966 disposed:false
2378 http cache https://registry.npmjs.org/css-select-base-adapter 81ms (cache hit)
2379 silly packumentCache full:https://registry.npmjs.org/css-select-base-adapter set size:7326 disposed:false
2380 silly fetch manifest @babel/core@^7.8.0
2381 silly packumentCache full:https://registry.npmjs.org/@babel%2fcore cache-hit
2382 silly placeDep ROOT @jest/transform@27.5.1 OK for: babel-jest@27.5.1 want: ^27.5.1
2383 silly placeDep ROOT @jest/types@27.5.1 OK for: babel-jest@27.5.1 want: ^27.5.1
2384 silly placeDep ROOT @types/babel__core@7.20.5 OK for: babel-jest@27.5.1 want: ^7.1.14
2385 silly placeDep ROOT babel-plugin-istanbul@6.1.1 OK for: babel-jest@27.5.1 want: ^6.1.1
2386 silly placeDep ROOT babel-preset-jest@27.5.1 OK for: babel-jest@27.5.1 want: ^27.5.1
2387 silly placeDep ROOT chalk@4.1.2 OK for: babel-jest@27.5.1 want: ^4.0.0
2388 silly placeDep ROOT graceful-fs@4.2.11 OK for: babel-jest@27.5.1 want: ^4.2.9
2389 silly placeDep ROOT slash@3.0.0 OK for: babel-jest@27.5.1 want: ^3.0.0
2390 silly fetch manifest pirates@^4.0.4
2391 silly packumentCache full:https://registry.npmjs.org/pirates cache-miss
2392 silly fetch manifest micromatch@^4.0.4
2393 silly packumentCache full:https://registry.npmjs.org/micromatch cache-hit
2394 silly fetch manifest jest-regex-util@^27.5.1
2395 silly packumentCache full:https://registry.npmjs.org/jest-regex-util cache-hit
2396 silly fetch manifest write-file-atomic@^3.0.0
2397 silly packumentCache full:https://registry.npmjs.org/write-file-atomic cache-miss
2398 silly fetch manifest convert-source-map@^1.4.0
2399 silly packumentCache full:https://registry.npmjs.org/convert-source-map cache-hit
2400 silly fetch manifest fast-json-stable-stringify@^2.0.0
2401 silly packumentCache full:https://registry.npmjs.org/fast-json-stable-stringify cache-hit
2402 silly fetch manifest @types/node@*
2403 silly packumentCache full:https://registry.npmjs.org/@types%2fnode cache-miss
2404 silly fetch manifest @types/yargs@^16.0.0
2405 silly packumentCache full:https://registry.npmjs.org/@types%2fyargs cache-miss
2406 silly fetch manifest @types/istanbul-reports@^3.0.0
2407 silly packumentCache full:https://registry.npmjs.org/@types%2fistanbul-reports cache-miss
2408 silly fetch manifest @types/istanbul-lib-coverage@^2.0.0
2409 silly packumentCache full:https://registry.npmjs.org/@types%2fistanbul-lib-coverage cache-miss
2410 silly fetch manifest @types/babel__template@*
2411 silly packumentCache full:https://registry.npmjs.org/@types%2fbabel__template cache-miss
2412 silly fetch manifest @types/babel__traverse@*
2413 silly packumentCache full:https://registry.npmjs.org/@types%2fbabel__traverse cache-miss
2414 silly fetch manifest @types/babel__generator@*
2415 silly packumentCache full:https://registry.npmjs.org/@types%2fbabel__generator cache-miss
2416 silly fetch manifest test-exclude@^6.0.0
2417 silly packumentCache full:https://registry.npmjs.org/test-exclude cache-miss
2418 silly fetch manifest @istanbuljs/schema@^0.1.2
2419 silly packumentCache full:https://registry.npmjs.org/@istanbuljs%2fschema cache-miss
2420 http cache https://registry.npmjs.org/pirates 46ms (cache hit)
2421 silly packumentCache full:https://registry.npmjs.org/pirates set size:51327 disposed:false
2422 silly fetch manifest istanbul-lib-instrument@^5.0.4
2423 silly packumentCache full:https://registry.npmjs.org/istanbul-lib-instrument cache-miss
2424 http cache https://registry.npmjs.org/@types%2fyargs 52ms (cache hit)
2425 silly packumentCache full:https://registry.npmjs.org/@types%2fyargs set size:390540 disposed:false
2426 silly fetch manifest @istanbuljs/load-nyc-config@^1.0.0
2427 silly packumentCache full:https://registry.npmjs.org/@istanbuljs%2fload-nyc-config cache-miss
2428 http cache https://registry.npmjs.org/write-file-atomic 64ms (cache hit)
2429 silly packumentCache full:https://registry.npmjs.org/write-file-atomic set size:80317 disposed:false
2430 silly fetch manifest babel-plugin-jest-hoist@^27.5.1
2431 silly packumentCache full:https://registry.npmjs.org/babel-plugin-jest-hoist cache-miss
2432 http cache https://registry.npmjs.org/@types%2fistanbul-lib-coverage 67ms (cache hit)
2433 silly packumentCache full:https://registry.npmjs.org/@types%2fistanbul-lib-coverage set size:18110 disposed:false
2434 silly fetch manifest babel-preset-current-node-syntax@^1.0.0
2435 silly packumentCache full:https://registry.npmjs.org/babel-preset-current-node-syntax cache-miss
2436 http cache https://registry.npmjs.org/@types%2fbabel__template 69ms (cache hit)
2437 silly packumentCache full:https://registry.npmjs.org/@types%2fbabel__template set size:22631 disposed:false
2438 silly fetch manifest ansi-styles@^4.1.0
2439 silly packumentCache full:https://registry.npmjs.org/ansi-styles cache-miss
2440 http cache https://registry.npmjs.org/@types%2fistanbul-reports 73ms (cache hit)
2441 silly packumentCache full:https://registry.npmjs.org/@types%2fistanbul-reports set size:17607 disposed:false
2442 silly fetch manifest supports-color@^7.1.0
2443 silly packumentCache full:https://registry.npmjs.org/supports-color cache-miss
2444 http cache https://registry.npmjs.org/@types%2fbabel__traverse 72ms (cache hit)
2445 silly packumentCache full:https://registry.npmjs.org/@types%2fbabel__traverse set size:107819 disposed:false
2446 http cache https://registry.npmjs.org/@types%2fnode 115ms (cache hit)
2447 silly packumentCache full:https://registry.npmjs.org/@types%2fnode set size:10972342 disposed:false
2448 http cache https://registry.npmjs.org/@types%2fbabel__generator 231ms (cache hit)
2449 silly packumentCache full:https://registry.npmjs.org/@types%2fbabel__generator set size:31587 disposed:false
2450 http cache https://registry.npmjs.org/test-exclude 234ms (cache hit)
2451 silly packumentCache full:https://registry.npmjs.org/test-exclude set size:89897 disposed:false
2452 http cache https://registry.npmjs.org/@istanbuljs%2fschema 236ms (cache hit)
2453 silly packumentCache full:https://registry.npmjs.org/@istanbuljs%2fschema set size:12737 disposed:false
2454 http cache https://registry.npmjs.org/@istanbuljs%2fload-nyc-config 198ms (cache hit)
2455 silly packumentCache full:https://registry.npmjs.org/@istanbuljs%2fload-nyc-config set size:17425 disposed:false
2456 http cache https://registry.npmjs.org/istanbul-lib-instrument 211ms (cache hit)
2457 silly packumentCache full:https://registry.npmjs.org/istanbul-lib-instrument set size:219175 disposed:false
2458 http cache https://registry.npmjs.org/babel-plugin-jest-hoist 200ms (cache hit)
2459 silly packumentCache full:https://registry.npmjs.org/babel-plugin-jest-hoist set size:463515 disposed:false
2460 http cache https://registry.npmjs.org/babel-preset-current-node-syntax 200ms (cache hit)
2461 silly packumentCache full:https://registry.npmjs.org/babel-preset-current-node-syntax set size:33355 disposed:false
2462 http cache https://registry.npmjs.org/supports-color 198ms (cache hit)
2463 silly packumentCache full:https://registry.npmjs.org/supports-color set size:118680 disposed:false
2464 http cache https://registry.npmjs.org/ansi-styles 204ms (cache hit)
2465 silly packumentCache full:https://registry.npmjs.org/ansi-styles set size:63233 disposed:false
2466 silly placeDep node_modules/@jest/transform convert-source-map@1.9.0 OK for: @jest/transform@27.5.1 want: ^1.4.0
2467 silly placeDep ROOT fast-json-stable-stringify@2.1.0 OK for: @jest/transform@27.5.1 want: ^2.0.0
2468 silly placeDep ROOT jest-haste-map@27.5.1 OK for: @jest/transform@27.5.1 want: ^27.5.1
2469 silly placeDep ROOT jest-regex-util@27.5.1 OK for: @jest/transform@27.5.1 want: ^27.5.1
2470 silly placeDep ROOT jest-util@27.5.1 OK for: @jest/transform@27.5.1 want: ^27.5.1
2471 silly placeDep ROOT micromatch@4.0.8 OK for: @jest/transform@27.5.1 want: ^4.0.4
2472 silly placeDep ROOT pirates@4.0.7 OK for: @jest/transform@27.5.1 want: ^4.0.4
2473 silly placeDep node_modules/@jest/transform source-map@0.6.1 OK for: @jest/transform@27.5.1 want: ^0.6.1
2474 silly placeDep ROOT write-file-atomic@3.0.3 OK for: @jest/transform@27.5.1 want: ^3.0.0
2475 silly fetch manifest walker@^1.0.7
2476 silly packumentCache full:https://registry.npmjs.org/walker cache-miss
2477 silly fetch manifest anymatch@^3.0.3
2478 silly packumentCache full:https://registry.npmjs.org/anymatch cache-miss
2479 silly fetch manifest fb-watchman@^2.0.0
2480 silly packumentCache full:https://registry.npmjs.org/fb-watchman cache-miss
2481 silly fetch manifest jest-worker@^27.5.1
2482 silly packumentCache full:https://registry.npmjs.org/jest-worker cache-hit
2483 silly fetch manifest jest-serializer@^27.5.1
2484 silly packumentCache full:https://registry.npmjs.org/jest-serializer cache-miss
2485 silly fetch manifest @types/graceful-fs@^4.1.2
2486 silly packumentCache full:https://registry.npmjs.org/@types%2fgraceful-fs cache-miss
2487 silly fetch manifest ci-info@^3.2.0
2488 silly packumentCache full:https://registry.npmjs.org/ci-info cache-miss
2489 silly fetch manifest picomatch@^2.2.3
2490 silly packumentCache full:https://registry.npmjs.org/picomatch cache-miss
2491 silly fetch manifest braces@^3.0.3
2492 silly packumentCache full:https://registry.npmjs.org/braces cache-miss
2493 silly fetch manifest picomatch@^2.3.1
2494 silly packumentCache full:https://registry.npmjs.org/picomatch cache-miss
2495 silly fetch manifest signal-exit@^3.0.2
2496 silly packumentCache full:https://registry.npmjs.org/signal-exit cache-miss
2497 silly fetch manifest is-typedarray@^1.0.0
2498 silly packumentCache full:https://registry.npmjs.org/is-typedarray cache-miss
2499 http cache https://registry.npmjs.org/fb-watchman 57ms (cache hit)
2500 silly packumentCache full:https://registry.npmjs.org/fb-watchman set size:28099 disposed:false
2501 silly fetch manifest typedarray-to-buffer@^3.1.5
2502 silly packumentCache full:https://registry.npmjs.org/typedarray-to-buffer cache-miss
2503 http cache https://registry.npmjs.org/anymatch 62ms (cache hit)
2504 silly packumentCache full:https://registry.npmjs.org/anymatch set size:42974 disposed:false
2505 http cache https://registry.npmjs.org/walker 64ms (cache hit)
2506 silly packumentCache full:https://registry.npmjs.org/walker set size:16077 disposed:false
2507 http cache https://registry.npmjs.org/@types%2fgraceful-fs 64ms (cache hit)
2508 silly packumentCache full:https://registry.npmjs.org/@types%2fgraceful-fs set size:38755 disposed:false
2509 http cache https://registry.npmjs.org/braces 63ms (cache hit)
2510 silly packumentCache full:https://registry.npmjs.org/braces set size:114529 disposed:false
2511 http cache https://registry.npmjs.org/picomatch 67ms (cache hit)
2512 silly packumentCache full:https://registry.npmjs.org/picomatch set size:126376 disposed:false
2513 http cache https://registry.npmjs.org/jest-serializer 73ms (cache hit)
2514 silly packumentCache full:https://registry.npmjs.org/jest-serializer set size:225850 disposed:false
2515 http cache https://registry.npmjs.org/picomatch 72ms (cache hit)
2516 silly packumentCache full:https://registry.npmjs.org/picomatch set size:126376 disposed:false
2517 silly packumentCache full:https://registry.npmjs.org/picomatch dispose
2518 http cache https://registry.npmjs.org/signal-exit 74ms (cache hit)
2519 silly packumentCache full:https://registry.npmjs.org/signal-exit set size:53489 disposed:false
2520 http cache https://registry.npmjs.org/ci-info 78ms (cache hit)
2521 silly packumentCache full:https://registry.npmjs.org/ci-info set size:91363 disposed:false
2522 http cache https://registry.npmjs.org/is-typedarray 77ms (cache hit)
2523 silly packumentCache full:https://registry.npmjs.org/is-typedarray set size:3992 disposed:false
2524 http cache https://registry.npmjs.org/typedarray-to-buffer 33ms (cache hit)
2525 silly packumentCache full:https://registry.npmjs.org/typedarray-to-buffer set size:38803 disposed:false
2526 silly placeDep ROOT @types/istanbul-lib-coverage@2.0.6 OK for: @jest/types@27.5.1 want: ^2.0.0
2527 silly placeDep ROOT @types/istanbul-reports@3.0.4 OK for: @jest/types@27.5.1 want: ^3.0.0
2528 silly placeDep ROOT @types/node@25.6.0 OK for: @jest/types@27.5.1 want: *
2529 silly placeDep ROOT @types/yargs@16.0.11 OK for: @jest/types@27.5.1 want: ^16.0.0
2530 silly fetch manifest @types/istanbul-lib-report@*
2531 silly packumentCache full:https://registry.npmjs.org/@types%2fistanbul-lib-report cache-miss
2532 silly fetch manifest undici-types@~7.19.0
2533 silly packumentCache full:https://registry.npmjs.org/undici-types cache-miss
2534 silly fetch manifest @types/yargs-parser@*
2535 silly packumentCache full:https://registry.npmjs.org/@types%2fyargs-parser cache-miss
2536 http cache https://registry.npmjs.org/@types%2fistanbul-lib-report 11ms (cache hit)
2537 silly packumentCache full:https://registry.npmjs.org/@types%2fistanbul-lib-report set size:12674 disposed:false
2538 http cache https://registry.npmjs.org/@types%2fyargs-parser 13ms (cache hit)
2539 silly packumentCache full:https://registry.npmjs.org/@types%2fyargs-parser set size:42751 disposed:false
2540 http cache https://registry.npmjs.org/undici-types 15ms (cache hit)
2541 silly packumentCache full:https://registry.npmjs.org/undici-types set size:200280 disposed:false
2542 silly placeDep ROOT @types/babel__generator@7.27.0 OK for: @types/babel__core@7.20.5 want: *
2543 silly placeDep ROOT @types/babel__template@7.4.4 OK for: @types/babel__core@7.20.5 want: *
2544 silly placeDep ROOT @types/babel__traverse@7.28.0 OK for: @types/babel__core@7.20.5 want: *
2545 silly placeDep ROOT @types/istanbul-lib-report@3.0.3 OK for: @types/istanbul-reports@3.0.4 want: *
2546 silly placeDep ROOT undici-types@7.19.2 OK for: @types/node@25.6.0 want: ~7.19.0
2547 silly placeDep ROOT @types/yargs-parser@21.0.3 OK for: @types/yargs@16.0.11 want: *
2548 silly placeDep ROOT find-cache-dir@3.3.2 OK for: babel-loader@8.4.1 want: ^3.3.1
2549 silly placeDep ROOT make-dir@3.1.0 OK for: babel-loader@8.4.1 want: ^3.1.0
2550 silly placeDep node_modules/babel-loader schema-utils@2.7.1 OK for: babel-loader@8.4.1 want: ^2.6.5
2551 silly fetch manifest pkg-dir@^4.1.0
2552 silly packumentCache full:https://registry.npmjs.org/pkg-dir cache-miss
2553 silly fetch manifest make-dir@^3.0.2
2554 silly packumentCache full:https://registry.npmjs.org/make-dir cache-hit
2555 silly fetch manifest commondir@^1.0.1
2556 silly packumentCache full:https://registry.npmjs.org/commondir cache-miss
2557 silly fetch manifest semver@^6.0.0
2558 silly packumentCache full:https://registry.npmjs.org/semver cache-hit
2559 silly fetch manifest ajv-keywords@^3.5.2
2560 silly packumentCache full:https://registry.npmjs.org/ajv-keywords cache-hit
2561 silly fetch manifest @types/json-schema@^7.0.5
2562 silly packumentCache full:https://registry.npmjs.org/@types%2fjson-schema cache-hit
2563 http cache https://registry.npmjs.org/pkg-dir 13ms (cache hit)
2564 silly packumentCache full:https://registry.npmjs.org/pkg-dir set size:30166 disposed:false
2565 http cache https://registry.npmjs.org/commondir 14ms (cache hit)
2566 silly packumentCache full:https://registry.npmjs.org/commondir set size:8375 disposed:false
2567 silly placeDep ROOT @istanbuljs/load-nyc-config@1.1.0 OK for: babel-plugin-istanbul@6.1.1 want: ^1.0.0
2568 silly placeDep ROOT @istanbuljs/schema@0.1.3 OK for: babel-plugin-istanbul@6.1.1 want: ^0.1.2
2569 silly placeDep ROOT istanbul-lib-instrument@5.2.1 OK for: babel-plugin-istanbul@6.1.1 want: ^5.0.4
2570 silly placeDep ROOT test-exclude@6.0.0 OK for: babel-plugin-istanbul@6.1.1 want: ^6.0.0
2571 silly fetch manifest camelcase@^5.3.1
2572 silly packumentCache full:https://registry.npmjs.org/camelcase cache-hit
2573 silly fetch manifest find-up@^4.1.0
2574 silly packumentCache full:https://registry.npmjs.org/find-up cache-hit
2575 silly fetch manifest get-package-type@^0.1.0
2576 silly packumentCache full:https://registry.npmjs.org/get-package-type cache-miss
2577 silly fetch manifest resolve-from@^5.0.0
2578 silly packumentCache full:https://registry.npmjs.org/resolve-from cache-miss
2579 silly fetch manifest semver@^6.3.0
2580 silly packumentCache full:https://registry.npmjs.org/semver cache-hit
2581 silly fetch manifest istanbul-lib-coverage@^3.2.0
2582 silly packumentCache full:https://registry.npmjs.org/istanbul-lib-coverage cache-miss
2583 silly fetch manifest glob@^7.1.4
2584 silly packumentCache full:https://registry.npmjs.org/glob cache-miss
2585 silly fetch manifest minimatch@^3.0.4
2586 silly packumentCache full:https://registry.npmjs.org/minimatch cache-hit
2587 http cache https://registry.npmjs.org/resolve-from 16ms (cache hit)
2588 silly packumentCache full:https://registry.npmjs.org/resolve-from set size:12911 disposed:false
2589 http cache https://registry.npmjs.org/get-package-type 18ms (cache hit)
2590 silly packumentCache full:https://registry.npmjs.org/get-package-type set size:4414 disposed:false
2591 http cache https://registry.npmjs.org/istanbul-lib-coverage 18ms (cache hit)
2592 silly packumentCache full:https://registry.npmjs.org/istanbul-lib-coverage set size:75651 disposed:false
2593 http cache https://registry.npmjs.org/glob 21ms (cache hit)
2594 silly packumentCache full:https://registry.npmjs.org/glob set size:469465 disposed:false
2595 silly placeDep node_modules/@istanbuljs/load-nyc-config camelcase@5.3.1 OK for: @istanbuljs/load-nyc-config@1.1.0 want: ^5.3.1
2596 silly placeDep ROOT find-up@4.1.0 OK for: @istanbuljs/load-nyc-config@1.1.0 want: ^4.1.0
2597 silly placeDep ROOT get-package-type@0.1.0 OK for: @istanbuljs/load-nyc-config@1.1.0 want: ^0.1.0
2598 silly placeDep ROOT js-yaml@3.14.2 OK for: @istanbuljs/load-nyc-config@1.1.0 want: ^3.13.1
2599 silly placeDep ROOT resolve-from@5.0.0 OK for: @istanbuljs/load-nyc-config@1.1.0 want: ^5.0.0
2600 silly fetch manifest locate-path@^5.0.0
2601 silly packumentCache full:https://registry.npmjs.org/locate-path cache-miss
2602 silly fetch manifest path-exists@^4.0.0
2603 silly packumentCache full:https://registry.npmjs.org/path-exists cache-miss
2604 silly fetch manifest esprima@^4.0.0
2605 silly packumentCache full:https://registry.npmjs.org/esprima cache-miss
2606 silly fetch manifest argparse@^1.0.7
2607 silly packumentCache full:https://registry.npmjs.org/argparse cache-miss
2608 http cache https://registry.npmjs.org/locate-path 11ms (cache hit)
2609 silly packumentCache full:https://registry.npmjs.org/locate-path set size:31329 disposed:false
2610 http cache https://registry.npmjs.org/esprima 13ms (cache hit)
2611 silly packumentCache full:https://registry.npmjs.org/esprima set size:118410 disposed:false
2612 http cache https://registry.npmjs.org/path-exists 16ms (cache hit)
2613 silly packumentCache full:https://registry.npmjs.org/path-exists set size:13704 disposed:false
2614 http cache https://registry.npmjs.org/argparse 16ms (cache hit)
2615 silly packumentCache full:https://registry.npmjs.org/argparse set size:49266 disposed:false
2616 silly fetch manifest @babel/core@^7.4.0 || ^8.0.0-0 <8.0.0
2617 silly packumentCache full:https://registry.npmjs.org/@babel%2fcore cache-hit
2618 silly placeDep ROOT @babel/helper-define-polyfill-provider@0.6.8 OK for: babel-plugin-polyfill-corejs2@0.4.17 want: ^0.6.8
2619 silly placeDep node_modules/babel-plugin-polyfill-corejs2 semver@6.3.1 OK for: babel-plugin-polyfill-corejs2@0.4.17 want: ^6.3.1
2620 silly fetch manifest lodash.debounce@^4.0.8
2621 silly packumentCache full:https://registry.npmjs.org/lodash.debounce cache-miss
2622 http cache https://registry.npmjs.org/lodash.debounce 9ms (cache hit)
2623 silly packumentCache full:https://registry.npmjs.org/lodash.debounce set size:44123 disposed:false
2624 silly placeDep ROOT lodash.debounce@4.0.8 OK for: @babel/helper-define-polyfill-provider@0.6.8 want: ^4.0.8
2625 silly placeDep ROOT babel-plugin-jest-hoist@27.5.1 OK for: babel-preset-jest@27.5.1 want: ^27.5.1
2626 silly placeDep ROOT babel-preset-current-node-syntax@1.2.0 OK for: babel-preset-jest@27.5.1 want: ^1.0.0
2627 silly fetch manifest @babel/plugin-syntax-async-generators@^7.8.4
2628 silly packumentCache full:https://registry.npmjs.org/@babel%2fplugin-syntax-async-generators cache-miss
2629 silly fetch manifest @babel/plugin-syntax-bigint@^7.8.3
2630 silly packumentCache full:https://registry.npmjs.org/@babel%2fplugin-syntax-bigint cache-miss
2631 silly fetch manifest @babel/plugin-syntax-class-properties@^7.12.13
2632 silly packumentCache full:https://registry.npmjs.org/@babel%2fplugin-syntax-class-properties cache-miss
2633 silly fetch manifest @babel/plugin-syntax-class-static-block@^7.14.5
2634 silly packumentCache full:https://registry.npmjs.org/@babel%2fplugin-syntax-class-static-block cache-miss
2635 silly fetch manifest @babel/plugin-syntax-import-meta@^7.10.4
2636 silly packumentCache full:https://registry.npmjs.org/@babel%2fplugin-syntax-import-meta cache-miss
2637 silly fetch manifest @babel/plugin-syntax-json-strings@^7.8.3
2638 silly packumentCache full:https://registry.npmjs.org/@babel%2fplugin-syntax-json-strings cache-miss
2639 silly fetch manifest @babel/plugin-syntax-logical-assignment-operators@^7.10.4
2640 silly packumentCache full:https://registry.npmjs.org/@babel%2fplugin-syntax-logical-assignment-operators cache-miss
2641 silly fetch manifest @babel/plugin-syntax-nullish-coalescing-operator@^7.8.3
2642 silly packumentCache full:https://registry.npmjs.org/@babel%2fplugin-syntax-nullish-coalescing-operator cache-miss
2643 silly fetch manifest @babel/plugin-syntax-numeric-separator@^7.10.4
2644 silly packumentCache full:https://registry.npmjs.org/@babel%2fplugin-syntax-numeric-separator cache-miss
2645 silly fetch manifest @babel/plugin-syntax-object-rest-spread@^7.8.3
2646 silly packumentCache full:https://registry.npmjs.org/@babel%2fplugin-syntax-object-rest-spread cache-miss
2647 silly fetch manifest @babel/plugin-syntax-optional-catch-binding@^7.8.3
2648 silly packumentCache full:https://registry.npmjs.org/@babel%2fplugin-syntax-optional-catch-binding cache-miss
2649 http cache https://registry.npmjs.org/@babel%2fplugin-syntax-class-properties 25ms (cache hit)
2650 silly packumentCache full:https://registry.npmjs.org/@babel%2fplugin-syntax-class-properties set size:92860 disposed:false
2651 silly fetch manifest @babel/plugin-syntax-optional-chaining@^7.8.3
2652 silly packumentCache full:https://registry.npmjs.org/@babel%2fplugin-syntax-optional-chaining cache-miss
2653 http cache https://registry.npmjs.org/@babel%2fplugin-syntax-bigint 28ms (cache hit)
2654 silly packumentCache full:https://registry.npmjs.org/@babel%2fplugin-syntax-bigint set size:55302 disposed:false
2655 silly fetch manifest @babel/plugin-syntax-private-property-in-object@^7.14.5
2656 silly packumentCache full:https://registry.npmjs.org/@babel%2fplugin-syntax-private-property-in-object cache-miss
2657 http cache https://registry.npmjs.org/@babel%2fplugin-syntax-class-static-block 31ms (cache hit)
2658 silly packumentCache full:https://registry.npmjs.org/@babel%2fplugin-syntax-class-static-block set size:11519 disposed:false
2659 silly fetch manifest @babel/plugin-syntax-top-level-await@^7.14.5
2660 silly packumentCache full:https://registry.npmjs.org/@babel%2fplugin-syntax-top-level-await cache-miss
2661 http cache https://registry.npmjs.org/@babel%2fplugin-syntax-import-meta 32ms (cache hit)
2662 silly packumentCache full:https://registry.npmjs.org/@babel%2fplugin-syntax-import-meta set size:76236 disposed:false
2663 http cache https://registry.npmjs.org/@babel%2fplugin-syntax-nullish-coalescing-operator 33ms (cache hit)
2664 silly packumentCache full:https://registry.npmjs.org/@babel%2fplugin-syntax-nullish-coalescing-operator set size:85378 disposed:false
2665 http cache https://registry.npmjs.org/@babel%2fplugin-syntax-numeric-separator 34ms (cache hit)
2666 silly packumentCache full:https://registry.npmjs.org/@babel%2fplugin-syntax-numeric-separator set size:91054 disposed:false
2667 http cache https://registry.npmjs.org/@babel%2fplugin-syntax-logical-assignment-operators 37ms (cache hit)
2668 silly packumentCache full:https://registry.npmjs.org/@babel%2fplugin-syntax-logical-assignment-operators set size:72392 disposed:false
2669 http cache https://registry.npmjs.org/@babel%2fplugin-syntax-json-strings 39ms (cache hit)
2670 silly packumentCache full:https://registry.npmjs.org/@babel%2fplugin-syntax-json-strings set size:50036 disposed:false
2671 http cache https://registry.npmjs.org/@babel%2fplugin-syntax-object-rest-spread 39ms (cache hit)
2672 silly packumentCache full:https://registry.npmjs.org/@babel%2fplugin-syntax-object-rest-spread set size:82808 disposed:false
2673 http cache https://registry.npmjs.org/@babel%2fplugin-syntax-optional-catch-binding 40ms (cache hit)
2674 silly packumentCache full:https://registry.npmjs.org/@babel%2fplugin-syntax-optional-catch-binding set size:83975 disposed:false
2675 http cache https://registry.npmjs.org/@babel%2fplugin-syntax-async-generators 46ms (cache hit)
2676 silly packumentCache full:https://registry.npmjs.org/@babel%2fplugin-syntax-async-generators set size:82646 disposed:false
2677 http cache https://registry.npmjs.org/@babel%2fplugin-syntax-private-property-in-object 23ms (cache hit)
2678 silly packumentCache full:https://registry.npmjs.org/@babel%2fplugin-syntax-private-property-in-object set size:6479 disposed:false
2679 http cache https://registry.npmjs.org/@babel%2fplugin-syntax-top-level-await 22ms (cache hit)
2680 silly packumentCache full:https://registry.npmjs.org/@babel%2fplugin-syntax-top-level-await set size:25370 disposed:false
2681 http cache https://registry.npmjs.org/@babel%2fplugin-syntax-optional-chaining 29ms (cache hit)
2682 silly packumentCache full:https://registry.npmjs.org/@babel%2fplugin-syntax-optional-chaining set size:82606 disposed:false
2683 silly fetch manifest @babel/core@^7.0.0 || ^8.0.0-0
2684 silly packumentCache full:https://registry.npmjs.org/@babel%2fcore cache-hit
2685 silly placeDep ROOT @babel/plugin-syntax-async-generators@7.8.4 OK for: babel-preset-current-node-syntax@1.2.0 want: ^7.8.4
2686 silly placeDep ROOT @babel/plugin-syntax-bigint@7.8.3 OK for: babel-preset-current-node-syntax@1.2.0 want: ^7.8.3
2687 silly placeDep ROOT @babel/plugin-syntax-class-properties@7.12.13 OK for: babel-preset-current-node-syntax@1.2.0 want: ^7.12.13
2688 silly placeDep ROOT @babel/plugin-syntax-class-static-block@7.14.5 OK for: babel-preset-current-node-syntax@1.2.0 want: ^7.14.5
2689 silly placeDep ROOT @babel/plugin-syntax-import-meta@7.10.4 OK for: babel-preset-current-node-syntax@1.2.0 want: ^7.10.4
2690 silly placeDep ROOT @babel/plugin-syntax-json-strings@7.8.3 OK for: babel-preset-current-node-syntax@1.2.0 want: ^7.8.3
2691 silly placeDep ROOT @babel/plugin-syntax-logical-assignment-operators@7.10.4 OK for: babel-preset-current-node-syntax@1.2.0 want: ^7.10.4
2692 silly placeDep ROOT @babel/plugin-syntax-nullish-coalescing-operator@7.8.3 OK for: babel-preset-current-node-syntax@1.2.0 want: ^7.8.3
2693 silly placeDep ROOT @babel/plugin-syntax-numeric-separator@7.10.4 OK for: babel-preset-current-node-syntax@1.2.0 want: ^7.10.4
2694 silly placeDep ROOT @babel/plugin-syntax-object-rest-spread@7.8.3 OK for: babel-preset-current-node-syntax@1.2.0 want: ^7.8.3
2695 silly placeDep ROOT @babel/plugin-syntax-optional-catch-binding@7.8.3 OK for: babel-preset-current-node-syntax@1.2.0 want: ^7.8.3
2696 silly placeDep ROOT @babel/plugin-syntax-optional-chaining@7.8.3 OK for: babel-preset-current-node-syntax@1.2.0 want: ^7.8.3
2697 silly placeDep ROOT @babel/plugin-syntax-private-property-in-object@7.14.5 OK for: babel-preset-current-node-syntax@1.2.0 want: ^7.14.5
2698 silly placeDep ROOT @babel/plugin-syntax-top-level-await@7.14.5 OK for: babel-preset-current-node-syntax@1.2.0 want: ^7.14.5
2699 silly placeDep ROOT @babel/plugin-proposal-class-properties@7.18.6 OK for: babel-preset-react-app@10.1.0 want: ^7.16.0
2700 silly placeDep ROOT @babel/plugin-proposal-decorators@7.29.0 OK for: babel-preset-react-app@10.1.0 want: ^7.16.4
2701 silly placeDep ROOT @babel/plugin-proposal-nullish-coalescing-operator@7.18.6 OK for: babel-preset-react-app@10.1.0 want: ^7.16.0
2702 silly placeDep ROOT @babel/plugin-proposal-numeric-separator@7.18.6 OK for: babel-preset-react-app@10.1.0 want: ^7.16.0
2703 silly placeDep ROOT @babel/plugin-proposal-optional-chaining@7.21.0 OK for: babel-preset-react-app@10.1.0 want: ^7.16.0
2704 silly placeDep ROOT @babel/plugin-proposal-private-methods@7.18.6 OK for: babel-preset-react-app@10.1.0 want: ^7.16.0
2705 silly placeDep node_modules/babel-preset-react-app @babel/plugin-proposal-private-property-in-object@7.21.11 OK for: babel-preset-react-app@10.1.0 want: ^7.16.7
2706 silly placeDep ROOT @babel/plugin-transform-flow-strip-types@7.27.1 OK for: babel-preset-react-app@10.1.0 want: ^7.16.0
2707 silly placeDep ROOT @babel/plugin-transform-runtime@7.29.0 OK for: babel-preset-react-app@10.1.0 want: ^7.16.4
2708 silly placeDep ROOT @babel/preset-typescript@7.28.5 OK for: babel-preset-react-app@10.1.0 want: ^7.16.0
2709 silly placeDep ROOT @babel/runtime@7.29.2 OK for: babel-preset-react-app@10.1.0 want: ^7.16.3
2710 silly placeDep ROOT babel-plugin-macros@3.1.0 OK for: babel-preset-react-app@10.1.0 want: ^3.1.0
2711 silly placeDep ROOT babel-plugin-transform-react-remove-prop-types@0.4.24 OK for: babel-preset-react-app@10.1.0 want: ^0.4.24
2712 silly fetch manifest @babel/plugin-syntax-decorators@^7.28.6
2713 silly packumentCache full:https://registry.npmjs.org/@babel%2fplugin-syntax-decorators cache-miss
2714 silly fetch manifest @babel/plugin-syntax-flow@^7.27.1
2715 silly packumentCache full:https://registry.npmjs.org/@babel%2fplugin-syntax-flow cache-miss
2716 silly fetch manifest babel-plugin-polyfill-corejs3@^0.13.0
2717 silly packumentCache full:https://registry.npmjs.org/babel-plugin-polyfill-corejs3 cache-hit
2718 silly fetch manifest @babel/plugin-transform-typescript@^7.28.5
2719 silly packumentCache full:https://registry.npmjs.org/@babel%2fplugin-transform-typescript cache-miss
2720 http cache https://registry.npmjs.org/@babel%2fplugin-syntax-flow 14ms (cache hit)
2721 silly packumentCache full:https://registry.npmjs.org/@babel%2fplugin-syntax-flow set size:188912 disposed:false
2722 http cache https://registry.npmjs.org/@babel%2fplugin-transform-typescript 16ms (cache hit)
2723 silly packumentCache full:https://registry.npmjs.org/@babel%2fplugin-transform-typescript set size:388299 disposed:false
2724 http cache https://registry.npmjs.org/@babel%2fplugin-syntax-decorators 22ms (cache hit)
2725 silly packumentCache full:https://registry.npmjs.org/@babel%2fplugin-syntax-decorators set size:203546 disposed:false
2726 silly placeDep ROOT @babel/plugin-syntax-decorators@7.28.6 OK for: @babel/plugin-proposal-decorators@7.29.0 want: ^7.28.6
2727 silly placeDep ROOT @babel/plugin-syntax-flow@7.28.6 OK for: @babel/plugin-transform-flow-strip-types@7.27.1 want: ^7.27.1
2728 silly placeDep node_modules/@babel/plugin-transform-runtime babel-plugin-polyfill-corejs3@0.13.0 OK for: @babel/plugin-transform-runtime@7.29.0 want: ^0.13.0
2729 silly placeDep node_modules/@babel/plugin-transform-runtime semver@6.3.1 OK for: @babel/plugin-transform-runtime@7.29.0 want: ^6.3.1
2730 silly placeDep ROOT @babel/plugin-transform-typescript@7.28.6 OK for: @babel/preset-typescript@7.28.5 want: ^7.28.5
2731 silly fetch manifest @babel/plugin-syntax-typescript@^7.28.6
2732 silly packumentCache full:https://registry.npmjs.org/@babel%2fplugin-syntax-typescript cache-miss
2733 http cache https://registry.npmjs.org/@babel%2fplugin-syntax-typescript 10ms (cache hit)
2734 silly packumentCache full:https://registry.npmjs.org/@babel%2fplugin-syntax-typescript set size:206321 disposed:false
2735 silly placeDep ROOT @babel/plugin-syntax-typescript@7.28.6 OK for: @babel/plugin-transform-typescript@7.28.6 want: ^7.28.6
2736 silly placeDep ROOT bluebird@3.7.2 OK for: bfj@7.1.0 want: ^3.7.2
2737 silly placeDep ROOT check-types@11.2.3 OK for: bfj@7.1.0 want: ^11.2.3
2738 silly placeDep ROOT hoopy@0.1.4 OK for: bfj@7.1.0 want: ^0.1.4
2739 silly placeDep ROOT jsonpath@1.3.0 OK for: bfj@7.1.0 want: ^1.1.1
2740 silly placeDep ROOT tryer@1.0.1 OK for: bfj@7.1.0 want: ^1.0.1
2741 silly fetch manifest esprima@1.2.5
2742 silly packumentCache full:https://registry.npmjs.org/esprima cache-hit
2743 silly fetch manifest static-eval@2.1.1
2744 silly packumentCache full:https://registry.npmjs.org/static-eval cache-miss
2745 silly fetch manifest underscore@1.13.6
2746 silly packumentCache full:https://registry.npmjs.org/underscore cache-miss
2747 http cache https://registry.npmjs.org/underscore 15ms (cache hit)
2748 silly packumentCache full:https://registry.npmjs.org/underscore set size:160144 disposed:false
2749 http cache https://registry.npmjs.org/static-eval 21ms (cache hit)
2750 silly packumentCache full:https://registry.npmjs.org/static-eval set size:54854 disposed:false
2751 silly fetch manifest browserslist@>= 4.21.0
2752 silly packumentCache full:https://registry.npmjs.org/browserslist cache-hit
2753 silly placeDep ROOT baseline-browser-mapping@2.10.18 OK for: browserslist@4.28.2 want: ^2.10.12
2754 silly placeDep ROOT caniuse-lite@1.0.30001787 OK for: browserslist@4.28.2 want: ^1.0.30001782
2755 silly placeDep ROOT electron-to-chromium@1.5.335 OK for: browserslist@4.28.2 want: ^1.5.328
2756 silly placeDep ROOT node-releases@2.0.37 OK for: browserslist@4.28.2 want: ^2.0.36
2757 silly placeDep ROOT update-browserslist-db@1.2.3 OK for: browserslist@4.28.2 want: ^1.2.3
2758 silly fetch manifest escalade@^3.2.0
2759 silly packumentCache full:https://registry.npmjs.org/escalade cache-miss
2760 http cache https://registry.npmjs.org/escalade 11ms (cache hit)
2761 silly packumentCache full:https://registry.npmjs.org/escalade set size:33724 disposed:false
2762 silly placeDep ROOT ansi-styles@4.3.0 OK for: chalk@4.1.2 want: ^4.1.0
2763 silly placeDep ROOT supports-color@7.2.0 OK for: chalk@4.1.2 want: ^7.1.0
2764 silly fetch manifest color-convert@^2.0.1
2765 silly packumentCache full:https://registry.npmjs.org/color-convert cache-miss
2766 silly fetch manifest has-flag@^4.0.0
2767 silly packumentCache full:https://registry.npmjs.org/has-flag cache-miss
2768 http cache https://registry.npmjs.org/has-flag 12ms (cache hit)
2769 silly packumentCache full:https://registry.npmjs.org/has-flag set size:15180 disposed:false
2770 http cache https://registry.npmjs.org/color-convert 14ms (cache hit)
2771 silly packumentCache full:https://registry.npmjs.org/color-convert set size:72663 disposed:false
2772 silly placeDep ROOT color-convert@2.0.1 OK for: ansi-styles@4.3.0 want: ^2.0.1
2773 silly fetch manifest color-name@~1.1.4
2774 silly packumentCache full:https://registry.npmjs.org/color-name cache-miss
2775 http cache https://registry.npmjs.org/color-name 12ms (cache hit)
2776 silly packumentCache full:https://registry.npmjs.org/color-name set size:19467 disposed:false
2777 silly placeDep ROOT color-name@1.1.4 OK for: color-convert@2.0.1 want: ~1.1.4
2778 silly placeDep ROOT @types/parse-json@4.0.2 OK for: cosmiconfig@7.1.0 want: ^4.0.0
2779 silly placeDep ROOT import-fresh@3.3.1 OK for: cosmiconfig@7.1.0 want: ^3.2.1
2780 silly placeDep ROOT parse-json@5.2.0 OK for: cosmiconfig@7.1.0 want: ^5.0.0
2781 silly placeDep ROOT path-type@4.0.0 OK for: cosmiconfig@7.1.0 want: ^4.0.0
2782 silly placeDep ROOT yaml@1.10.3 OK for: cosmiconfig@7.1.0 want: ^1.10.0
2783 silly fetch manifest resolve-from@^4.0.0
2784 silly packumentCache full:https://registry.npmjs.org/resolve-from cache-hit
2785 silly fetch manifest parent-module@^1.0.0
2786 silly packumentCache full:https://registry.npmjs.org/parent-module cache-miss
2787 silly fetch manifest error-ex@^1.3.1
2788 silly packumentCache full:https://registry.npmjs.org/error-ex cache-miss
2789 silly fetch manifest lines-and-columns@^1.1.6
2790 silly packumentCache full:https://registry.npmjs.org/lines-and-columns cache-miss
2791 silly fetch manifest json-parse-even-better-errors@^2.3.0
2792 silly packumentCache full:https://registry.npmjs.org/json-parse-even-better-errors cache-hit
2793 http cache https://registry.npmjs.org/lines-and-columns 21ms (cache hit)
2794 silly packumentCache full:https://registry.npmjs.org/lines-and-columns set size:73796 disposed:false
2795 http cache https://registry.npmjs.org/parent-module 25ms (cache hit)
2796 silly packumentCache full:https://registry.npmjs.org/parent-module set size:18255 disposed:false
2797 http cache https://registry.npmjs.org/error-ex 26ms (cache hit)
2798 silly packumentCache full:https://registry.npmjs.org/error-ex set size:31684 disposed:false
2799 silly placeDep ROOT icss-utils@5.1.0 OK for: css-loader@6.11.0 want: ^5.1.0
2800 silly placeDep ROOT postcss-modules-extract-imports@3.1.0 OK for: css-loader@6.11.0 want: ^3.1.0
2801 silly placeDep ROOT postcss-modules-local-by-default@4.2.0 OK for: css-loader@6.11.0 want: ^4.0.5
2802 silly placeDep ROOT postcss-modules-scope@3.2.1 OK for: css-loader@6.11.0 want: ^3.2.0
2803 silly placeDep ROOT postcss-modules-values@4.0.0 OK for: css-loader@6.11.0 want: ^4.0.0
2804 silly placeDep ROOT postcss-value-parser@4.2.0 OK for: css-loader@6.11.0 want: ^4.2.0
2805 silly fetch manifest postcss-selector-parser@^7.0.0
2806 silly packumentCache full:https://registry.npmjs.org/postcss-selector-parser cache-hit
2807 silly fetch manifest postcss-value-parser@^4.1.0
2808 silly packumentCache full:https://registry.npmjs.org/postcss-value-parser cache-hit
2809 silly fetch manifest postcss-selector-parser@^7.0.0
2810 silly packumentCache full:https://registry.npmjs.org/postcss-selector-parser cache-hit
2811 silly placeDep ROOT cssnano@5.1.15 OK for: css-minimizer-webpack-plugin@3.4.1 want: ^5.0.6
2812 silly placeDep ROOT jest-worker@27.5.1 OK for: css-minimizer-webpack-plugin@3.4.1 want: ^27.0.2
2813 silly placeDep ROOT serialize-javascript@6.0.2 OK for: css-minimizer-webpack-plugin@3.4.1 want: ^6.0.0
2814 silly placeDep node_modules/css-minimizer-webpack-plugin source-map@0.6.1 OK for: css-minimizer-webpack-plugin@3.4.1 want: ^0.6.1
2815 silly fetch manifest lilconfig@^2.0.3
2816 silly packumentCache full:https://registry.npmjs.org/lilconfig cache-hit
2817 silly fetch manifest cssnano-preset-default@^5.2.14
2818 silly packumentCache full:https://registry.npmjs.org/cssnano-preset-default cache-miss
2819 silly fetch manifest merge-stream@^2.0.0
2820 silly packumentCache full:https://registry.npmjs.org/merge-stream cache-miss
2821 silly fetch manifest supports-color@^8.0.0
2822 silly packumentCache full:https://registry.npmjs.org/supports-color cache-hit
2823 silly fetch manifest randombytes@^2.1.0
2824 silly packumentCache full:https://registry.npmjs.org/randombytes cache-miss
2825 http cache https://registry.npmjs.org/merge-stream 14ms (cache hit)
2826 silly packumentCache full:https://registry.npmjs.org/merge-stream set size:22168 disposed:false
2827 http cache https://registry.npmjs.org/cssnano-preset-default 17ms (cache hit)
2828 silly packumentCache full:https://registry.npmjs.org/cssnano-preset-default set size:322877 disposed:false
2829 http cache https://registry.npmjs.org/randombytes 19ms (cache hit)
2830 silly packumentCache full:https://registry.npmjs.org/randombytes set size:17505 disposed:false
2831 silly fetch manifest postcss@^8.2.15
2832 silly packumentCache full:https://registry.npmjs.org/postcss cache-hit
2833 silly placeDep ROOT cssnano-preset-default@5.2.14 OK for: cssnano@5.1.15 want: ^5.2.14
2834 silly placeDep ROOT lilconfig@2.1.0 OK for: cssnano@5.1.15 want: ^2.0.3
2835 silly fetch manifest postcss-calc@^8.2.3
2836 silly packumentCache full:https://registry.npmjs.org/postcss-calc cache-miss
2837 silly fetch manifest postcss-svgo@^5.1.0
2838 silly packumentCache full:https://registry.npmjs.org/postcss-svgo cache-miss
2839 silly fetch manifest cssnano-utils@^3.1.0
2840 silly packumentCache full:https://registry.npmjs.org/cssnano-utils cache-miss
2841 silly fetch manifest postcss-colormin@^5.3.1
2842 silly packumentCache full:https://registry.npmjs.org/postcss-colormin cache-miss
2843 silly fetch manifest postcss-merge-rules@^5.1.4
2844 silly packumentCache full:https://registry.npmjs.org/postcss-merge-rules cache-miss
2845 silly fetch manifest postcss-discard-empty@^5.1.1
2846 silly packumentCache full:https://registry.npmjs.org/postcss-discard-empty cache-miss
2847 silly fetch manifest postcss-minify-params@^5.1.4
2848 silly packumentCache full:https://registry.npmjs.org/postcss-minify-params cache-miss
2849 silly fetch manifest postcss-normalize-url@^5.1.0
2850 silly packumentCache full:https://registry.npmjs.org/postcss-normalize-url cache-miss
2851 silly fetch manifest css-declaration-sorter@^6.3.1
2852 silly packumentCache full:https://registry.npmjs.org/css-declaration-sorter cache-miss
2853 silly fetch manifest postcss-convert-values@^5.1.3
2854 silly packumentCache full:https://registry.npmjs.org/postcss-convert-values cache-miss
2855 silly fetch manifest postcss-merge-longhand@^5.1.7
2856 silly packumentCache full:https://registry.npmjs.org/postcss-merge-longhand cache-miss
2857 http cache https://registry.npmjs.org/postcss-calc 38ms (cache hit)
2858 silly packumentCache full:https://registry.npmjs.org/postcss-calc set size:96481 disposed:false
2859 silly fetch manifest postcss-ordered-values@^5.1.3
2860 silly packumentCache full:https://registry.npmjs.org/postcss-ordered-values cache-miss
2861 http cache https://registry.npmjs.org/postcss-svgo 44ms (cache hit)
2862 silly packumentCache full:https://registry.npmjs.org/postcss-svgo set size:145635 disposed:false
2863 silly fetch manifest postcss-reduce-initial@^5.1.2
2864 silly packumentCache full:https://registry.npmjs.org/postcss-reduce-initial cache-miss
2865 http cache https://registry.npmjs.org/postcss-colormin 48ms (cache hit)
2866 silly packumentCache full:https://registry.npmjs.org/postcss-colormin set size:187059 disposed:false
2867 silly fetch manifest postcss-discard-comments@^5.1.2
2868 silly packumentCache full:https://registry.npmjs.org/postcss-discard-comments cache-miss
2869 http cache https://registry.npmjs.org/postcss-discard-empty 51ms (cache hit)
2870 silly packumentCache full:https://registry.npmjs.org/postcss-discard-empty set size:115189 disposed:false
2871 silly fetch manifest postcss-minify-gradients@^5.1.1
2872 silly packumentCache full:https://registry.npmjs.org/postcss-minify-gradients cache-miss
2873 http cache https://registry.npmjs.org/postcss-merge-rules 55ms (cache hit)
2874 silly packumentCache full:https://registry.npmjs.org/postcss-merge-rules set size:209037 disposed:false
2875 silly fetch manifest postcss-minify-selectors@^5.2.1
2876 silly packumentCache full:https://registry.npmjs.org/postcss-minify-selectors cache-miss
2877 http cache https://registry.npmjs.org/postcss-normalize-url 59ms (cache hit)
2878 silly packumentCache full:https://registry.npmjs.org/postcss-normalize-url set size:147049 disposed:false
2879 silly fetch manifest postcss-normalize-string@^5.1.0
2880 silly packumentCache full:https://registry.npmjs.org/postcss-normalize-string cache-miss
2881 http cache https://registry.npmjs.org/cssnano-utils 64ms (cache hit)
2882 silly packumentCache full:https://registry.npmjs.org/cssnano-utils set size:89332 disposed:false
2883 silly fetch manifest postcss-unique-selectors@^5.1.1
2884 silly packumentCache full:https://registry.npmjs.org/postcss-unique-selectors cache-miss
2885 http cache https://registry.npmjs.org/postcss-convert-values 66ms (cache hit)
2886 silly packumentCache full:https://registry.npmjs.org/postcss-convert-values set size:196615 disposed:false
2887 silly fetch manifest postcss-normalize-charset@^5.1.0
2888 silly packumentCache full:https://registry.npmjs.org/postcss-normalize-charset cache-miss
2889 http cache https://registry.npmjs.org/postcss-minify-params 72ms (cache hit)
2890 silly packumentCache full:https://registry.npmjs.org/postcss-minify-params set size:159959 disposed:false
2891 silly fetch manifest postcss-normalize-unicode@^5.1.1
2892 silly packumentCache full:https://registry.npmjs.org/postcss-normalize-unicode cache-miss
2893 http cache https://registry.npmjs.org/css-declaration-sorter 75ms (cache hit)
2894 silly packumentCache full:https://registry.npmjs.org/css-declaration-sorter set size:129273 disposed:false
2895 silly fetch manifest postcss-reduce-transforms@^5.1.0
2896 silly packumentCache full:https://registry.npmjs.org/postcss-reduce-transforms cache-miss
2897 http cache https://registry.npmjs.org/postcss-merge-longhand 78ms (cache hit)
2898 silly packumentCache full:https://registry.npmjs.org/postcss-merge-longhand set size:182445 disposed:false
2899 silly fetch manifest postcss-discard-duplicates@^5.1.0
2900 silly packumentCache full:https://registry.npmjs.org/postcss-discard-duplicates cache-miss
2901 http cache https://registry.npmjs.org/postcss-reduce-initial 56ms (cache hit)
2902 silly packumentCache full:https://registry.npmjs.org/postcss-reduce-initial set size:133748 disposed:false
2903 silly fetch manifest postcss-discard-overridden@^5.1.0
2904 silly packumentCache full:https://registry.npmjs.org/postcss-discard-overridden cache-miss
2905 http cache https://registry.npmjs.org/postcss-ordered-values 66ms (cache hit)
2906 silly packumentCache full:https://registry.npmjs.org/postcss-ordered-values set size:148073 disposed:false
2907 silly fetch manifest postcss-minify-font-values@^5.1.0
2908 silly packumentCache full:https://registry.npmjs.org/postcss-minify-font-values cache-miss
2909 http cache https://registry.npmjs.org/postcss-minify-selectors 49ms (cache hit)
2910 silly packumentCache full:https://registry.npmjs.org/postcss-minify-selectors set size:173116 disposed:false
2911 silly fetch manifest postcss-normalize-positions@^5.1.1
2912 silly packumentCache full:https://registry.npmjs.org/postcss-normalize-positions cache-miss
2913 http cache https://registry.npmjs.org/postcss-discard-comments 61ms (cache hit)
2914 silly packumentCache full:https://registry.npmjs.org/postcss-discard-comments set size:147192 disposed:false
2915 silly fetch manifest postcss-normalize-whitespace@^5.1.1
2916 silly packumentCache full:https://registry.npmjs.org/postcss-normalize-whitespace cache-miss
2917 http cache https://registry.npmjs.org/postcss-minify-gradients 61ms (cache hit)
2918 silly packumentCache full:https://registry.npmjs.org/postcss-minify-gradients set size:129369 disposed:false
2919 silly fetch manifest postcss-normalize-repeat-style@^5.1.1
2920 silly packumentCache full:https://registry.npmjs.org/postcss-normalize-repeat-style cache-miss
2921 http cache https://registry.npmjs.org/postcss-normalize-string 57ms (cache hit)
2922 silly packumentCache full:https://registry.npmjs.org/postcss-normalize-string set size:102753 disposed:false
2923 silly fetch manifest postcss-normalize-display-values@^5.1.0
2924 silly packumentCache full:https://registry.npmjs.org/postcss-normalize-display-values cache-miss
2925 http cache https://registry.npmjs.org/postcss-unique-selectors 57ms (cache hit)
2926 silly packumentCache full:https://registry.npmjs.org/postcss-unique-selectors set size:126842 disposed:false
2927 silly fetch manifest postcss-normalize-timing-functions@^5.1.0
2928 silly packumentCache full:https://registry.npmjs.org/postcss-normalize-timing-functions cache-miss
2929 http cache https://registry.npmjs.org/postcss-normalize-charset 54ms (cache hit)
2930 silly packumentCache full:https://registry.npmjs.org/postcss-normalize-charset set size:100718 disposed:false
2931 http cache https://registry.npmjs.org/postcss-normalize-unicode 52ms (cache hit)
2932 silly packumentCache full:https://registry.npmjs.org/postcss-normalize-unicode set size:120618 disposed:false
2933 http cache https://registry.npmjs.org/postcss-discard-duplicates 49ms (cache hit)
2934 silly packumentCache full:https://registry.npmjs.org/postcss-discard-duplicates set size:130496 disposed:false
2935 http cache https://registry.npmjs.org/postcss-reduce-transforms 55ms (cache hit)
2936 silly packumentCache full:https://registry.npmjs.org/postcss-reduce-transforms set size:110507 disposed:false
2937 http cache https://registry.npmjs.org/postcss-normalize-positions 33ms (cache hit)
2938 silly packumentCache full:https://registry.npmjs.org/postcss-normalize-positions set size:106656 disposed:false
2939 http cache https://registry.npmjs.org/postcss-minify-font-values 38ms (cache hit)
2940 silly packumentCache full:https://registry.npmjs.org/postcss-minify-font-values set size:121737 disposed:false
2941 http cache https://registry.npmjs.org/postcss-discard-overridden 44ms (cache hit)
2942 silly packumentCache full:https://registry.npmjs.org/postcss-discard-overridden set size:108321 disposed:false
2943 http cache https://registry.npmjs.org/postcss-normalize-repeat-style 32ms (cache hit)
2944 silly packumentCache full:https://registry.npmjs.org/postcss-normalize-repeat-style set size:106026 disposed:false
2945 http cache https://registry.npmjs.org/postcss-normalize-whitespace 39ms (cache hit)
2946 silly packumentCache full:https://registry.npmjs.org/postcss-normalize-whitespace set size:106439 disposed:false
2947 http cache https://registry.npmjs.org/postcss-normalize-timing-functions 32ms (cache hit)
2948 silly packumentCache full:https://registry.npmjs.org/postcss-normalize-timing-functions set size:100089 disposed:false
2949 http cache https://registry.npmjs.org/postcss-normalize-display-values 37ms (cache hit)
2950 silly packumentCache full:https://registry.npmjs.org/postcss-normalize-display-values set size:99999 disposed:false
2951 silly placeDep ROOT css-declaration-sorter@6.4.1 OK for: cssnano-preset-default@5.2.14 want: ^6.3.1
2952 silly placeDep ROOT cssnano-utils@3.1.0 OK for: cssnano-preset-default@5.2.14 want: ^3.1.0
2953 silly placeDep ROOT postcss-calc@8.2.4 OK for: cssnano-preset-default@5.2.14 want: ^8.2.3
2954 silly placeDep ROOT postcss-colormin@5.3.1 OK for: cssnano-preset-default@5.2.14 want: ^5.3.1
2955 silly placeDep ROOT postcss-convert-values@5.1.3 OK for: cssnano-preset-default@5.2.14 want: ^5.1.3
2956 silly placeDep ROOT postcss-discard-comments@5.1.2 OK for: cssnano-preset-default@5.2.14 want: ^5.1.2
2957 silly placeDep ROOT postcss-discard-duplicates@5.1.0 OK for: cssnano-preset-default@5.2.14 want: ^5.1.0
2958 silly placeDep ROOT postcss-discard-empty@5.1.1 OK for: cssnano-preset-default@5.2.14 want: ^5.1.1
2959 silly placeDep ROOT postcss-discard-overridden@5.1.0 OK for: cssnano-preset-default@5.2.14 want: ^5.1.0
2960 silly placeDep ROOT postcss-merge-longhand@5.1.7 OK for: cssnano-preset-default@5.2.14 want: ^5.1.7
2961 silly placeDep ROOT postcss-merge-rules@5.1.4 OK for: cssnano-preset-default@5.2.14 want: ^5.1.4
2962 silly placeDep ROOT postcss-minify-font-values@5.1.0 OK for: cssnano-preset-default@5.2.14 want: ^5.1.0
2963 silly placeDep ROOT postcss-minify-gradients@5.1.1 OK for: cssnano-preset-default@5.2.14 want: ^5.1.1
2964 silly placeDep ROOT postcss-minify-params@5.1.4 OK for: cssnano-preset-default@5.2.14 want: ^5.1.4
2965 silly placeDep ROOT postcss-minify-selectors@5.2.1 OK for: cssnano-preset-default@5.2.14 want: ^5.2.1
2966 silly placeDep ROOT postcss-normalize-charset@5.1.0 OK for: cssnano-preset-default@5.2.14 want: ^5.1.0
2967 silly placeDep ROOT postcss-normalize-display-values@5.1.0 OK for: cssnano-preset-default@5.2.14 want: ^5.1.0
2968 silly placeDep ROOT postcss-normalize-positions@5.1.1 OK for: cssnano-preset-default@5.2.14 want: ^5.1.1
2969 silly placeDep ROOT postcss-normalize-repeat-style@5.1.1 OK for: cssnano-preset-default@5.2.14 want: ^5.1.1
2970 silly placeDep ROOT postcss-normalize-string@5.1.0 OK for: cssnano-preset-default@5.2.14 want: ^5.1.0
2971 silly placeDep ROOT postcss-normalize-timing-functions@5.1.0 OK for: cssnano-preset-default@5.2.14 want: ^5.1.0
2972 silly placeDep ROOT postcss-normalize-unicode@5.1.1 OK for: cssnano-preset-default@5.2.14 want: ^5.1.1
2973 silly placeDep ROOT postcss-normalize-url@5.1.0 OK for: cssnano-preset-default@5.2.14 want: ^5.1.0
2974 silly placeDep ROOT postcss-normalize-whitespace@5.1.1 OK for: cssnano-preset-default@5.2.14 want: ^5.1.1
2975 silly placeDep ROOT postcss-ordered-values@5.1.3 OK for: cssnano-preset-default@5.2.14 want: ^5.1.3
2976 silly placeDep ROOT postcss-reduce-initial@5.1.2 OK for: cssnano-preset-default@5.2.14 want: ^5.1.2
2977 silly placeDep ROOT postcss-reduce-transforms@5.1.0 OK for: cssnano-preset-default@5.2.14 want: ^5.1.0
2978 silly placeDep ROOT postcss-svgo@5.1.0 OK for: cssnano-preset-default@5.2.14 want: ^5.1.0
2979 silly placeDep ROOT postcss-unique-selectors@5.1.1 OK for: cssnano-preset-default@5.2.14 want: ^5.1.1
2980 silly fetch manifest postcss-selector-parser@^6.0.9
2981 silly packumentCache full:https://registry.npmjs.org/postcss-selector-parser cache-hit
2982 silly fetch manifest colord@^2.9.1
2983 silly packumentCache full:https://registry.npmjs.org/colord cache-miss
2984 silly fetch manifest caniuse-api@^3.0.0
2985 silly packumentCache full:https://registry.npmjs.org/caniuse-api cache-miss
2986 silly fetch manifest stylehacks@^5.1.1
2987 silly packumentCache full:https://registry.npmjs.org/stylehacks cache-miss
2988 silly fetch manifest caniuse-api@^3.0.0
2989 silly packumentCache full:https://registry.npmjs.org/caniuse-api cache-miss
2990 silly fetch manifest postcss-selector-parser@^6.0.5
2991 silly packumentCache full:https://registry.npmjs.org/postcss-selector-parser cache-hit
2992 silly fetch manifest colord@^2.9.1
2993 silly packumentCache full:https://registry.npmjs.org/colord cache-miss
2994 silly fetch manifest postcss-selector-parser@^6.0.5
2995 silly packumentCache full:https://registry.npmjs.org/postcss-selector-parser cache-hit
2996 silly fetch manifest normalize-url@^6.0.1
2997 silly packumentCache full:https://registry.npmjs.org/normalize-url cache-miss
2998 silly fetch manifest caniuse-api@^3.0.0
2999 silly packumentCache full:https://registry.npmjs.org/caniuse-api cache-miss
3000 silly fetch manifest svgo@^2.7.0
3001 silly packumentCache full:https://registry.npmjs.org/svgo cache-hit
3002 http cache https://registry.npmjs.org/colord 27ms (cache hit)
3003 silly packumentCache full:https://registry.npmjs.org/colord set size:256634 disposed:false
3004 http cache https://registry.npmjs.org/stylehacks 31ms (cache hit)
3005 silly packumentCache full:https://registry.npmjs.org/stylehacks set size:142837 disposed:false
3006 http cache https://registry.npmjs.org/caniuse-api 34ms (cache hit)
3007 silly packumentCache full:https://registry.npmjs.org/caniuse-api set size:37772 disposed:false
3008 http cache https://registry.npmjs.org/colord 35ms (cache hit)
3009 silly packumentCache full:https://registry.npmjs.org/colord set size:256634 disposed:false
3010 silly packumentCache full:https://registry.npmjs.org/colord dispose
3011 http cache https://registry.npmjs.org/caniuse-api 44ms (cache hit)
3012 silly packumentCache full:https://registry.npmjs.org/caniuse-api set size:37772 disposed:false
3013 silly packumentCache full:https://registry.npmjs.org/caniuse-api dispose
3014 http cache https://registry.npmjs.org/caniuse-api 45ms (cache hit)
3015 silly packumentCache full:https://registry.npmjs.org/caniuse-api set size:37772 disposed:true
3016 silly packumentCache full:https://registry.npmjs.org/caniuse-api dispose
3017 http cache https://registry.npmjs.org/normalize-url 48ms (cache hit)
3018 silly packumentCache full:https://registry.npmjs.org/normalize-url set size:137447 disposed:false
3019 silly placeDep ROOT ms@2.1.3 OK for: debug@4.4.3 want: ^2.1.3
3020 silly placeDep ROOT stackframe@1.3.4 OK for: error-stack-parser@2.1.4 want: ^1.3.4
3021 silly fetch manifest eslint@^6.0.0 || ^7.0.0 || >=8.0.0
3022 silly packumentCache full:https://registry.npmjs.org/eslint cache-miss
3023 http cache https://registry.npmjs.org/eslint 16ms (cache hit)
3024 silly packumentCache full:https://registry.npmjs.org/eslint set size:1976900 disposed:false
3025 silly fetch manifest jiti@*
3026 silly packumentCache full:https://registry.npmjs.org/jiti cache-hit
3027 silly placeDep ROOT @eslint-community/eslint-utils@4.9.1 OK for: eslint@8.57.1 want: ^4.2.0
3028 silly placeDep ROOT @eslint-community/regexpp@4.12.2 OK for: eslint@8.57.1 want: ^4.6.1
3029 silly placeDep ROOT @eslint/eslintrc@2.1.4 OK for: eslint@8.57.1 want: ^2.1.4
3030 silly placeDep ROOT @eslint/js@8.57.1 OK for: eslint@8.57.1 want: 8.57.1
3031 silly placeDep ROOT @humanwhocodes/config-array@0.13.0 OK for: eslint@8.57.1 want: ^0.13.0
3032 silly placeDep ROOT @humanwhocodes/module-importer@1.0.1 OK for: eslint@8.57.1 want: ^1.0.1
3033 silly placeDep ROOT @nodelib/fs.walk@1.2.8 OK for: eslint@8.57.1 want: ^1.2.8
3034 silly placeDep ROOT @ungap/structured-clone@1.3.0 OK for: eslint@8.57.1 want: ^1.2.0
3035 silly placeDep ROOT ajv@6.14.0 OK for: eslint@8.57.1 want: ^6.12.4
3036 silly placeDep ROOT cross-spawn@7.0.6 OK for: eslint@8.57.1 want: ^7.0.2
3037 silly placeDep ROOT doctrine@3.0.0 OK for: eslint@8.57.1 want: ^3.0.0
3038 silly placeDep ROOT escape-string-regexp@4.0.0 OK for: eslint@8.57.1 want: ^4.0.0
3039 silly placeDep ROOT eslint-scope@7.2.2 OK for: eslint@8.57.1 want: ^7.2.2
3040 silly placeDep ROOT eslint-visitor-keys@3.4.3 OK for: eslint@8.57.1 want: ^3.4.3
3041 silly placeDep ROOT espree@9.6.1 OK for: eslint@8.57.1 want: ^9.6.1
3042 silly placeDep ROOT esquery@1.7.0 OK for: eslint@8.57.1 want: ^1.4.2
3043 silly placeDep ROOT fast-deep-equal@3.1.3 OK for: eslint@8.57.1 want: ^3.1.3
3044 silly placeDep ROOT file-entry-cache@6.0.1 OK for: eslint@8.57.1 want: ^6.0.1
3045 silly placeDep node_modules/eslint find-up@5.0.0 OK for: eslint@8.57.1 want: ^5.0.0
3046 silly placeDep ROOT glob-parent@6.0.2 OK for: eslint@8.57.1 want: ^6.0.2
3047 silly placeDep ROOT globals@13.24.0 OK for: eslint@8.57.1 want: ^13.19.0
3048 silly placeDep ROOT graphemer@1.4.0 OK for: eslint@8.57.1 want: ^1.4.0
3049 silly placeDep ROOT ignore@5.3.2 OK for: eslint@8.57.1 want: ^5.2.0
3050 silly placeDep ROOT imurmurhash@0.1.4 OK for: eslint@8.57.1 want: ^0.1.4
3051 silly placeDep ROOT is-glob@4.0.3 OK for: eslint@8.57.1 want: ^4.0.0
3052 silly placeDep ROOT is-path-inside@3.0.3 OK for: eslint@8.57.1 want: ^3.0.3
3053 silly placeDep node_modules/eslint js-yaml@4.1.1 OK for: eslint@8.57.1 want: ^4.1.0
3054 silly placeDep ROOT json-stable-stringify-without-jsonify@1.0.1 OK for: eslint@8.57.1 want: ^1.0.1
3055 silly placeDep ROOT levn@0.4.1 OK for: eslint@8.57.1 want: ^0.4.1
3056 silly placeDep ROOT lodash.merge@4.6.2 OK for: eslint@8.57.1 want: ^4.6.2
3057 silly placeDep ROOT minimatch@3.1.5 OK for: eslint@8.57.1 want: ^3.1.2
3058 silly placeDep ROOT natural-compare@1.4.0 OK for: eslint@8.57.1 want: ^1.4.0
3059 silly placeDep ROOT optionator@0.9.4 OK for: eslint@8.57.1 want: ^0.9.3
3060 silly placeDep ROOT strip-ansi@6.0.1 OK for: eslint@8.57.1 want: ^6.0.1
3061 silly placeDep ROOT text-table@0.2.0 OK for: eslint@8.57.1 want: ^0.2.0
3062 silly fetch manifest espree@^9.6.0
3063 silly packumentCache full:https://registry.npmjs.org/espree cache-hit
3064 silly fetch manifest strip-json-comments@^3.1.1
3065 silly packumentCache full:https://registry.npmjs.org/strip-json-comments cache-miss
3066 silly fetch manifest minimatch@^3.0.5
3067 silly packumentCache full:https://registry.npmjs.org/minimatch cache-hit
3068 silly fetch manifest @humanwhocodes/object-schema@^2.0.3
3069 silly packumentCache full:https://registry.npmjs.org/@humanwhocodes%2fobject-schema cache-miss
3070 silly fetch manifest fastq@^1.6.0
3071 silly packumentCache full:https://registry.npmjs.org/fastq cache-miss
3072 silly fetch manifest @nodelib/fs.scandir@2.1.5
3073 silly packumentCache full:https://registry.npmjs.org/@nodelib%2ffs.scandir cache-miss
3074 silly fetch manifest fast-deep-equal@^3.1.1
3075 silly packumentCache full:https://registry.npmjs.org/fast-deep-equal cache-hit
3076 silly fetch manifest json-schema-traverse@^0.4.1
3077 silly packumentCache full:https://registry.npmjs.org/json-schema-traverse cache-miss
3078 silly fetch manifest uri-js@^4.2.2
3079 silly packumentCache full:https://registry.npmjs.org/uri-js cache-miss
3080 silly fetch manifest which@^2.0.1
3081 silly packumentCache full:https://registry.npmjs.org/which cache-miss
3082 silly fetch manifest path-key@^3.1.0
3083 silly packumentCache full:https://registry.npmjs.org/path-key cache-miss
3084 silly fetch manifest shebang-command@^2.0.0
3085 silly packumentCache full:https://registry.npmjs.org/shebang-command cache-miss
3086 silly fetch manifest esrecurse@^4.3.0
3087 silly packumentCache full:https://registry.npmjs.org/esrecurse cache-miss
3088 silly fetch manifest estraverse@^5.2.0
3089 silly packumentCache full:https://registry.npmjs.org/estraverse cache-miss
3090 http cache https://registry.npmjs.org/@nodelib%2ffs.scandir 46ms (cache hit)
3091 silly packumentCache full:https://registry.npmjs.org/@nodelib%2ffs.scandir set size:49256 disposed:false
3092 silly fetch manifest acorn@^8.9.0
3093 silly packumentCache full:https://registry.npmjs.org/acorn cache-hit
3094 silly fetch manifest acorn-jsx@^5.3.2
3095 silly packumentCache full:https://registry.npmjs.org/acorn-jsx cache-miss
3096 http cache https://registry.npmjs.org/strip-json-comments 54ms (cache hit)
3097 silly packumentCache full:https://registry.npmjs.org/strip-json-comments set size:43569 disposed:false
3098 silly fetch manifest estraverse@^5.1.0
3099 silly packumentCache full:https://registry.npmjs.org/estraverse cache-miss
3100 http cache https://registry.npmjs.org/fastq 56ms (cache hit)
3101 silly packumentCache full:https://registry.npmjs.org/fastq set size:78301 disposed:false
3102 silly fetch manifest flat-cache@^3.0.4
3103 silly packumentCache full:https://registry.npmjs.org/flat-cache cache-miss
3104 http cache https://registry.npmjs.org/json-schema-traverse 54ms (cache hit)
3105 silly packumentCache full:https://registry.npmjs.org/json-schema-traverse set size:23537 disposed:false
3106 silly fetch manifest locate-path@^6.0.0
3107 silly packumentCache full:https://registry.npmjs.org/locate-path cache-hit
3108 silly fetch manifest type-fest@^0.20.2
3109 silly packumentCache full:https://registry.npmjs.org/type-fest cache-hit
3110 silly fetch manifest is-extglob@^2.1.1
3111 silly packumentCache full:https://registry.npmjs.org/is-extglob cache-miss
3112 http cache https://registry.npmjs.org/shebang-command 50ms (cache hit)
3113 silly packumentCache full:https://registry.npmjs.org/shebang-command set size:8525 disposed:false
3114 silly fetch manifest argparse@^2.0.1
3115 silly packumentCache full:https://registry.npmjs.org/argparse cache-hit
3116 silly fetch manifest prelude-ls@^1.2.1
3117 silly packumentCache full:https://registry.npmjs.org/prelude-ls cache-miss
3118 http cache https://registry.npmjs.org/which 60ms (cache hit)
3119 silly packumentCache full:https://registry.npmjs.org/which set size:67747 disposed:false
3120 silly fetch manifest type-check@~0.4.0
3121 silly packumentCache full:https://registry.npmjs.org/type-check cache-miss
3122 http cache https://registry.npmjs.org/esrecurse 54ms (cache hit)
3123 silly packumentCache full:https://registry.npmjs.org/esrecurse set size:29005 disposed:false
3124 silly fetch manifest brace-expansion@^1.1.7
3125 silly packumentCache full:https://registry.npmjs.org/brace-expansion cache-miss
3126 http cache https://registry.npmjs.org/uri-js 64ms (cache hit)
3127 silly packumentCache full:https://registry.npmjs.org/uri-js set size:42559 disposed:false
3128 silly fetch manifest prelude-ls@^1.2.1
3129 silly packumentCache full:https://registry.npmjs.org/prelude-ls cache-miss
3130 http cache https://registry.npmjs.org/estraverse 56ms (cache hit)
3131 silly packumentCache full:https://registry.npmjs.org/estraverse set size:62412 disposed:false
3132 silly fetch manifest deep-is@^0.1.3
3133 silly packumentCache full:https://registry.npmjs.org/deep-is cache-miss
3134 http cache https://registry.npmjs.org/@humanwhocodes%2fobject-schema 74ms (cache hit)
3135 silly packumentCache full:https://registry.npmjs.org/@humanwhocodes%2fobject-schema set size:30629 disposed:false
3136 silly fetch manifest word-wrap@^1.2.5
3137 silly packumentCache full:https://registry.npmjs.org/word-wrap cache-miss
3138 http cache https://registry.npmjs.org/path-key 72ms (cache hit)
3139 silly packumentCache full:https://registry.npmjs.org/path-key set size:16975 disposed:false
3140 silly fetch manifest type-check@^0.4.0
3141 silly packumentCache full:https://registry.npmjs.org/type-check cache-miss
3142 http cache https://registry.npmjs.org/flat-cache 39ms (cache hit)
3143 silly packumentCache full:https://registry.npmjs.org/flat-cache set size:169582 disposed:false
3144 silly fetch manifest fast-levenshtein@^2.0.6
3145 silly packumentCache full:https://registry.npmjs.org/fast-levenshtein cache-miss
3146 http cache https://registry.npmjs.org/estraverse 46ms (cache hit)
3147 silly packumentCache full:https://registry.npmjs.org/estraverse set size:62412 disposed:false
3148 silly packumentCache full:https://registry.npmjs.org/estraverse dispose
3149 silly fetch manifest ansi-regex@^5.0.1
3150 silly packumentCache full:https://registry.npmjs.org/ansi-regex cache-miss
3151 http cache https://registry.npmjs.org/acorn-jsx 53ms (cache hit)
3152 silly packumentCache full:https://registry.npmjs.org/acorn-jsx set size:71068 disposed:false
3153 http cache https://registry.npmjs.org/is-extglob 47ms (cache hit)
3154 silly packumentCache full:https://registry.npmjs.org/is-extglob set size:11766 disposed:false
3155 http cache https://registry.npmjs.org/prelude-ls 45ms (cache hit)
3156 silly packumentCache full:https://registry.npmjs.org/prelude-ls set size:25777 disposed:false
3157 http cache https://registry.npmjs.org/brace-expansion 43ms (cache hit)
3158 silly packumentCache full:https://registry.npmjs.org/brace-expansion set size:65768 disposed:false
3159 http cache https://registry.npmjs.org/prelude-ls 43ms (cache hit)
3160 silly packumentCache full:https://registry.npmjs.org/prelude-ls set size:25777 disposed:false
3161 silly packumentCache full:https://registry.npmjs.org/prelude-ls dispose
3162 http cache https://registry.npmjs.org/type-check 47ms (cache hit)
3163 silly packumentCache full:https://registry.npmjs.org/type-check set size:21221 disposed:false
3164 http cache https://registry.npmjs.org/deep-is 43ms (cache hit)
3165 silly packumentCache full:https://registry.npmjs.org/deep-is set size:10205 disposed:false
3166 http cache https://registry.npmjs.org/type-check 38ms (cache hit)
3167 silly packumentCache full:https://registry.npmjs.org/type-check set size:21221 disposed:false
3168 silly packumentCache full:https://registry.npmjs.org/type-check dispose
3169 http cache https://registry.npmjs.org/word-wrap 43ms (cache hit)
3170 silly packumentCache full:https://registry.npmjs.org/word-wrap set size:37835 disposed:false
3171 http cache https://registry.npmjs.org/fast-levenshtein 25ms (cache hit)
3172 silly packumentCache full:https://registry.npmjs.org/fast-levenshtein set size:39317 disposed:false
3173 http cache https://registry.npmjs.org/ansi-regex 24ms (cache hit)
3174 silly packumentCache full:https://registry.npmjs.org/ansi-regex set size:43572 disposed:false
3175 silly placeDep node_modules/@eslint/eslintrc js-yaml@4.1.1 OK for: @eslint/eslintrc@2.1.4 want: ^4.1.0
3176 silly placeDep ROOT strip-json-comments@3.1.1 OK for: @eslint/eslintrc@2.1.4 want: ^3.1.1
3177 silly placeDep ROOT @humanwhocodes/object-schema@2.0.3 OK for: @humanwhocodes/config-array@0.13.0 want: ^2.0.3
3178 silly placeDep ROOT @nodelib/fs.scandir@2.1.5 OK for: @nodelib/fs.walk@1.2.8 want: 2.1.5
3179 silly placeDep ROOT fastq@1.20.1 OK for: @nodelib/fs.walk@1.2.8 want: ^1.6.0
3180 silly fetch manifest run-parallel@^1.1.9
3181 silly packumentCache full:https://registry.npmjs.org/run-parallel cache-miss
3182 silly fetch manifest @nodelib/fs.stat@2.0.5
3183 silly packumentCache full:https://registry.npmjs.org/@nodelib%2ffs.stat cache-miss
3184 silly fetch manifest reusify@^1.0.4
3185 silly packumentCache full:https://registry.npmjs.org/reusify cache-miss
3186 http cache https://registry.npmjs.org/run-parallel 10ms (cache hit)
3187 silly packumentCache full:https://registry.npmjs.org/run-parallel set size:35172 disposed:false
3188 http cache https://registry.npmjs.org/reusify 10ms (cache hit)
3189 silly packumentCache full:https://registry.npmjs.org/reusify set size:14249 disposed:false
3190 http cache https://registry.npmjs.org/@nodelib%2ffs.stat 12ms (cache hit)
3191 silly packumentCache full:https://registry.npmjs.org/@nodelib%2ffs.stat set size:36993 disposed:false
3192 silly placeDep ROOT @nodelib/fs.stat@2.0.5 OK for: @nodelib/fs.scandir@2.1.5 want: 2.0.5
3193 silly placeDep ROOT run-parallel@1.2.0 OK for: @nodelib/fs.scandir@2.1.5 want: ^1.1.9
3194 silly fetch manifest queue-microtask@^1.2.2
3195 silly packumentCache full:https://registry.npmjs.org/queue-microtask cache-miss
3196 http cache https://registry.npmjs.org/queue-microtask 9ms (cache hit)
3197 silly packumentCache full:https://registry.npmjs.org/queue-microtask set size:36088 disposed:false
3198 silly placeDep ROOT json-schema-traverse@0.4.1 OK for: ajv@6.14.0 want: ^0.4.1
3199 silly placeDep ROOT uri-js@4.4.1 OK for: ajv@6.14.0 want: ^4.2.2
3200 silly fetch manifest punycode@^2.1.0
3201 silly packumentCache full:https://registry.npmjs.org/punycode cache-miss
3202 http cache https://registry.npmjs.org/punycode 8ms (cache hit)
3203 silly packumentCache full:https://registry.npmjs.org/punycode set size:61302 disposed:false
3204 silly placeDep ROOT path-key@3.1.1 OK for: cross-spawn@7.0.6 want: ^3.1.0
3205 silly placeDep ROOT shebang-command@2.0.0 OK for: cross-spawn@7.0.6 want: ^2.0.0
3206 silly placeDep ROOT which@2.0.2 OK for: cross-spawn@7.0.6 want: ^2.0.1
3207 silly fetch manifest shebang-regex@^3.0.0
3208 silly packumentCache full:https://registry.npmjs.org/shebang-regex cache-miss
3209 silly fetch manifest isexe@^2.0.0
3210 silly packumentCache full:https://registry.npmjs.org/isexe cache-miss
3211 http cache https://registry.npmjs.org/isexe 9ms (cache hit)
3212 silly packumentCache full:https://registry.npmjs.org/isexe set size:31756 disposed:false
3213 http cache https://registry.npmjs.org/shebang-regex 16ms (cache hit)
3214 silly packumentCache full:https://registry.npmjs.org/shebang-regex set size:9763 disposed:false
3215 silly fetch manifest eslint@^8.0.0
3216 silly packumentCache full:https://registry.npmjs.org/eslint cache-miss
3217 http cache https://registry.npmjs.org/eslint 12ms (cache hit)
3218 silly packumentCache full:https://registry.npmjs.org/eslint set size:1976900 disposed:false
3219 silly fetch manifest @babel/plugin-syntax-flow@^7.14.5
3220 silly packumentCache full:https://registry.npmjs.org/@babel%2fplugin-syntax-flow cache-hit
3221 silly fetch manifest @babel/plugin-transform-react-jsx@^7.14.9
3222 silly packumentCache full:https://registry.npmjs.org/@babel%2fplugin-transform-react-jsx cache-hit
3223 silly placeDep ROOT @babel/eslint-parser@7.28.6 OK for: eslint-config-react-app@7.0.1 want: ^7.16.3
3224 silly placeDep ROOT @rushstack/eslint-patch@1.16.1 OK for: eslint-config-react-app@7.0.1 want: ^1.1.0
3225 silly placeDep ROOT @typescript-eslint/eslint-plugin@5.62.0 OK for: eslint-config-react-app@7.0.1 want: ^5.5.0
3226 silly placeDep ROOT @typescript-eslint/parser@5.62.0 OK for: @typescript-eslint/eslint-plugin@5.62.0 want: ^5.0.0
3227 silly placeDep ROOT confusing-browser-globals@1.0.11 OK for: eslint-config-react-app@7.0.1 want: ^1.0.11
3228 silly placeDep ROOT eslint-plugin-flowtype@8.0.3 OK for: eslint-config-react-app@7.0.1 want: ^8.0.3
3229 silly placeDep ROOT eslint-plugin-import@2.32.0 OK for: eslint-config-react-app@7.0.1 want: ^2.25.3
3230 silly placeDep ROOT eslint-plugin-jest@25.7.0 OK for: eslint-config-react-app@7.0.1 want: ^25.3.0
3231 silly placeDep ROOT eslint-plugin-jsx-a11y@6.10.2 OK for: eslint-config-react-app@7.0.1 want: ^6.5.1
3232 silly placeDep node_modules/eslint-config-react-app eslint-plugin-react@7.37.5 OK for: eslint-config-react-app@7.0.1 want: ^7.27.1
3233 silly placeDep ROOT eslint-plugin-react-hooks@4.6.2 OK for: eslint-config-react-app@7.0.1 want: ^4.3.0
3234 silly placeDep ROOT eslint-plugin-testing-library@5.11.1 OK for: eslint-config-react-app@7.0.1 want: ^5.0.1
3235 silly fetch manifest eslint-visitor-keys@^2.1.0
3236 silly packumentCache full:https://registry.npmjs.org/eslint-visitor-keys cache-hit
3237 silly fetch manifest @nicolo-ribaudo/eslint-scope-5-internals@5.1.1-v1
3238 silly packumentCache full:https://registry.npmjs.org/@nicolo-ribaudo%2feslint-scope-5-internals cache-miss
3239 silly fetch manifest tsutils@^3.21.0
3240 silly packumentCache full:https://registry.npmjs.org/tsutils cache-miss
3241 silly fetch manifest natural-compare-lite@^1.4.0
3242 silly packumentCache full:https://registry.npmjs.org/natural-compare-lite cache-miss
3243 silly fetch manifest @typescript-eslint/utils@5.62.0
3244 silly packumentCache full:https://registry.npmjs.org/@typescript-eslint%2futils cache-miss
3245 silly fetch manifest @typescript-eslint/type-utils@5.62.0
3246 silly packumentCache full:https://registry.npmjs.org/@typescript-eslint%2ftype-utils cache-miss
3247 silly fetch manifest @typescript-eslint/scope-manager@5.62.0
3248 silly packumentCache full:https://registry.npmjs.org/@typescript-eslint%2fscope-manager cache-miss
3249 silly fetch manifest @typescript-eslint/types@5.62.0
3250 silly packumentCache full:https://registry.npmjs.org/@typescript-eslint%2ftypes cache-miss
3251 silly fetch manifest @typescript-eslint/scope-manager@5.62.0
3252 silly packumentCache full:https://registry.npmjs.org/@typescript-eslint%2fscope-manager cache-miss
3253 silly fetch manifest @typescript-eslint/typescript-estree@5.62.0
3254 silly packumentCache full:https://registry.npmjs.org/@typescript-eslint%2ftypescript-estree cache-miss
3255 silly fetch manifest string-natural-compare@^3.0.1
3256 silly packumentCache full:https://registry.npmjs.org/string-natural-compare cache-miss
3257 silly fetch manifest @rtsao/scc@^1.1.0
3258 silly packumentCache full:https://registry.npmjs.org/@rtsao%2fscc cache-miss
3259 http cache https://registry.npmjs.org/tsutils 61ms (cache hit)
3260 silly packumentCache full:https://registry.npmjs.org/tsutils set size:248868 disposed:false
3261 silly fetch manifest array-includes@^3.1.9
3262 silly packumentCache full:https://registry.npmjs.org/array-includes cache-miss
3263 http cache https://registry.npmjs.org/@typescript-eslint%2ftype-utils 112ms (cache hit)
3264 silly packumentCache full:https://registry.npmjs.org/@typescript-eslint%2ftype-utils set size:9130249 disposed:false
3265 silly fetch manifest array.prototype.findlastindex@^1.2.6
3266 silly packumentCache full:https://registry.npmjs.org/array.prototype.findlastindex cache-miss
3267 http cache https://registry.npmjs.org/natural-compare-lite 209ms (cache hit)
3268 silly packumentCache full:https://registry.npmjs.org/natural-compare-lite set size:39830 disposed:false
3269 silly fetch manifest array.prototype.flat@^1.3.3
3270 silly packumentCache full:https://registry.npmjs.org/array.prototype.flat cache-miss
3271 http cache https://registry.npmjs.org/@typescript-eslint%2futils 239ms (cache hit)
3272 silly packumentCache full:https://registry.npmjs.org/@typescript-eslint%2futils set size:9943487 disposed:false
3273 silly fetch manifest array.prototype.flatmap@^1.3.3
3274 silly packumentCache full:https://registry.npmjs.org/array.prototype.flatmap cache-miss
3275 http cache https://registry.npmjs.org/@rtsao%2fscc 289ms (cache hit)
3276 silly packumentCache full:https://registry.npmjs.org/@rtsao%2fscc set size:6332 disposed:false
3277 silly fetch manifest debug@^3.2.7
3278 silly packumentCache full:https://registry.npmjs.org/debug cache-hit
3279 silly fetch manifest doctrine@^2.1.0
3280 silly packumentCache full:https://registry.npmjs.org/doctrine cache-hit
3281 silly fetch manifest eslint-import-resolver-node@^0.3.9
3282 silly packumentCache full:https://registry.npmjs.org/eslint-import-resolver-node cache-miss
3283 http cache https://registry.npmjs.org/@typescript-eslint%2fscope-manager 320ms (cache hit)
3284 silly packumentCache full:https://registry.npmjs.org/@typescript-eslint%2fscope-manager set size:12253256 disposed:false
3285 silly fetch manifest eslint-module-utils@^2.12.1
3286 silly packumentCache full:https://registry.npmjs.org/eslint-module-utils cache-miss
3287 http cache https://registry.npmjs.org/@typescript-eslint%2fscope-manager 414ms (cache hit)
3288 silly packumentCache full:https://registry.npmjs.org/@typescript-eslint%2fscope-manager set size:12253256 disposed:false
3289 silly fetch manifest hasown@^2.0.2
3290 silly packumentCache full:https://registry.npmjs.org/hasown cache-miss
3291 http cache https://registry.npmjs.org/@typescript-eslint%2ftypescript-estree 565ms (cache hit)
3292 silly packumentCache full:https://registry.npmjs.org/@typescript-eslint%2ftypescript-estree set size:16191115 disposed:false
3293 silly fetch manifest object.fromentries@^2.0.8
3294 silly packumentCache full:https://registry.npmjs.org/object.fromentries cache-miss
3295 http cache https://registry.npmjs.org/string-natural-compare 632ms (cache hit)
3296 silly packumentCache full:https://registry.npmjs.org/string-natural-compare set size:27902 disposed:false
3297 silly fetch manifest object.groupby@^1.0.3
3298 silly packumentCache full:https://registry.npmjs.org/object.groupby cache-miss
3299 http cache https://registry.npmjs.org/@typescript-eslint%2ftypes 658ms (cache hit)
3300 silly packumentCache full:https://registry.npmjs.org/@typescript-eslint%2ftypes set size:12061937 disposed:false
3301 silly fetch manifest object.values@^1.2.1
3302 silly packumentCache full:https://registry.npmjs.org/object.values cache-hit
3303 silly fetch manifest string.prototype.trimend@^1.0.9
3304 silly packumentCache full:https://registry.npmjs.org/string.prototype.trimend cache-miss
3305 http cache https://registry.npmjs.org/@nicolo-ribaudo%2feslint-scope-5-internals 725ms (cache hit)
3306 silly packumentCache full:https://registry.npmjs.org/@nicolo-ribaudo%2feslint-scope-5-internals set size:5122 disposed:false
3307 silly fetch manifest tsconfig-paths@^3.15.0
3308 silly packumentCache full:https://registry.npmjs.org/tsconfig-paths cache-miss
3309 http cache https://registry.npmjs.org/array.prototype.flat 533ms (cache hit)
3310 silly packumentCache full:https://registry.npmjs.org/array.prototype.flat set size:38327 disposed:false
3311 silly fetch manifest @typescript-eslint/experimental-utils@^5.0.0
3312 silly packumentCache full:https://registry.npmjs.org/@typescript-eslint%2fexperimental-utils cache-miss
3313 http cache https://registry.npmjs.org/array.prototype.findlastindex 539ms (cache hit)
3314 silly packumentCache full:https://registry.npmjs.org/array.prototype.findlastindex set size:44828 disposed:false
3315 silly fetch manifest aria-query@^5.3.2
3316 silly packumentCache full:https://registry.npmjs.org/aria-query cache-miss
3317 http cache https://registry.npmjs.org/eslint-import-resolver-node 455ms (cache hit)
3318 silly packumentCache full:https://registry.npmjs.org/eslint-import-resolver-node set size:37178 disposed:false
3319 silly fetch manifest array-includes@^3.1.8
3320 silly packumentCache full:https://registry.npmjs.org/array-includes cache-miss
3321 http cache https://registry.npmjs.org/array-includes 678ms (cache hit)
3322 silly packumentCache full:https://registry.npmjs.org/array-includes set size:77143 disposed:false
3323 silly fetch manifest array.prototype.flatmap@^1.3.2
3324 silly packumentCache full:https://registry.npmjs.org/array.prototype.flatmap cache-miss
3325 http cache https://registry.npmjs.org/object.fromentries 117ms (cache hit)
3326 silly packumentCache full:https://registry.npmjs.org/object.fromentries set size:37686 disposed:false
3327 silly fetch manifest ast-types-flow@^0.0.8
3328 silly packumentCache full:https://registry.npmjs.org/ast-types-flow cache-miss
3329 http cache https://registry.npmjs.org/array.prototype.flatmap 463ms (cache hit)
3330 silly packumentCache full:https://registry.npmjs.org/array.prototype.flatmap set size:51458 disposed:false
3331 silly fetch manifest axe-core@^4.10.0
3332 silly packumentCache full:https://registry.npmjs.org/axe-core cache-miss
3333 http cache https://registry.npmjs.org/string.prototype.trimend 37ms (cache hit)
3334 silly packumentCache full:https://registry.npmjs.org/string.prototype.trimend set size:41090 disposed:false
3335 silly fetch manifest axobject-query@^4.1.0
3336 silly packumentCache full:https://registry.npmjs.org/axobject-query cache-miss
3337 http cache https://registry.npmjs.org/hasown 235ms (cache hit)
3338 silly packumentCache full:https://registry.npmjs.org/hasown set size:12476 disposed:false
3339 silly fetch manifest damerau-levenshtein@^1.0.8
3340 silly packumentCache full:https://registry.npmjs.org/damerau-levenshtein cache-miss
3341 http cache https://registry.npmjs.org/object.groupby 125ms (cache hit)
3342 silly packumentCache full:https://registry.npmjs.org/object.groupby set size:15504 disposed:false
3343 silly fetch manifest emoji-regex@^9.2.2
3344 silly packumentCache full:https://registry.npmjs.org/emoji-regex cache-miss
3345 http cache https://registry.npmjs.org/eslint-module-utils 375ms (cache hit)
3346 silly packumentCache full:https://registry.npmjs.org/eslint-module-utils set size:77496 disposed:false
3347 silly fetch manifest jsx-ast-utils@^3.3.5
3348 silly packumentCache full:https://registry.npmjs.org/jsx-ast-utils cache-miss
3349 http cache https://registry.npmjs.org/tsconfig-paths 40ms (cache hit)
3350 silly packumentCache full:https://registry.npmjs.org/tsconfig-paths set size:192565 disposed:false
3351 silly fetch manifest language-tags@^1.0.9
3352 silly packumentCache full:https://registry.npmjs.org/language-tags cache-miss
3353 http cache https://registry.npmjs.org/array.prototype.flatmap 43ms (cache hit)
3354 silly packumentCache full:https://registry.npmjs.org/array.prototype.flatmap set size:51458 disposed:false
3355 silly packumentCache full:https://registry.npmjs.org/array.prototype.flatmap dispose
3356 silly fetch manifest safe-regex-test@^1.0.3
3357 silly packumentCache full:https://registry.npmjs.org/safe-regex-test cache-miss
3358 http cache https://registry.npmjs.org/array-includes 50ms (cache hit)
3359 silly packumentCache full:https://registry.npmjs.org/array-includes set size:77143 disposed:false
3360 silly packumentCache full:https://registry.npmjs.org/array-includes dispose
3361 silly fetch manifest string.prototype.includes@^2.0.1
3362 silly packumentCache full:https://registry.npmjs.org/string.prototype.includes cache-miss
3363 http cache https://registry.npmjs.org/aria-query 59ms (cache hit)
3364 silly packumentCache full:https://registry.npmjs.org/aria-query set size:98864 disposed:false
3365 silly fetch manifest array.prototype.findlast@^1.2.5
3366 silly packumentCache full:https://registry.npmjs.org/array.prototype.findlast cache-miss
3367 http cache https://registry.npmjs.org/ast-types-flow 62ms (cache hit)
3368 silly packumentCache full:https://registry.npmjs.org/ast-types-flow set size:15144 disposed:false
3369 silly fetch manifest array.prototype.tosorted@^1.1.4
3370 silly packumentCache full:https://registry.npmjs.org/array.prototype.tosorted cache-miss
3371 http cache https://registry.npmjs.org/axobject-query 65ms (cache hit)
3372 silly packumentCache full:https://registry.npmjs.org/axobject-query set size:75032 disposed:false
3373 silly fetch manifest es-iterator-helpers@^1.2.1
3374 silly packumentCache full:https://registry.npmjs.org/es-iterator-helpers cache-miss
3375 http cache https://registry.npmjs.org/emoji-regex 66ms (cache hit)
3376 silly packumentCache full:https://registry.npmjs.org/emoji-regex set size:89088 disposed:false
3377 silly fetch manifest estraverse@^5.3.0
3378 silly packumentCache full:https://registry.npmjs.org/estraverse cache-hit
3379 silly fetch manifest jsx-ast-utils@^2.4.1 || ^3.0.0
3380 silly packumentCache full:https://registry.npmjs.org/jsx-ast-utils cache-miss
3381 http cache https://registry.npmjs.org/@typescript-eslint%2fexperimental-utils 128ms (cache hit)
3382 silly packumentCache full:https://registry.npmjs.org/@typescript-eslint%2fexperimental-utils set size:15007115 disposed:false
3383 silly fetch manifest object.entries@^1.1.9
3384 silly packumentCache full:https://registry.npmjs.org/object.entries cache-miss
3385 http cache https://registry.npmjs.org/damerau-levenshtein 199ms (cache hit)
3386 silly packumentCache full:https://registry.npmjs.org/damerau-levenshtein set size:23390 disposed:false
3387 silly fetch manifest prop-types@^15.8.1
3388 silly packumentCache full:https://registry.npmjs.org/prop-types cache-miss
3389 http cache https://registry.npmjs.org/axe-core 225ms (cache hit)
3390 silly packumentCache full:https://registry.npmjs.org/axe-core set size:9247123 disposed:false
3391 silly fetch manifest resolve@^2.0.0-next.5
3392 silly packumentCache full:https://registry.npmjs.org/resolve cache-hit
3393 silly fetch manifest string.prototype.matchall@^4.0.12
3394 silly packumentCache full:https://registry.npmjs.org/string.prototype.matchall cache-miss
3395 http cache https://registry.npmjs.org/jsx-ast-utils 265ms (cache hit)
3396 silly packumentCache full:https://registry.npmjs.org/jsx-ast-utils set size:115998 disposed:false
3397 silly fetch manifest string.prototype.repeat@^1.0.0
3398 silly packumentCache full:https://registry.npmjs.org/string.prototype.repeat cache-miss
3399 http cache https://registry.npmjs.org/language-tags 266ms (cache hit)
3400 silly packumentCache full:https://registry.npmjs.org/language-tags set size:38675 disposed:false
3401 silly fetch manifest @typescript-eslint/utils@^5.58.0
3402 silly packumentCache full:https://registry.npmjs.org/@typescript-eslint%2futils cache-miss
3403 http cache https://registry.npmjs.org/safe-regex-test 260ms (cache hit)
3404 silly packumentCache full:https://registry.npmjs.org/safe-regex-test set size:17412 disposed:false
3405 http cache https://registry.npmjs.org/array.prototype.findlast 247ms (cache hit)
3406 silly packumentCache full:https://registry.npmjs.org/array.prototype.findlast set size:40323 disposed:false
3407 http cache https://registry.npmjs.org/string.prototype.includes 258ms (cache hit)
3408 silly packumentCache full:https://registry.npmjs.org/string.prototype.includes set size:10217 disposed:false
3409 http cache https://registry.npmjs.org/es-iterator-helpers 237ms (cache hit)
3410 silly packumentCache full:https://registry.npmjs.org/es-iterator-helpers set size:258484 disposed:false
3411 http cache https://registry.npmjs.org/jsx-ast-utils 233ms (cache hit)
3412 silly packumentCache full:https://registry.npmjs.org/jsx-ast-utils set size:115998 disposed:false
3413 silly packumentCache full:https://registry.npmjs.org/jsx-ast-utils dispose
3414 http cache https://registry.npmjs.org/array.prototype.tosorted 251ms (cache hit)
3415 silly packumentCache full:https://registry.npmjs.org/array.prototype.tosorted set size:24661 disposed:false
3416 http cache https://registry.npmjs.org/object.entries 114ms (cache hit)
3417 silly packumentCache full:https://registry.npmjs.org/object.entries set size:50037 disposed:false
3418 http cache https://registry.npmjs.org/string.prototype.matchall 46ms (cache hit)
3419 silly packumentCache full:https://registry.npmjs.org/string.prototype.matchall set size:63239 disposed:false
3420 http cache https://registry.npmjs.org/prop-types 114ms (cache hit)
3421 silly packumentCache full:https://registry.npmjs.org/prop-types set size:76747 disposed:false
3422 http cache https://registry.npmjs.org/string.prototype.repeat 46ms (cache hit)
3423 silly packumentCache full:https://registry.npmjs.org/string.prototype.repeat set size:8608 disposed:false
3424 http cache https://registry.npmjs.org/@typescript-eslint%2futils 64ms (cache hit)
3425 silly packumentCache full:https://registry.npmjs.org/@typescript-eslint%2futils set size:9943487 disposed:false
3426 silly placeDep ROOT @nicolo-ribaudo/eslint-scope-5-internals@5.1.1-v1 OK for: @babel/eslint-parser@7.28.6 want: 5.1.1-v1
3427 silly placeDep node_modules/@babel/eslint-parser eslint-visitor-keys@2.1.0 OK for: @babel/eslint-parser@7.28.6 want: ^2.1.0
3428 silly placeDep node_modules/@babel/eslint-parser semver@6.3.1 OK for: @babel/eslint-parser@7.28.6 want: ^6.3.1
3429 silly placeDep node_modules/@nicolo-ribaudo/eslint-scope-5-internals eslint-scope@5.1.1 OK for: @nicolo-ribaudo/eslint-scope-5-internals@5.1.1-v1 want: 5.1.1
3430 silly fetch manifest estraverse@^4.1.1
3431 silly packumentCache full:https://registry.npmjs.org/estraverse cache-hit
3432 silly fetch manifest typescript@>=2.8.0 || >= 3.2.0-dev || >= 3.3.0-dev || >= 3.4.0-dev || >= 3.5.0-dev || >= 3.6.0-dev || >= 3.6.0-beta || >= 3.7.0-dev || >= 3.7.0-beta
3433 silly packumentCache full:https://registry.npmjs.org/typescript cache-miss
3434 http cache https://registry.npmjs.org/typescript 89ms (cache hit)
3435 silly packumentCache full:https://registry.npmjs.org/typescript set size:15399465 disposed:false
3436 silly fetch manifest eslint@^6.0.0 || ^7.0.0 || ^8.0.0
3437 silly packumentCache full:https://registry.npmjs.org/eslint cache-miss
3438 http cache https://registry.npmjs.org/eslint 21ms (cache hit)
3439 silly packumentCache full:https://registry.npmjs.org/eslint set size:1976900 disposed:false
3440 silly placeDep ROOT @typescript-eslint/scope-manager@5.62.0 OK for: @typescript-eslint/eslint-plugin@5.62.0 want: 5.62.0
3441 silly placeDep ROOT @typescript-eslint/type-utils@5.62.0 OK for: @typescript-eslint/eslint-plugin@5.62.0 want: 5.62.0
3442 silly placeDep ROOT @typescript-eslint/utils@5.62.0 OK for: @typescript-eslint/eslint-plugin@5.62.0 want: 5.62.0
3443 silly placeDep ROOT natural-compare-lite@1.4.0 OK for: @typescript-eslint/eslint-plugin@5.62.0 want: ^1.4.0
3444 silly placeDep ROOT tsutils@3.21.0 OK for: @typescript-eslint/eslint-plugin@5.62.0 want: ^3.21.0
3445 silly placeDep ROOT typescript@6.0.2 OK for: tsutils@3.21.0 want: >=2.8.0 || >= 3.2.0-dev || >= 3.3.0-dev || >= 3.4.0-dev || >= 3.5.0-dev || >= 3.6.0-dev || >= 3.6.0-beta || >= 3.7.0-dev || >= 3.7.0-beta
3446 silly fetch manifest @typescript-eslint/visitor-keys@5.62.0
3447 silly packumentCache full:https://registry.npmjs.org/@typescript-eslint%2fvisitor-keys cache-miss
3448 silly fetch manifest eslint-scope@^5.1.1
3449 silly packumentCache full:https://registry.npmjs.org/eslint-scope cache-hit
3450 silly fetch manifest @types/semver@^7.3.12
3451 silly packumentCache full:https://registry.npmjs.org/@types%2fsemver cache-miss
3452 silly fetch manifest tslib@^1.8.1
3453 silly packumentCache full:https://registry.npmjs.org/tslib cache-miss
3454 http cache https://registry.npmjs.org/tslib 16ms (cache hit)
3455 silly packumentCache full:https://registry.npmjs.org/tslib set size:108760 disposed:false
3456 http cache https://registry.npmjs.org/@types%2fsemver 22ms (cache hit)
3457 silly packumentCache full:https://registry.npmjs.org/@types%2fsemver set size:117689 disposed:false
3458 http cache https://registry.npmjs.org/@typescript-eslint%2fvisitor-keys 63ms (cache hit)
3459 silly packumentCache full:https://registry.npmjs.org/@typescript-eslint%2fvisitor-keys set size:11671222 disposed:false
3460 silly placeDep ROOT @typescript-eslint/types@5.62.0 OK for: @typescript-eslint/parser@5.62.0 want: 5.62.0
3461 silly placeDep ROOT @typescript-eslint/typescript-estree@5.62.0 OK for: @typescript-eslint/parser@5.62.0 want: 5.62.0
3462 silly fetch manifest globby@^11.1.0
3463 silly packumentCache full:https://registry.npmjs.org/globby cache-hit
3464 silly placeDep ROOT @typescript-eslint/visitor-keys@5.62.0 OK for: @typescript-eslint/scope-manager@5.62.0 want: 5.62.0
3465 silly placeDep ROOT globby@11.1.0 OK for: @typescript-eslint/typescript-estree@5.62.0 want: ^11.1.0
3466 silly fetch manifest merge2@^1.4.1
3467 silly packumentCache full:https://registry.npmjs.org/merge2 cache-miss
3468 silly fetch manifest dir-glob@^3.0.1
3469 silly packumentCache full:https://registry.npmjs.org/dir-glob cache-miss
3470 silly fetch manifest fast-glob@^3.2.9
3471 silly packumentCache full:https://registry.npmjs.org/fast-glob cache-hit
3472 silly fetch manifest array-union@^2.1.0
3473 silly packumentCache full:https://registry.npmjs.org/array-union cache-miss
3474 http cache https://registry.npmjs.org/dir-glob 16ms (cache hit)
3475 silly packumentCache full:https://registry.npmjs.org/dir-glob set size:22205 disposed:false
3476 http cache https://registry.npmjs.org/merge2 18ms (cache hit)
3477 silly packumentCache full:https://registry.npmjs.org/merge2 set size:46159 disposed:false
3478 http cache https://registry.npmjs.org/array-union 19ms (cache hit)
3479 silly packumentCache full:https://registry.npmjs.org/array-union set size:18386 disposed:false
3480 silly placeDep ROOT @types/json-schema@7.0.15 OK for: @typescript-eslint/utils@5.62.0 want: ^7.0.9
3481 silly placeDep ROOT @types/semver@7.7.1 OK for: @typescript-eslint/utils@5.62.0 want: ^7.3.12
3482 silly placeDep node_modules/@typescript-eslint/utils eslint-scope@5.1.1 OK for: @typescript-eslint/utils@5.62.0 want: ^5.1.1
3483 silly placeDep ROOT lodash@4.18.1 OK for: eslint-plugin-flowtype@8.0.3 want: ^4.17.21
3484 silly placeDep ROOT string-natural-compare@3.0.1 OK for: eslint-plugin-flowtype@8.0.3 want: ^3.0.1
3485 silly placeDep ROOT @rtsao/scc@1.1.0 OK for: eslint-plugin-import@2.32.0 want: ^1.1.0
3486 silly placeDep ROOT array-includes@3.1.9 OK for: eslint-plugin-import@2.32.0 want: ^3.1.9
3487 silly placeDep ROOT array.prototype.findlastindex@1.2.6 OK for: eslint-plugin-import@2.32.0 want: ^1.2.6
3488 silly placeDep ROOT array.prototype.flat@1.3.3 OK for: eslint-plugin-import@2.32.0 want: ^1.3.3
3489 silly placeDep ROOT array.prototype.flatmap@1.3.3 OK for: eslint-plugin-import@2.32.0 want: ^1.3.3
3490 silly placeDep node_modules/eslint-plugin-import debug@3.2.7 OK for: eslint-plugin-import@2.32.0 want: ^3.2.7
3491 silly placeDep node_modules/eslint-plugin-import doctrine@2.1.0 OK for: eslint-plugin-import@2.32.0 want: ^2.1.0
3492 silly placeDep node_modules/eslint-plugin-import eslint-import-resolver-node@0.3.10 OK for: eslint-plugin-import@2.32.0 want: ^0.3.9
3493 silly placeDep ROOT eslint-module-utils@2.12.1 OK for: eslint-plugin-import@2.32.0 want: ^2.12.1
3494 silly placeDep ROOT hasown@2.0.2 OK for: eslint-plugin-import@2.32.0 want: ^2.0.2
3495 silly placeDep ROOT is-core-module@2.16.1 OK for: eslint-plugin-import@2.32.0 want: ^2.16.1
3496 silly placeDep ROOT object.fromentries@2.0.8 OK for: eslint-plugin-import@2.32.0 want: ^2.0.8
3497 silly placeDep ROOT object.groupby@1.0.3 OK for: eslint-plugin-import@2.32.0 want: ^1.0.3
3498 silly placeDep ROOT object.values@1.2.1 OK for: eslint-plugin-import@2.32.0 want: ^1.2.1
3499 silly placeDep node_modules/eslint-plugin-import semver@6.3.1 OK for: eslint-plugin-import@2.32.0 want: ^6.3.1
3500 silly placeDep ROOT string.prototype.trimend@1.0.9 OK for: eslint-plugin-import@2.32.0 want: ^1.0.9
3501 silly placeDep ROOT tsconfig-paths@3.15.0 OK for: eslint-plugin-import@2.32.0 want: ^3.15.0
3502 silly fetch manifest call-bind@^1.0.8
3503 silly packumentCache full:https://registry.npmjs.org/call-bind cache-miss
3504 silly fetch manifest call-bound@^1.0.4
3505 silly packumentCache full:https://registry.npmjs.org/call-bound cache-miss
3506 silly fetch manifest define-properties@^1.2.1
3507 silly packumentCache full:https://registry.npmjs.org/define-properties cache-miss
3508 silly fetch manifest es-abstract@^1.24.0
3509 silly packumentCache full:https://registry.npmjs.org/es-abstract cache-miss
3510 silly fetch manifest es-object-atoms@^1.1.1
3511 silly packumentCache full:https://registry.npmjs.org/es-object-atoms cache-miss
3512 silly fetch manifest get-intrinsic@^1.3.0
3513 silly packumentCache full:https://registry.npmjs.org/get-intrinsic cache-miss
3514 silly fetch manifest is-string@^1.1.1
3515 silly packumentCache full:https://registry.npmjs.org/is-string cache-miss
3516 silly fetch manifest math-intrinsics@^1.1.0
3517 silly packumentCache full:https://registry.npmjs.org/math-intrinsics cache-miss
3518 silly fetch manifest call-bind@^1.0.8
3519 silly packumentCache full:https://registry.npmjs.org/call-bind cache-miss
3520 silly fetch manifest call-bound@^1.0.4
3521 silly packumentCache full:https://registry.npmjs.org/call-bound cache-miss
3522 silly fetch manifest define-properties@^1.2.1
3523 silly packumentCache full:https://registry.npmjs.org/define-properties cache-miss
3524 http cache https://registry.npmjs.org/define-properties 65ms (cache hit)
3525 silly packumentCache full:https://registry.npmjs.org/define-properties set size:31491 disposed:false
3526 silly fetch manifest es-abstract@^1.23.9
3527 silly packumentCache full:https://registry.npmjs.org/es-abstract cache-miss
3528 http cache https://registry.npmjs.org/call-bound 70ms (cache hit)
3529 silly packumentCache full:https://registry.npmjs.org/call-bound set size:15317 disposed:false
3530 silly fetch manifest es-errors@^1.3.0
3531 silly packumentCache full:https://registry.npmjs.org/es-errors cache-miss
3532 http cache https://registry.npmjs.org/call-bind 75ms (cache hit)
3533 silly packumentCache full:https://registry.npmjs.org/call-bind set size:32985 disposed:false
3534 silly fetch manifest es-object-atoms@^1.1.1
3535 silly packumentCache full:https://registry.npmjs.org/es-object-atoms cache-miss
3536 http cache https://registry.npmjs.org/get-intrinsic 78ms (cache hit)
3537 silly packumentCache full:https://registry.npmjs.org/get-intrinsic set size:60985 disposed:false
3538 silly fetch manifest es-shim-unscopables@^1.1.0
3539 silly packumentCache full:https://registry.npmjs.org/es-shim-unscopables cache-miss
3540 http cache https://registry.npmjs.org/es-abstract 86ms (cache hit)
3541 silly packumentCache full:https://registry.npmjs.org/es-abstract set size:384124 disposed:false
3542 silly fetch manifest es-abstract@^1.23.5
3543 silly packumentCache full:https://registry.npmjs.org/es-abstract cache-hit
3544 silly fetch manifest es-shim-unscopables@^1.0.2
3545 silly packumentCache full:https://registry.npmjs.org/es-shim-unscopables cache-miss
3546 http cache https://registry.npmjs.org/math-intrinsics 96ms (cache hit)
3547 silly packumentCache full:https://registry.npmjs.org/math-intrinsics set size:9265 disposed:false
3548 silly fetch manifest es-shim-unscopables@^1.0.2
3549 silly packumentCache full:https://registry.npmjs.org/es-shim-unscopables cache-miss
3550 http cache https://registry.npmjs.org/es-object-atoms 112ms (cache hit)
3551 silly packumentCache full:https://registry.npmjs.org/es-object-atoms set size:15304 disposed:false
3552 silly fetch manifest resolve@^2.0.0-next.6
3553 silly packumentCache full:https://registry.npmjs.org/resolve cache-hit
3554 silly fetch manifest function-bind@^1.1.2
3555 silly packumentCache full:https://registry.npmjs.org/function-bind cache-miss
3556 http cache https://registry.npmjs.org/is-string 116ms (cache hit)
3557 silly packumentCache full:https://registry.npmjs.org/is-string set size:29636 disposed:false
3558 silly fetch manifest call-bind@^1.0.7
3559 silly packumentCache full:https://registry.npmjs.org/call-bind cache-hit
3560 silly fetch manifest es-abstract@^1.23.2
3561 silly packumentCache full:https://registry.npmjs.org/es-abstract cache-hit
3562 silly fetch manifest es-object-atoms@^1.0.0
3563 silly packumentCache full:https://registry.npmjs.org/es-object-atoms cache-hit
3564 silly fetch manifest call-bound@^1.0.3
3565 silly packumentCache full:https://registry.npmjs.org/call-bound cache-hit
3566 silly fetch manifest call-bound@^1.0.2
3567 silly packumentCache full:https://registry.npmjs.org/call-bound cache-hit
3568 silly fetch manifest json5@^1.0.2
3569 silly packumentCache full:https://registry.npmjs.org/json5 cache-hit
3570 silly fetch manifest minimist@^1.2.6
3571 silly packumentCache full:https://registry.npmjs.org/minimist cache-miss
3572 http cache https://registry.npmjs.org/define-properties 126ms (cache hit)
3573 silly packumentCache full:https://registry.npmjs.org/define-properties set size:31491 disposed:false
3574 silly packumentCache full:https://registry.npmjs.org/define-properties dispose
3575 silly fetch manifest strip-bom@^3.0.0
3576 silly packumentCache full:https://registry.npmjs.org/strip-bom cache-miss
3577 http cache https://registry.npmjs.org/call-bound 129ms (cache hit)
3578 silly packumentCache full:https://registry.npmjs.org/call-bound set size:15317 disposed:false
3579 silly packumentCache full:https://registry.npmjs.org/call-bound dispose
3580 silly fetch manifest @types/json5@^0.0.29
3581 silly packumentCache full:https://registry.npmjs.org/@types%2fjson5 cache-miss
3582 http cache https://registry.npmjs.org/call-bind 133ms (cache hit)
3583 silly packumentCache full:https://registry.npmjs.org/call-bind set size:32985 disposed:false
3584 silly packumentCache full:https://registry.npmjs.org/call-bind dispose
3585 http cache https://registry.npmjs.org/es-abstract 88ms (cache hit)
3586 silly packumentCache full:https://registry.npmjs.org/es-abstract set size:384124 disposed:false
3587 silly packumentCache full:https://registry.npmjs.org/es-abstract dispose
3588 http cache https://registry.npmjs.org/es-errors 90ms (cache hit)
3589 silly packumentCache full:https://registry.npmjs.org/es-errors set size:16918 disposed:false
3590 http cache https://registry.npmjs.org/es-object-atoms 87ms (cache hit)
3591 silly packumentCache full:https://registry.npmjs.org/es-object-atoms set size:15304 disposed:false
3592 silly packumentCache full:https://registry.npmjs.org/es-object-atoms dispose
3593 http cache https://registry.npmjs.org/es-shim-unscopables 83ms (cache hit)
3594 silly packumentCache full:https://registry.npmjs.org/es-shim-unscopables set size:13965 disposed:false
3595 http cache https://registry.npmjs.org/es-shim-unscopables 70ms (cache hit)
3596 silly packumentCache full:https://registry.npmjs.org/es-shim-unscopables set size:13965 disposed:false
3597 silly packumentCache full:https://registry.npmjs.org/es-shim-unscopables dispose
3598 http cache https://registry.npmjs.org/es-shim-unscopables 74ms (cache hit)
3599 silly packumentCache full:https://registry.npmjs.org/es-shim-unscopables set size:13965 disposed:true
3600 silly packumentCache full:https://registry.npmjs.org/es-shim-unscopables dispose
3601 http cache https://registry.npmjs.org/minimist 44ms (cache hit)
3602 silly packumentCache full:https://registry.npmjs.org/minimist set size:77063 disposed:false
3603 http cache https://registry.npmjs.org/strip-bom 44ms (cache hit)
3604 silly packumentCache full:https://registry.npmjs.org/strip-bom set size:19359 disposed:false
3605 http cache https://registry.npmjs.org/function-bind 60ms (cache hit)
3606 silly packumentCache full:https://registry.npmjs.org/function-bind set size:15733 disposed:false
3607 http cache https://registry.npmjs.org/@types%2fjson5 45ms (cache hit)
3608 silly packumentCache full:https://registry.npmjs.org/@types%2fjson5 set size:19581 disposed:false
3609 silly placeDep ROOT call-bind@1.0.9 OK for: array-includes@3.1.9 want: ^1.0.8
3610 silly placeDep ROOT call-bound@1.0.4 OK for: array-includes@3.1.9 want: ^1.0.4
3611 silly placeDep ROOT define-properties@1.2.1 OK for: array-includes@3.1.9 want: ^1.2.1
3612 silly placeDep ROOT es-abstract@1.24.2 OK for: array-includes@3.1.9 want: ^1.24.0
3613 silly placeDep ROOT es-object-atoms@1.1.1 OK for: array-includes@3.1.9 want: ^1.1.1
3614 silly placeDep ROOT get-intrinsic@1.3.0 OK for: array-includes@3.1.9 want: ^1.3.0
3615 silly placeDep ROOT is-string@1.1.1 OK for: array-includes@3.1.9 want: ^1.1.1
3616 silly placeDep ROOT math-intrinsics@1.1.0 OK for: array-includes@3.1.9 want: ^1.1.0
3617 silly fetch manifest call-bind-apply-helpers@^1.0.2
3618 silly packumentCache full:https://registry.npmjs.org/call-bind-apply-helpers cache-miss
3619 silly fetch manifest es-define-property@^1.0.1
3620 silly packumentCache full:https://registry.npmjs.org/es-define-property cache-miss
3621 silly fetch manifest set-function-length@^1.2.2
3622 silly packumentCache full:https://registry.npmjs.org/set-function-length cache-miss
3623 silly fetch manifest call-bind-apply-helpers@^1.0.2
3624 silly packumentCache full:https://registry.npmjs.org/call-bind-apply-helpers cache-miss
3625 silly fetch manifest define-data-property@^1.0.1
3626 silly packumentCache full:https://registry.npmjs.org/define-data-property cache-miss
3627 silly fetch manifest has-property-descriptors@^1.0.0
3628 silly packumentCache full:https://registry.npmjs.org/has-property-descriptors cache-miss
3629 silly fetch manifest object-keys@^1.1.1
3630 silly packumentCache full:https://registry.npmjs.org/object-keys cache-miss
3631 silly fetch manifest array-buffer-byte-length@^1.0.2
3632 silly packumentCache full:https://registry.npmjs.org/array-buffer-byte-length cache-miss
3633 silly fetch manifest arraybuffer.prototype.slice@^1.0.4
3634 silly packumentCache full:https://registry.npmjs.org/arraybuffer.prototype.slice cache-miss
3635 silly fetch manifest available-typed-arrays@^1.0.7
3636 silly packumentCache full:https://registry.npmjs.org/available-typed-arrays cache-miss
3637 silly fetch manifest data-view-buffer@^1.0.2
3638 silly packumentCache full:https://registry.npmjs.org/data-view-buffer cache-miss
3639 http cache https://registry.npmjs.org/es-define-property 48ms (cache hit)
3640 silly packumentCache full:https://registry.npmjs.org/es-define-property set size:8542 disposed:false
3641 silly fetch manifest data-view-byte-length@^1.0.2
3642 silly packumentCache full:https://registry.npmjs.org/data-view-byte-length cache-miss
3643 http cache https://registry.npmjs.org/set-function-length 49ms (cache hit)
3644 silly packumentCache full:https://registry.npmjs.org/set-function-length set size:24261 disposed:false
3645 silly fetch manifest data-view-byte-offset@^1.0.1
3646 silly packumentCache full:https://registry.npmjs.org/data-view-byte-offset cache-miss
3647 http cache https://registry.npmjs.org/arraybuffer.prototype.slice 50ms (cache hit)
3648 silly packumentCache full:https://registry.npmjs.org/arraybuffer.prototype.slice set size:20917 disposed:false
3649 silly fetch manifest es-set-tostringtag@^2.1.0
3650 silly packumentCache full:https://registry.npmjs.org/es-set-tostringtag cache-miss
3651 http cache https://registry.npmjs.org/call-bind-apply-helpers 55ms (cache hit)
3652 silly packumentCache full:https://registry.npmjs.org/call-bind-apply-helpers set size:12744 disposed:false
3653 silly fetch manifest es-to-primitive@^1.3.0
3654 silly packumentCache full:https://registry.npmjs.org/es-to-primitive cache-miss
3655 http cache https://registry.npmjs.org/has-property-descriptors 56ms (cache hit)
3656 silly packumentCache full:https://registry.npmjs.org/has-property-descriptors set size:12452 disposed:false
3657 silly fetch manifest function.prototype.name@^1.1.8
3658 silly packumentCache full:https://registry.npmjs.org/function.prototype.name cache-miss
3659 http cache https://registry.npmjs.org/define-data-property 58ms (cache hit)
3660 silly packumentCache full:https://registry.npmjs.org/define-data-property set size:28048 disposed:false
3661 silly fetch manifest get-proto@^1.0.1
3662 silly packumentCache full:https://registry.npmjs.org/get-proto cache-miss
3663 http cache https://registry.npmjs.org/data-view-buffer 54ms (cache hit)
3664 silly packumentCache full:https://registry.npmjs.org/data-view-buffer set size:11789 disposed:false
3665 silly fetch manifest get-symbol-description@^1.1.0
3666 silly packumentCache full:https://registry.npmjs.org/get-symbol-description cache-miss
3667 http cache https://registry.npmjs.org/object-keys 61ms (cache hit)
3668 silly packumentCache full:https://registry.npmjs.org/object-keys set size:67744 disposed:false
3669 silly fetch manifest globalthis@^1.0.4
3670 silly packumentCache full:https://registry.npmjs.org/globalthis cache-miss
3671 http cache https://registry.npmjs.org/array-buffer-byte-length 63ms (cache hit)
3672 silly packumentCache full:https://registry.npmjs.org/array-buffer-byte-length set size:13099 disposed:false
3673 silly fetch manifest gopd@^1.2.0
3674 silly packumentCache full:https://registry.npmjs.org/gopd cache-miss
3675 http cache https://registry.npmjs.org/available-typed-arrays 62ms (cache hit)
3676 silly packumentCache full:https://registry.npmjs.org/available-typed-arrays set size:31390 disposed:false
3677 silly fetch manifest has-property-descriptors@^1.0.2
3678 silly packumentCache full:https://registry.npmjs.org/has-property-descriptors cache-hit
3679 silly fetch manifest has-proto@^1.2.0
3680 silly packumentCache full:https://registry.npmjs.org/has-proto cache-miss
3681 http cache https://registry.npmjs.org/call-bind-apply-helpers 72ms (cache hit)
3682 silly packumentCache full:https://registry.npmjs.org/call-bind-apply-helpers set size:12744 disposed:false
3683 silly packumentCache full:https://registry.npmjs.org/call-bind-apply-helpers dispose
3684 silly fetch manifest has-symbols@^1.1.0
3685 silly packumentCache full:https://registry.npmjs.org/has-symbols cache-miss
3686 http cache https://registry.npmjs.org/es-set-tostringtag 40ms (cache hit)
3687 silly packumentCache full:https://registry.npmjs.org/es-set-tostringtag set size:22094 disposed:false
3688 silly fetch manifest internal-slot@^1.1.0
3689 silly packumentCache full:https://registry.npmjs.org/internal-slot cache-miss
3690 http cache https://registry.npmjs.org/data-view-byte-length 49ms (cache hit)
3691 silly packumentCache full:https://registry.npmjs.org/data-view-byte-length set size:12269 disposed:false
3692 silly fetch manifest is-array-buffer@^3.0.5
3693 silly packumentCache full:https://registry.npmjs.org/is-array-buffer cache-miss
3694 http cache https://registry.npmjs.org/data-view-byte-offset 48ms (cache hit)
3695 silly packumentCache full:https://registry.npmjs.org/data-view-byte-offset set size:9200 disposed:false
3696 silly fetch manifest is-callable@^1.2.7
3697 silly packumentCache full:https://registry.npmjs.org/is-callable cache-miss
3698 http cache https://registry.npmjs.org/get-symbol-description 38ms (cache hit)
3699 silly packumentCache full:https://registry.npmjs.org/get-symbol-description set size:15540 disposed:false
3700 silly fetch manifest is-data-view@^1.0.2
3701 silly packumentCache full:https://registry.npmjs.org/is-data-view cache-miss
3702 http cache https://registry.npmjs.org/function.prototype.name 44ms (cache hit)
3703 silly packumentCache full:https://registry.npmjs.org/function.prototype.name set size:44756 disposed:false
3704 silly fetch manifest is-negative-zero@^2.0.3
3705 silly packumentCache full:https://registry.npmjs.org/is-negative-zero cache-miss
3706 http cache https://registry.npmjs.org/get-proto 44ms (cache hit)
3707 silly packumentCache full:https://registry.npmjs.org/get-proto set size:8300 disposed:false
3708 silly fetch manifest is-regex@^1.2.1
3709 silly packumentCache full:https://registry.npmjs.org/is-regex cache-miss
3710 http cache https://registry.npmjs.org/es-to-primitive 50ms (cache hit)
3711 silly packumentCache full:https://registry.npmjs.org/es-to-primitive set size:22465 disposed:false
3712 silly fetch manifest is-set@^2.0.3
3713 silly packumentCache full:https://registry.npmjs.org/is-set cache-miss
3714 http cache https://registry.npmjs.org/gopd 42ms (cache hit)
3715 silly packumentCache full:https://registry.npmjs.org/gopd set size:11458 disposed:false
3716 silly fetch manifest is-shared-array-buffer@^1.0.4
3717 silly packumentCache full:https://registry.npmjs.org/is-shared-array-buffer cache-miss
3718 http cache https://registry.npmjs.org/globalthis 45ms (cache hit)
3719 silly packumentCache full:https://registry.npmjs.org/globalthis set size:22522 disposed:false
3720 silly fetch manifest is-typed-array@^1.1.15
3721 silly packumentCache full:https://registry.npmjs.org/is-typed-array cache-miss
3722 http cache https://registry.npmjs.org/has-proto 47ms (cache hit)
3723 silly packumentCache full:https://registry.npmjs.org/has-proto set size:21527 disposed:false
3724 silly fetch manifest is-weakref@^1.1.1
3725 silly packumentCache full:https://registry.npmjs.org/is-weakref cache-miss
3726 http cache https://registry.npmjs.org/has-symbols 45ms (cache hit)
3727 silly packumentCache full:https://registry.npmjs.org/has-symbols set size:21550 disposed:false
3728 silly fetch manifest object-inspect@^1.13.4
3729 silly packumentCache full:https://registry.npmjs.org/object-inspect cache-miss
3730 http cache https://registry.npmjs.org/internal-slot 42ms (cache hit)
3731 silly packumentCache full:https://registry.npmjs.org/internal-slot set size:30267 disposed:false
3732 silly fetch manifest object.assign@^4.1.7
3733 silly packumentCache full:https://registry.npmjs.org/object.assign cache-miss
3734 http cache https://registry.npmjs.org/is-array-buffer 44ms (cache hit)
3735 silly packumentCache full:https://registry.npmjs.org/is-array-buffer set size:33562 disposed:false
3736 silly fetch manifest own-keys@^1.0.1
3737 silly packumentCache full:https://registry.npmjs.org/own-keys cache-miss
3738 http cache https://registry.npmjs.org/is-data-view 46ms (cache hit)
3739 silly packumentCache full:https://registry.npmjs.org/is-data-view set size:13756 disposed:false
3740 silly fetch manifest regexp.prototype.flags@^1.5.4
3741 silly packumentCache full:https://registry.npmjs.org/regexp.prototype.flags cache-miss
3742 http cache https://registry.npmjs.org/is-callable 50ms (cache hit)
3743 silly packumentCache full:https://registry.npmjs.org/is-callable set size:66606 disposed:false
3744 silly fetch manifest safe-array-concat@^1.1.3
3745 silly packumentCache full:https://registry.npmjs.org/safe-array-concat cache-miss
3746 http cache https://registry.npmjs.org/is-negative-zero 50ms (cache hit)
3747 silly packumentCache full:https://registry.npmjs.org/is-negative-zero set size:22152 disposed:false
3748 silly fetch manifest safe-push-apply@^1.0.0
3749 silly packumentCache full:https://registry.npmjs.org/safe-push-apply cache-miss
3750 http cache https://registry.npmjs.org/is-regex 52ms (cache hit)
3751 silly packumentCache full:https://registry.npmjs.org/is-regex set size:42924 disposed:false
3752 silly fetch manifest safe-regex-test@^1.1.0
3753 silly packumentCache full:https://registry.npmjs.org/safe-regex-test cache-hit
3754 silly fetch manifest set-proto@^1.0.0
3755 silly packumentCache full:https://registry.npmjs.org/set-proto cache-miss
3756 http cache https://registry.npmjs.org/is-set 53ms (cache hit)
3757 silly packumentCache full:https://registry.npmjs.org/is-set set size:16614 disposed:false
3758 silly fetch manifest stop-iteration-iterator@^1.1.0
3759 silly packumentCache full:https://registry.npmjs.org/stop-iteration-iterator cache-miss
3760 http cache https://registry.npmjs.org/is-typed-array 51ms (cache hit)
3761 silly packumentCache full:https://registry.npmjs.org/is-typed-array set size:79965 disposed:false
3762 silly fetch manifest string.prototype.trim@^1.2.10
3763 silly packumentCache full:https://registry.npmjs.org/string.prototype.trim cache-miss
3764 http cache https://registry.npmjs.org/is-shared-array-buffer 56ms (cache hit)
3765 silly packumentCache full:https://registry.npmjs.org/is-shared-array-buffer set size:19880 disposed:false
3766 silly fetch manifest string.prototype.trimstart@^1.0.8
3767 silly packumentCache full:https://registry.npmjs.org/string.prototype.trimstart cache-miss
3768 http cache https://registry.npmjs.org/object-inspect 45ms (cache hit)
3769 silly packumentCache full:https://registry.npmjs.org/object-inspect set size:101912 disposed:false
3770 silly fetch manifest typed-array-buffer@^1.0.3
3771 silly packumentCache full:https://registry.npmjs.org/typed-array-buffer cache-miss
3772 http cache https://registry.npmjs.org/is-weakref 50ms (cache hit)
3773 silly packumentCache full:https://registry.npmjs.org/is-weakref set size:18473 disposed:false
3774 silly fetch manifest typed-array-byte-length@^1.0.3
3775 silly packumentCache full:https://registry.npmjs.org/typed-array-byte-length cache-miss
3776 http cache https://registry.npmjs.org/object.assign 42ms (cache hit)
3777 silly packumentCache full:https://registry.npmjs.org/object.assign set size:85907 disposed:false
3778 silly fetch manifest typed-array-byte-offset@^1.0.4
3779 silly packumentCache full:https://registry.npmjs.org/typed-array-byte-offset cache-miss
3780 http cache https://registry.npmjs.org/own-keys 42ms (cache hit)
3781 silly packumentCache full:https://registry.npmjs.org/own-keys set size:8735 disposed:false
3782 silly fetch manifest typed-array-length@^1.0.7
3783 silly packumentCache full:https://registry.npmjs.org/typed-array-length cache-miss
3784 http cache https://registry.npmjs.org/safe-array-concat 43ms (cache hit)
3785 silly packumentCache full:https://registry.npmjs.org/safe-array-concat set size:22426 disposed:false
3786 silly fetch manifest unbox-primitive@^1.1.0
3787 silly packumentCache full:https://registry.npmjs.org/unbox-primitive cache-miss
3788 http cache https://registry.npmjs.org/regexp.prototype.flags 49ms (cache hit)
3789 silly packumentCache full:https://registry.npmjs.org/regexp.prototype.flags set size:60621 disposed:false
3790 silly fetch manifest which-typed-array@^1.1.19
3791 silly packumentCache full:https://registry.npmjs.org/which-typed-array cache-miss
3792 http cache https://registry.npmjs.org/set-proto 42ms (cache hit)
3793 silly packumentCache full:https://registry.npmjs.org/set-proto set size:5334 disposed:false
3794 silly fetch manifest has-tostringtag@^1.0.2
3795 silly packumentCache full:https://registry.npmjs.org/has-tostringtag cache-miss
3796 http cache https://registry.npmjs.org/safe-push-apply 48ms (cache hit)
3797 silly packumentCache full:https://registry.npmjs.org/safe-push-apply set size:5759 disposed:false
3798 http cache https://registry.npmjs.org/stop-iteration-iterator 45ms (cache hit)
3799 silly packumentCache full:https://registry.npmjs.org/stop-iteration-iterator set size:9160 disposed:false
3800 http cache https://registry.npmjs.org/string.prototype.trim 43ms (cache hit)
3801 silly packumentCache full:https://registry.npmjs.org/string.prototype.trim set size:54116 disposed:false
3802 http cache https://registry.npmjs.org/typed-array-buffer 39ms (cache hit)
3803 silly packumentCache full:https://registry.npmjs.org/typed-array-buffer set size:14045 disposed:false
3804 http cache https://registry.npmjs.org/string.prototype.trimstart 44ms (cache hit)
3805 silly packumentCache full:https://registry.npmjs.org/string.prototype.trimstart set size:38291 disposed:false
3806 http cache https://registry.npmjs.org/typed-array-byte-length 42ms (cache hit)
3807 silly packumentCache full:https://registry.npmjs.org/typed-array-byte-length set size:18382 disposed:false
3808 http cache https://registry.npmjs.org/typed-array-byte-offset 34ms (cache hit)
3809 silly packumentCache full:https://registry.npmjs.org/typed-array-byte-offset set size:21714 disposed:false
3810 http cache https://registry.npmjs.org/typed-array-length 33ms (cache hit)
3811 silly packumentCache full:https://registry.npmjs.org/typed-array-length set size:32113 disposed:false
3812 http cache https://registry.npmjs.org/unbox-primitive 28ms (cache hit)
3813 silly packumentCache full:https://registry.npmjs.org/unbox-primitive set size:15669 disposed:false
3814 http cache https://registry.npmjs.org/has-tostringtag 22ms (cache hit)
3815 silly packumentCache full:https://registry.npmjs.org/has-tostringtag set size:13945 disposed:false
3816 http cache https://registry.npmjs.org/which-typed-array 27ms (cache hit)
3817 silly packumentCache full:https://registry.npmjs.org/which-typed-array set size:93605 disposed:false
3818 silly placeDep ROOT es-errors@1.3.0 OK for: array.prototype.findlastindex@1.2.6 want: ^1.3.0
3819 silly placeDep ROOT es-shim-unscopables@1.1.0 OK for: array.prototype.findlastindex@1.2.6 want: ^1.1.0
3820 silly placeDep ROOT call-bind-apply-helpers@1.0.2 OK for: call-bind@1.0.9 want: ^1.0.2
3821 silly placeDep ROOT es-define-property@1.0.1 OK for: call-bind@1.0.9 want: ^1.0.1
3822 silly placeDep ROOT set-function-length@1.2.2 OK for: call-bind@1.0.9 want: ^1.2.2
3823 silly fetch manifest define-data-property@^1.1.4
3824 silly packumentCache full:https://registry.npmjs.org/define-data-property cache-hit
3825 silly fetch manifest gopd@^1.0.1
3826 silly packumentCache full:https://registry.npmjs.org/gopd cache-hit
3827 silly placeDep ROOT function-bind@1.1.2 OK for: call-bind-apply-helpers@1.0.2 want: ^1.1.2
3828 silly placeDep ROOT define-data-property@1.1.4 OK for: define-properties@1.2.1 want: ^1.0.1
3829 silly placeDep ROOT has-property-descriptors@1.0.2 OK for: define-properties@1.2.1 want: ^1.0.0
3830 silly placeDep ROOT object-keys@1.1.1 OK for: define-properties@1.2.1 want: ^1.1.1
3831 silly placeDep ROOT gopd@1.2.0 OK for: define-data-property@1.1.4 want: ^1.0.1
3832 silly placeDep ROOT array-buffer-byte-length@1.0.2 OK for: es-abstract@1.24.2 want: ^1.0.2
3833 silly placeDep ROOT arraybuffer.prototype.slice@1.0.4 OK for: es-abstract@1.24.2 want: ^1.0.4
3834 silly placeDep ROOT available-typed-arrays@1.0.7 OK for: es-abstract@1.24.2 want: ^1.0.7
3835 silly placeDep ROOT data-view-buffer@1.0.2 OK for: es-abstract@1.24.2 want: ^1.0.2
3836 silly placeDep ROOT data-view-byte-length@1.0.2 OK for: es-abstract@1.24.2 want: ^1.0.2
3837 silly placeDep ROOT data-view-byte-offset@1.0.1 OK for: es-abstract@1.24.2 want: ^1.0.1
3838 silly placeDep ROOT es-set-tostringtag@2.1.0 OK for: es-abstract@1.24.2 want: ^2.1.0
3839 silly placeDep ROOT es-to-primitive@1.3.0 OK for: es-abstract@1.24.2 want: ^1.3.0
3840 silly placeDep ROOT function.prototype.name@1.1.8 OK for: es-abstract@1.24.2 want: ^1.1.8
3841 silly placeDep ROOT get-proto@1.0.1 OK for: es-abstract@1.24.2 want: ^1.0.1
3842 silly placeDep ROOT get-symbol-description@1.1.0 OK for: es-abstract@1.24.2 want: ^1.1.0
3843 silly placeDep ROOT globalthis@1.0.4 OK for: es-abstract@1.24.2 want: ^1.0.4
3844 silly placeDep ROOT has-proto@1.2.0 OK for: es-abstract@1.24.2 want: ^1.2.0
3845 silly placeDep ROOT has-symbols@1.1.0 OK for: es-abstract@1.24.2 want: ^1.1.0
3846 silly placeDep ROOT internal-slot@1.1.0 OK for: es-abstract@1.24.2 want: ^1.1.0
3847 silly placeDep ROOT is-array-buffer@3.0.5 OK for: es-abstract@1.24.2 want: ^3.0.5
3848 silly placeDep ROOT is-callable@1.2.7 OK for: es-abstract@1.24.2 want: ^1.2.7
3849 silly placeDep ROOT is-data-view@1.0.2 OK for: es-abstract@1.24.2 want: ^1.0.2
3850 silly placeDep ROOT is-negative-zero@2.0.3 OK for: es-abstract@1.24.2 want: ^2.0.3
3851 silly placeDep ROOT is-regex@1.2.1 OK for: es-abstract@1.24.2 want: ^1.2.1
3852 silly placeDep ROOT is-set@2.0.3 OK for: es-abstract@1.24.2 want: ^2.0.3
3853 silly placeDep ROOT is-shared-array-buffer@1.0.4 OK for: es-abstract@1.24.2 want: ^1.0.4
3854 silly placeDep ROOT is-typed-array@1.1.15 OK for: es-abstract@1.24.2 want: ^1.1.15
3855 silly placeDep ROOT is-weakref@1.1.1 OK for: es-abstract@1.24.2 want: ^1.1.1
3856 silly placeDep ROOT object-inspect@1.13.4 OK for: es-abstract@1.24.2 want: ^1.13.4
3857 silly placeDep ROOT object.assign@4.1.7 OK for: es-abstract@1.24.2 want: ^4.1.7
3858 silly placeDep ROOT own-keys@1.0.1 OK for: es-abstract@1.24.2 want: ^1.0.1
3859 silly placeDep ROOT regexp.prototype.flags@1.5.4 OK for: es-abstract@1.24.2 want: ^1.5.4
3860 silly placeDep ROOT safe-array-concat@1.1.3 OK for: es-abstract@1.24.2 want: ^1.1.3
3861 silly placeDep ROOT safe-push-apply@1.0.0 OK for: es-abstract@1.24.2 want: ^1.0.0
3862 silly placeDep ROOT safe-regex-test@1.1.0 OK for: es-abstract@1.24.2 want: ^1.1.0
3863 silly placeDep ROOT set-proto@1.0.0 OK for: es-abstract@1.24.2 want: ^1.0.0
3864 silly placeDep ROOT stop-iteration-iterator@1.1.0 OK for: es-abstract@1.24.2 want: ^1.1.0
3865 silly placeDep ROOT string.prototype.trim@1.2.10 OK for: es-abstract@1.24.2 want: ^1.2.10
3866 silly placeDep ROOT string.prototype.trimstart@1.0.8 OK for: es-abstract@1.24.2 want: ^1.0.8
3867 silly placeDep ROOT typed-array-buffer@1.0.3 OK for: es-abstract@1.24.2 want: ^1.0.3
3868 silly placeDep ROOT typed-array-byte-length@1.0.3 OK for: es-abstract@1.24.2 want: ^1.0.3
3869 silly placeDep ROOT typed-array-byte-offset@1.0.4 OK for: es-abstract@1.24.2 want: ^1.0.4
3870 silly placeDep ROOT typed-array-length@1.0.7 OK for: es-abstract@1.24.2 want: ^1.0.7
3871 silly placeDep ROOT unbox-primitive@1.1.0 OK for: es-abstract@1.24.2 want: ^1.1.0
3872 silly placeDep ROOT which-typed-array@1.1.20 OK for: es-abstract@1.24.2 want: ^1.1.19
3873 silly fetch manifest is-array-buffer@^3.0.4
3874 silly packumentCache full:https://registry.npmjs.org/is-array-buffer cache-hit
3875 silly fetch manifest possible-typed-array-names@^1.0.0
3876 silly packumentCache full:https://registry.npmjs.org/possible-typed-array-names cache-miss
3877 silly fetch manifest is-data-view@^1.0.1
3878 silly packumentCache full:https://registry.npmjs.org/is-data-view cache-hit
3879 silly fetch manifest is-date-object@^1.0.5
3880 silly packumentCache full:https://registry.npmjs.org/is-date-object cache-miss
3881 silly fetch manifest is-symbol@^1.0.4
3882 silly packumentCache full:https://registry.npmjs.org/is-symbol cache-miss
3883 silly fetch manifest functions-have-names@^1.2.3
3884 silly packumentCache full:https://registry.npmjs.org/functions-have-names cache-miss
3885 silly fetch manifest dunder-proto@^1.0.1
3886 silly packumentCache full:https://registry.npmjs.org/dunder-proto cache-miss
3887 silly fetch manifest dunder-proto@^1.0.0
3888 silly packumentCache full:https://registry.npmjs.org/dunder-proto cache-miss
3889 silly fetch manifest side-channel@^1.1.0
3890 silly packumentCache full:https://registry.npmjs.org/side-channel cache-miss
3891 silly fetch manifest is-typed-array@^1.1.13
3892 silly packumentCache full:https://registry.npmjs.org/is-typed-array cache-hit
3893 silly fetch manifest which-typed-array@^1.1.16
3894 silly packumentCache full:https://registry.npmjs.org/which-typed-array cache-hit
3895 silly fetch manifest set-function-name@^2.0.2
3896 silly packumentCache full:https://registry.npmjs.org/set-function-name cache-miss
3897 silly fetch manifest isarray@^2.0.5
3898 silly packumentCache full:https://registry.npmjs.org/isarray cache-miss
3899 silly fetch manifest isarray@^2.0.5
3900 silly packumentCache full:https://registry.npmjs.org/isarray cache-miss
3901 silly fetch manifest dunder-proto@^1.0.1
3902 silly packumentCache full:https://registry.npmjs.org/dunder-proto cache-miss
3903 http cache https://registry.npmjs.org/is-date-object 35ms (cache hit)
3904 silly packumentCache full:https://registry.npmjs.org/is-date-object set size:25050 disposed:false
3905 silly fetch manifest for-each@^0.3.3
3906 silly packumentCache full:https://registry.npmjs.org/for-each cache-miss
3907 http cache https://registry.npmjs.org/functions-have-names 38ms (cache hit)
3908 silly packumentCache full:https://registry.npmjs.org/functions-have-names set size:24196 disposed:false
3909 silly fetch manifest for-each@^0.3.3
3910 silly packumentCache full:https://registry.npmjs.org/for-each cache-miss
3911 http cache https://registry.npmjs.org/possible-typed-array-names 42ms (cache hit)
3912 silly packumentCache full:https://registry.npmjs.org/possible-typed-array-names set size:9167 disposed:false
3913 silly fetch manifest reflect.getprototypeof@^1.0.9
3914 silly packumentCache full:https://registry.npmjs.org/reflect.getprototypeof cache-miss
3915 http cache https://registry.npmjs.org/is-symbol 43ms (cache hit)
3916 silly packumentCache full:https://registry.npmjs.org/is-symbol set size:22675 disposed:false
3917 silly fetch manifest for-each@^0.3.3
3918 silly packumentCache full:https://registry.npmjs.org/for-each cache-miss
3919 http cache https://registry.npmjs.org/dunder-proto 43ms (cache hit)
3920 silly packumentCache full:https://registry.npmjs.org/dunder-proto set size:8256 disposed:false
3921 silly fetch manifest reflect.getprototypeof@^1.0.6
3922 silly packumentCache full:https://registry.npmjs.org/reflect.getprototypeof cache-miss
3923 http cache https://registry.npmjs.org/side-channel 45ms (cache hit)
3924 silly packumentCache full:https://registry.npmjs.org/side-channel set size:24660 disposed:false
3925 silly fetch manifest has-bigints@^1.0.2
3926 silly packumentCache full:https://registry.npmjs.org/has-bigints cache-miss
3927 http cache https://registry.npmjs.org/isarray 43ms (cache hit)
3928 silly packumentCache full:https://registry.npmjs.org/isarray set size:17392 disposed:false
3929 silly fetch manifest which-boxed-primitive@^1.1.1
3930 silly packumentCache full:https://registry.npmjs.org/which-boxed-primitive cache-miss
3931 http cache https://registry.npmjs.org/dunder-proto 48ms (cache hit)
3932 silly packumentCache full:https://registry.npmjs.org/dunder-proto set size:8256 disposed:false
3933 silly packumentCache full:https://registry.npmjs.org/dunder-proto dispose
3934 silly fetch manifest for-each@^0.3.5
3935 silly packumentCache full:https://registry.npmjs.org/for-each cache-miss
3936 http cache https://registry.npmjs.org/set-function-name 47ms (cache hit)
3937 silly packumentCache full:https://registry.npmjs.org/set-function-name set size:13766 disposed:false
3938 http cache https://registry.npmjs.org/isarray 48ms (cache hit)
3939 silly packumentCache full:https://registry.npmjs.org/isarray set size:17392 disposed:false
3940 silly packumentCache full:https://registry.npmjs.org/isarray dispose
3941 http cache https://registry.npmjs.org/dunder-proto 48ms (cache hit)
3942 silly packumentCache full:https://registry.npmjs.org/dunder-proto set size:8256 disposed:true
3943 silly packumentCache full:https://registry.npmjs.org/dunder-proto dispose
3944 http cache https://registry.npmjs.org/for-each 40ms (cache hit)
3945 silly packumentCache full:https://registry.npmjs.org/for-each set size:14327 disposed:false
3946 http cache https://registry.npmjs.org/for-each 39ms (cache hit)
3947 silly packumentCache full:https://registry.npmjs.org/for-each set size:14327 disposed:false
3948 silly packumentCache full:https://registry.npmjs.org/for-each dispose
3949 http cache https://registry.npmjs.org/reflect.getprototypeof 36ms (cache hit)
3950 silly packumentCache full:https://registry.npmjs.org/reflect.getprototypeof set size:44083 disposed:false
3951 http cache https://registry.npmjs.org/for-each 35ms (cache hit)
3952 silly packumentCache full:https://registry.npmjs.org/for-each set size:14327 disposed:true
3953 silly packumentCache full:https://registry.npmjs.org/for-each dispose
3954 http cache https://registry.npmjs.org/has-bigints 33ms (cache hit)
3955 silly packumentCache full:https://registry.npmjs.org/has-bigints set size:14176 disposed:false
3956 http cache https://registry.npmjs.org/which-boxed-primitive 33ms (cache hit)
3957 silly packumentCache full:https://registry.npmjs.org/which-boxed-primitive set size:19407 disposed:false
3958 http cache https://registry.npmjs.org/for-each 34ms (cache hit)
3959 silly packumentCache full:https://registry.npmjs.org/for-each set size:14327 disposed:true
3960 silly packumentCache full:https://registry.npmjs.org/for-each dispose
3961 http cache https://registry.npmjs.org/reflect.getprototypeof 41ms (cache hit)
3962 silly packumentCache full:https://registry.npmjs.org/reflect.getprototypeof set size:44083 disposed:false
3963 silly packumentCache full:https://registry.npmjs.org/reflect.getprototypeof dispose
3964 silly placeDep ROOT possible-typed-array-names@1.1.0 OK for: available-typed-arrays@1.0.7 want: ^1.0.0
3965 silly placeDep ROOT has-tostringtag@1.0.2 OK for: es-set-tostringtag@2.1.0 want: ^1.0.2
3966 silly placeDep ROOT is-date-object@1.1.0 OK for: es-to-primitive@1.3.0 want: ^1.0.5
3967 silly placeDep ROOT is-symbol@1.1.1 OK for: es-to-primitive@1.3.0 want: ^1.0.4
3968 silly placeDep node_modules/eslint-module-utils debug@3.2.7 OK for: eslint-module-utils@2.12.1 want: ^3.2.7
3969 silly placeDep ROOT @typescript-eslint/experimental-utils@5.62.0 OK for: eslint-plugin-jest@25.7.0 want: ^5.0.0
3970 silly placeDep ROOT aria-query@5.3.2 OK for: eslint-plugin-jsx-a11y@6.10.2 want: ^5.3.2
3971 silly placeDep ROOT ast-types-flow@0.0.8 OK for: eslint-plugin-jsx-a11y@6.10.2 want: ^0.0.8
3972 silly placeDep ROOT axe-core@4.11.2 OK for: eslint-plugin-jsx-a11y@6.10.2 want: ^4.10.0
3973 silly placeDep ROOT axobject-query@4.1.0 OK for: eslint-plugin-jsx-a11y@6.10.2 want: ^4.1.0
3974 silly placeDep ROOT damerau-levenshtein@1.0.8 OK for: eslint-plugin-jsx-a11y@6.10.2 want: ^1.0.8
3975 silly placeDep ROOT emoji-regex@9.2.2 OK for: eslint-plugin-jsx-a11y@6.10.2 want: ^9.2.2
3976 silly placeDep ROOT jsx-ast-utils@3.3.5 OK for: eslint-plugin-jsx-a11y@6.10.2 want: ^3.3.5
3977 silly placeDep ROOT language-tags@1.0.9 OK for: eslint-plugin-jsx-a11y@6.10.2 want: ^1.0.9
3978 silly placeDep ROOT string.prototype.includes@2.0.1 OK for: eslint-plugin-jsx-a11y@6.10.2 want: ^2.0.1
3979 silly fetch manifest language-subtag-registry@^0.3.20
3980 silly packumentCache full:https://registry.npmjs.org/language-subtag-registry cache-miss
3981 http cache https://registry.npmjs.org/language-subtag-registry 8ms (cache hit)
3982 silly packumentCache full:https://registry.npmjs.org/language-subtag-registry set size:46437 disposed:false
3983 silly placeDep ROOT esrecurse@4.3.0 OK for: eslint-scope@7.2.2 want: ^4.3.0
3984 silly placeDep ROOT estraverse@5.3.0 OK for: eslint-scope@7.2.2 want: ^5.2.0
3985 silly placeDep ROOT @types/eslint@8.56.12 OK for: eslint-webpack-plugin@3.2.0 want: ^7.29.0 || ^8.4.1
3986 silly placeDep node_modules/eslint-webpack-plugin jest-worker@28.1.3 OK for: eslint-webpack-plugin@3.2.0 want: ^28.0.2
3987 silly placeDep ROOT normalize-path@3.0.0 OK for: eslint-webpack-plugin@3.2.0 want: ^3.0.0
3988 silly fetch manifest @types/estree@*
3989 silly packumentCache full:https://registry.npmjs.org/@types%2festree cache-hit
3990 silly placeDep ROOT @types/estree@1.0.8 OK for: @types/eslint@8.56.12 want: *
3991 silly placeDep ROOT acorn@8.16.0 OK for: espree@9.6.1 want: ^8.9.0
3992 silly placeDep ROOT acorn-jsx@5.3.2 OK for: espree@9.6.1 want: ^5.3.2
3993 silly placeDep ROOT reusify@1.1.0 OK for: fastq@1.20.1 want: ^1.0.4
3994 silly placeDep ROOT flat-cache@3.2.0 OK for: file-entry-cache@6.0.1 want: ^3.0.4
3995 silly fetch manifest keyv@^4.5.3
3996 silly packumentCache full:https://registry.npmjs.org/keyv cache-miss
3997 silly fetch manifest flatted@^3.2.9
3998 silly packumentCache full:https://registry.npmjs.org/flatted cache-miss
3999 http cache https://registry.npmjs.org/keyv 17ms (cache hit)
4000 silly packumentCache full:https://registry.npmjs.org/keyv set size:215840 disposed:false
4001 http cache https://registry.npmjs.org/flatted 19ms (cache hit)
4002 silly packumentCache full:https://registry.npmjs.org/flatted set size:137347 disposed:false
4003 silly placeDep node_modules/file-loader schema-utils@3.3.0 OK for: file-loader@6.2.0 want: ^3.0.0
4004 silly placeDep ROOT commondir@1.0.1 OK for: find-cache-dir@3.3.2 want: ^1.0.1
4005 silly placeDep ROOT pkg-dir@4.2.0 OK for: find-cache-dir@3.3.2 want: ^4.1.0
4006 silly placeDep ROOT locate-path@5.0.0 OK for: find-up@4.1.0 want: ^5.0.0
4007 silly placeDep ROOT path-exists@4.0.0 OK for: find-up@4.1.0 want: ^4.0.0
4008 silly fetch manifest p-locate@^4.1.0
4009 silly packumentCache full:https://registry.npmjs.org/p-locate cache-miss
4010 http cache https://registry.npmjs.org/p-locate 10ms (cache hit)
4011 silly packumentCache full:https://registry.npmjs.org/p-locate set size:22488 disposed:false
4012 silly placeDep ROOT flatted@3.4.2 OK for: flat-cache@3.2.0 want: ^3.2.9
4013 silly placeDep ROOT keyv@4.5.4 OK for: flat-cache@3.2.0 want: ^4.5.3
4014 silly placeDep ROOT rimraf@3.0.2 OK for: flat-cache@3.2.0 want: ^3.0.2
4015 silly fetch manifest json-buffer@3.0.1
4016 silly packumentCache full:https://registry.npmjs.org/json-buffer cache-miss
4017 silly fetch manifest glob@^7.1.3
4018 silly packumentCache full:https://registry.npmjs.org/glob cache-hit
4019 http cache https://registry.npmjs.org/json-buffer 11ms (cache hit)
4020 silly packumentCache full:https://registry.npmjs.org/json-buffer set size:23474 disposed:false
4021 silly placeDep ROOT jsonfile@6.2.0 OK for: fs-extra@10.1.0 want: ^6.0.1
4022 silly placeDep ROOT universalify@2.0.1 OK for: fs-extra@10.1.0 want: ^2.0.0
4023 silly placeDep ROOT functions-have-names@1.2.3 OK for: function.prototype.name@1.1.8 want: ^1.2.3
4024 silly placeDep ROOT dunder-proto@1.0.1 OK for: get-proto@1.0.1 want: ^1.0.1
4025 silly placeDep ROOT type-fest@0.20.2 OK for: globals@13.24.0 want: ^0.20.2
4026 silly placeDep ROOT array-union@2.1.0 OK for: globby@11.1.0 want: ^2.1.0
4027 silly placeDep ROOT dir-glob@3.0.1 OK for: globby@11.1.0 want: ^3.0.1
4028 silly placeDep ROOT fast-glob@3.3.3 OK for: globby@11.1.0 want: ^3.2.9
4029 silly placeDep ROOT merge2@1.4.1 OK for: globby@11.1.0 want: ^1.4.1
4030 silly fetch manifest glob-parent@^5.1.2
4031 silly packumentCache full:https://registry.npmjs.org/glob-parent cache-hit
4032 silly fetch manifest merge2@^1.3.0
4033 silly packumentCache full:https://registry.npmjs.org/merge2 cache-hit
4034 silly placeDep node_modules/fast-glob glob-parent@5.1.2 OK for: fast-glob@3.3.3 want: ^5.1.2
4035 silly placeDep ROOT @types/html-minifier-terser@6.1.0 OK for: html-webpack-plugin@5.6.6 want: ^6.0.0
4036 silly placeDep ROOT html-minifier-terser@6.1.0 OK for: html-webpack-plugin@5.6.6 want: ^6.0.2
4037 silly placeDep ROOT pretty-error@4.0.0 OK for: html-webpack-plugin@5.6.6 want: ^4.0.0
4038 silly placeDep ROOT tapable@2.3.2 OK for: html-webpack-plugin@5.6.6 want: ^2.0.0
4039 silly fetch manifest camel-case@^4.1.2
4040 silly packumentCache full:https://registry.npmjs.org/camel-case cache-miss
4041 silly fetch manifest clean-css@^5.2.2
4042 silly packumentCache full:https://registry.npmjs.org/clean-css cache-miss
4043 silly fetch manifest commander@^8.3.0
4044 silly packumentCache full:https://registry.npmjs.org/commander cache-miss
4045 silly fetch manifest he@^1.2.0
4046 silly packumentCache full:https://registry.npmjs.org/he cache-miss
4047 silly fetch manifest param-case@^3.0.4
4048 silly packumentCache full:https://registry.npmjs.org/param-case cache-miss
4049 silly fetch manifest relateurl@^0.2.7
4050 silly packumentCache full:https://registry.npmjs.org/relateurl cache-miss
4051 silly fetch manifest terser@^5.10.0
4052 silly packumentCache full:https://registry.npmjs.org/terser cache-hit
4053 silly fetch manifest renderkid@^3.0.0
4054 silly packumentCache full:https://registry.npmjs.org/renderkid cache-miss
4055 http cache https://registry.npmjs.org/param-case 19ms (cache hit)
4056 silly packumentCache full:https://registry.npmjs.org/param-case set size:37003 disposed:false
4057 http cache https://registry.npmjs.org/he 21ms (cache hit)
4058 silly packumentCache full:https://registry.npmjs.org/he set size:58773 disposed:false
4059 http cache https://registry.npmjs.org/camel-case 25ms (cache hit)
4060 silly packumentCache full:https://registry.npmjs.org/camel-case set size:44673 disposed:false
4061 http cache https://registry.npmjs.org/clean-css 26ms (cache hit)
4062 silly packumentCache full:https://registry.npmjs.org/clean-css set size:427319 disposed:false
4063 http cache https://registry.npmjs.org/commander 32ms (cache hit)
4064 silly packumentCache full:https://registry.npmjs.org/commander set size:306325 disposed:false
4065 http cache https://registry.npmjs.org/renderkid 37ms (cache hit)
4066 silly packumentCache full:https://registry.npmjs.org/renderkid set size:64761 disposed:false
4067 http cache https://registry.npmjs.org/relateurl 38ms (cache hit)
4068 silly packumentCache full:https://registry.npmjs.org/relateurl set size:21687 disposed:false
4069 silly placeDep ROOT camel-case@4.1.2 OK for: html-minifier-terser@6.1.0 want: ^4.1.2
4070 silly placeDep ROOT clean-css@5.3.3 OK for: html-minifier-terser@6.1.0 want: ^5.2.2
4071 silly placeDep ROOT commander@8.3.0 OK for: html-minifier-terser@6.1.0 want: ^8.3.0
4072 silly placeDep ROOT he@1.2.0 OK for: html-minifier-terser@6.1.0 want: ^1.2.0
4073 silly placeDep ROOT param-case@3.0.4 OK for: html-minifier-terser@6.1.0 want: ^3.0.4
4074 silly placeDep ROOT relateurl@0.2.7 OK for: html-minifier-terser@6.1.0 want: ^0.2.7
4075 silly placeDep ROOT terser@5.46.1 OK for: html-minifier-terser@6.1.0 want: ^5.10.0
4076 silly fetch manifest pascal-case@^3.1.2
4077 silly packumentCache full:https://registry.npmjs.org/pascal-case cache-miss
4078 silly fetch manifest tslib@^2.0.3
4079 silly packumentCache full:https://registry.npmjs.org/tslib cache-hit
4080 silly fetch manifest source-map@~0.6.0
4081 silly packumentCache full:https://registry.npmjs.org/source-map cache-hit
4082 silly fetch manifest dot-case@^3.0.4
4083 silly packumentCache full:https://registry.npmjs.org/dot-case cache-miss
4084 silly fetch manifest tslib@^2.0.3
4085 silly packumentCache full:https://registry.npmjs.org/tslib cache-hit
4086 silly fetch manifest @jridgewell/source-map@^0.3.3
4087 silly packumentCache full:https://registry.npmjs.org/@jridgewell%2fsource-map cache-miss
4088 silly fetch manifest commander@^2.20.0
4089 silly packumentCache full:https://registry.npmjs.org/commander cache-hit
4090 silly fetch manifest source-map-support@~0.5.20
4091 silly packumentCache full:https://registry.npmjs.org/source-map-support cache-miss
4092 http cache https://registry.npmjs.org/@jridgewell%2fsource-map 13ms (cache hit)
4093 silly packumentCache full:https://registry.npmjs.org/@jridgewell%2fsource-map set size:45204 disposed:false
4094 http cache https://registry.npmjs.org/dot-case 14ms (cache hit)
4095 silly packumentCache full:https://registry.npmjs.org/dot-case set size:36351 disposed:false
4096 http cache https://registry.npmjs.org/pascal-case 17ms (cache hit)
4097 silly packumentCache full:https://registry.npmjs.org/pascal-case set size:35718 disposed:false
4098 http cache https://registry.npmjs.org/source-map-support 24ms (cache hit)
4099 silly packumentCache full:https://registry.npmjs.org/source-map-support set size:125488 disposed:false
4100 silly placeDep ROOT pascal-case@3.1.2 OK for: camel-case@4.1.2 want: ^3.1.2
4101 silly placeDep ROOT tslib@2.8.1 OK for: camel-case@4.1.2 want: ^2.0.3
4102 silly fetch manifest no-case@^3.0.4
4103 silly packumentCache full:https://registry.npmjs.org/no-case cache-miss
4104 http cache https://registry.npmjs.org/no-case 13ms (cache hit)
4105 silly packumentCache full:https://registry.npmjs.org/no-case set size:31252 disposed:false
4106 silly placeDep node_modules/clean-css source-map@0.6.1 OK for: clean-css@5.3.3 want: ~0.6.0
4107 silly placeDep ROOT harmony-reflect@1.6.2 OK for: identity-obj-proxy@3.0.0 want: ^1.4.6
4108 silly placeDep ROOT parent-module@1.0.1 OK for: import-fresh@3.3.1 want: ^1.0.0
4109 silly placeDep node_modules/import-fresh resolve-from@4.0.0 OK for: import-fresh@3.3.1 want: ^4.0.0
4110 silly fetch manifest callsites@^3.0.0
4111 silly packumentCache full:https://registry.npmjs.org/callsites cache-miss
4112 http cache https://registry.npmjs.org/callsites 18ms (cache hit)
4113 silly packumentCache full:https://registry.npmjs.org/callsites set size:21349 disposed:false
4114 silly placeDep ROOT side-channel@1.1.0 OK for: internal-slot@1.1.0 want: ^1.1.0
4115 silly fetch manifest side-channel-list@^1.0.0
4116 silly packumentCache full:https://registry.npmjs.org/side-channel-list cache-miss
4117 silly fetch manifest side-channel-map@^1.0.1
4118 silly packumentCache full:https://registry.npmjs.org/side-channel-map cache-miss
4119 silly fetch manifest side-channel-weakmap@^1.0.2
4120 silly packumentCache full:https://registry.npmjs.org/side-channel-weakmap cache-miss
4121 http cache https://registry.npmjs.org/side-channel-list 41ms (cache hit)
4122 silly packumentCache full:https://registry.npmjs.org/side-channel-list set size:9021 disposed:false
4123 http cache https://registry.npmjs.org/side-channel-map 43ms (cache hit)
4124 silly packumentCache full:https://registry.npmjs.org/side-channel-map set size:9126 disposed:false
4125 http cache https://registry.npmjs.org/side-channel-weakmap 44ms (cache hit)
4126 silly packumentCache full:https://registry.npmjs.org/side-channel-weakmap set size:12620 disposed:false
4127 silly placeDep ROOT is-extglob@2.1.1 OK for: is-glob@4.0.3 want: ^2.1.1
4128 silly placeDep ROOT istanbul-lib-coverage@3.2.2 OK for: istanbul-lib-instrument@5.2.1 want: ^3.2.0
4129 silly placeDep node_modules/istanbul-lib-instrument semver@6.3.1 OK for: istanbul-lib-instrument@5.2.1 want: ^6.3.0
4130 silly placeDep ROOT @jest/core@27.5.1 OK for: jest@27.5.1 want: ^27.5.1
4131 silly placeDep ROOT import-local@3.2.0 OK for: jest@27.5.1 want: ^3.0.2
4132 silly placeDep ROOT jest-cli@27.5.1 OK for: jest@27.5.1 want: ^27.5.1
4133 silly fetch manifest exit@^0.1.2
4134 silly packumentCache full:https://registry.npmjs.org/exit cache-miss
4135 silly fetch manifest emittery@^0.8.1
4136 silly packumentCache full:https://registry.npmjs.org/emittery cache-miss
4137 silly fetch manifest jest-config@^27.5.1
4138 silly packumentCache full:https://registry.npmjs.org/jest-config cache-miss
4139 silly fetch manifest jest-runner@^27.5.1
4140 silly packumentCache full:https://registry.npmjs.org/jest-runner cache-miss
4141 silly fetch manifest ansi-escapes@^4.2.1
4142 silly packumentCache full:https://registry.npmjs.org/ansi-escapes cache-hit
4143 silly fetch manifest jest-runtime@^27.5.1
4144 silly packumentCache full:https://registry.npmjs.org/jest-runtime cache-miss
4145 silly fetch manifest jest-watcher@^27.5.1
4146 silly packumentCache full:https://registry.npmjs.org/jest-watcher cache-hit
4147 silly fetch manifest @jest/console@^27.5.1
4148 silly packumentCache full:https://registry.npmjs.org/@jest%2fconsole cache-miss
4149 silly fetch manifest jest-snapshot@^27.5.1
4150 silly packumentCache full:https://registry.npmjs.org/jest-snapshot cache-miss
4151 silly fetch manifest @jest/reporters@^27.5.1
4152 silly packumentCache full:https://registry.npmjs.org/@jest%2freporters cache-miss
4153 silly fetch manifest @jest/test-result@^27.5.1
4154 silly packumentCache full:https://registry.npmjs.org/@jest%2ftest-result cache-miss
4155 silly fetch manifest jest-message-util@^27.5.1
4156 silly packumentCache full:https://registry.npmjs.org/jest-message-util cache-miss
4157 silly fetch manifest jest-changed-files@^27.5.1
4158 silly packumentCache full:https://registry.npmjs.org/jest-changed-files cache-miss
4159 http cache https://registry.npmjs.org/exit 48ms (cache hit)
4160 silly packumentCache full:https://registry.npmjs.org/exit set size:14769 disposed:false
4161 silly fetch manifest jest-resolve-dependencies@^27.5.1
4162 silly packumentCache full:https://registry.npmjs.org/jest-resolve-dependencies cache-miss
4163 http cache https://registry.npmjs.org/jest-runner 51ms (cache hit)
4164 silly packumentCache full:https://registry.npmjs.org/jest-runner set size:715140 disposed:false
4165 silly fetch manifest resolve-cwd@^3.0.0
4166 silly packumentCache full:https://registry.npmjs.org/resolve-cwd cache-miss
4167 http cache https://registry.npmjs.org/emittery 64ms (cache hit)
4168 silly packumentCache full:https://registry.npmjs.org/emittery set size:112859 disposed:false
4169 silly fetch manifest yargs@^16.2.0
4170 silly packumentCache full:https://registry.npmjs.org/yargs cache-miss
4171 http cache https://registry.npmjs.org/jest-config 69ms (cache hit)
4172 silly packumentCache full:https://registry.npmjs.org/jest-config set size:854902 disposed:false
4173 silly fetch manifest @jest/test-result@^27.5.1
4174 silly packumentCache full:https://registry.npmjs.org/@jest%2ftest-result cache-miss
4175 http cache https://registry.npmjs.org/jest-snapshot 79ms (cache hit)
4176 silly packumentCache full:https://registry.npmjs.org/jest-snapshot set size:775222 disposed:false
4177 http cache https://registry.npmjs.org/@jest%2fconsole 94ms (cache hit)
4178 silly packumentCache full:https://registry.npmjs.org/@jest%2fconsole set size:332185 disposed:false
4179 http cache https://registry.npmjs.org/@jest%2ftest-result 94ms (cache hit)
4180 silly packumentCache full:https://registry.npmjs.org/@jest%2ftest-result set size:343000 disposed:false
4181 http cache https://registry.npmjs.org/@jest%2freporters 105ms (cache hit)
4182 silly packumentCache full:https://registry.npmjs.org/@jest%2freporters set size:560007 disposed:false
4183 http cache https://registry.npmjs.org/jest-runtime 114ms (cache hit)
4184 silly packumentCache full:https://registry.npmjs.org/jest-runtime set size:896543 disposed:false
4185 http cache https://registry.npmjs.org/jest-message-util 116ms (cache hit)
4186 silly packumentCache full:https://registry.npmjs.org/jest-message-util set size:514568 disposed:false
4187 http cache https://registry.npmjs.org/jest-changed-files 122ms (cache hit)
4188 silly packumentCache full:https://registry.npmjs.org/jest-changed-files set size:403887 disposed:false
4189 http cache https://registry.npmjs.org/@jest%2ftest-result 70ms (cache hit)
4190 silly packumentCache full:https://registry.npmjs.org/@jest%2ftest-result set size:343000 disposed:false
4191 silly packumentCache full:https://registry.npmjs.org/@jest%2ftest-result dispose
4192 http cache https://registry.npmjs.org/resolve-cwd 92ms (cache hit)
4193 silly packumentCache full:https://registry.npmjs.org/resolve-cwd set size:8449 disposed:false
4194 http cache https://registry.npmjs.org/jest-resolve-dependencies 108ms (cache hit)
4195 silly packumentCache full:https://registry.npmjs.org/jest-resolve-dependencies set size:629126 disposed:false
4196 http cache https://registry.npmjs.org/yargs 98ms (cache hit)
4197 silly packumentCache full:https://registry.npmjs.org/yargs set size:743056 disposed:false
4198 silly fetch manifest ts-node@>=9.0.0
4199 silly packumentCache full:https://registry.npmjs.org/ts-node cache-miss
4200 http cache https://registry.npmjs.org/ts-node 14ms (cache hit)
4201 silly packumentCache full:https://registry.npmjs.org/ts-node set size:574573 disposed:false
4202 silly fetch manifest @swc/core@>=1.2.50
4203 silly packumentCache full:https://registry.npmjs.org/@swc%2fcore cache-miss
4204 http cache https://registry.npmjs.org/@swc%2fcore 29ms (cache hit)
4205 silly packumentCache full:https://registry.npmjs.org/@swc%2fcore set size:3969815 disposed:false
4206 silly fetch manifest @swc/helpers@>=0.5.17
4207 silly packumentCache full:https://registry.npmjs.org/@swc%2fhelpers cache-hit
4208 silly fetch manifest @swc/wasm@>=1.2.50
4209 silly packumentCache full:https://registry.npmjs.org/@swc%2fwasm cache-miss
4210 http cache https://registry.npmjs.org/@swc%2fwasm 19ms (cache hit)
4211 silly packumentCache full:https://registry.npmjs.org/@swc%2fwasm set size:1333109 disposed:false
4212 silly fetch manifest typescript@>=2.7
4213 silly packumentCache full:https://registry.npmjs.org/typescript cache-miss
4214 http cache https://registry.npmjs.org/typescript 73ms (cache hit)
4215 silly packumentCache full:https://registry.npmjs.org/typescript set size:15399465 disposed:false
4216 silly placeDep ROOT @jest/console@27.5.1 OK for: @jest/core@27.5.1 want: ^27.5.1
4217 silly placeDep ROOT @jest/reporters@27.5.1 OK for: @jest/core@27.5.1 want: ^27.5.1
4218 silly placeDep ROOT @jest/test-result@27.5.1 OK for: @jest/core@27.5.1 want: ^27.5.1
4219 silly placeDep ROOT ansi-escapes@4.3.2 OK for: @jest/core@27.5.1 want: ^4.2.1
4220 silly placeDep ROOT emittery@0.8.1 OK for: @jest/core@27.5.1 want: ^0.8.1
4221 silly placeDep ROOT exit@0.1.2 OK for: @jest/core@27.5.1 want: ^0.1.2
4222 silly placeDep ROOT jest-changed-files@27.5.1 OK for: @jest/core@27.5.1 want: ^27.5.1
4223 silly placeDep ROOT jest-config@27.5.1 OK for: @jest/core@27.5.1 want: ^27.5.1
4224 silly placeDep ROOT jest-message-util@27.5.1 OK for: @jest/core@27.5.1 want: ^27.5.1
4225 silly placeDep ROOT jest-resolve-dependencies@27.5.1 OK for: @jest/core@27.5.1 want: ^27.5.1
4226 silly placeDep ROOT jest-runner@27.5.1 OK for: @jest/core@27.5.1 want: ^27.5.1
4227 silly placeDep ROOT jest-runtime@27.5.1 OK for: @jest/core@27.5.1 want: ^27.5.1
4228 silly placeDep ROOT jest-snapshot@27.5.1 OK for: @jest/core@27.5.1 want: ^27.5.1
4229 silly placeDep ROOT jest-validate@27.5.1 OK for: @jest/core@27.5.1 want: ^27.5.1
4230 silly placeDep ROOT jest-watcher@27.5.1 OK for: @jest/core@27.5.1 want: ^27.5.1
4231 silly fetch manifest glob@^7.1.2
4232 silly packumentCache full:https://registry.npmjs.org/glob cache-hit
4233 silly fetch manifest source-map@^0.6.0
4234 silly packumentCache full:https://registry.npmjs.org/source-map cache-hit
4235 silly fetch manifest string-length@^4.0.1
4236 silly packumentCache full:https://registry.npmjs.org/string-length cache-hit
4237 silly fetch manifest terminal-link@^2.0.0
4238 silly packumentCache full:https://registry.npmjs.org/terminal-link cache-miss
4239 silly fetch manifest v8-to-istanbul@^8.1.0
4240 silly packumentCache full:https://registry.npmjs.org/v8-to-istanbul cache-miss
4241 silly fetch manifest istanbul-reports@^3.1.3
4242 silly packumentCache full:https://registry.npmjs.org/istanbul-reports cache-miss
4243 silly fetch manifest @bcoe/v8-coverage@^0.2.3
4244 silly packumentCache full:https://registry.npmjs.org/@bcoe%2fv8-coverage cache-miss
4245 silly fetch manifest collect-v8-coverage@^1.0.0
4246 silly packumentCache full:https://registry.npmjs.org/collect-v8-coverage cache-miss
4247 silly fetch manifest istanbul-lib-report@^3.0.0
4248 silly packumentCache full:https://registry.npmjs.org/istanbul-lib-report cache-miss
4249 silly fetch manifest istanbul-lib-source-maps@^4.0.0
4250 silly packumentCache full:https://registry.npmjs.org/istanbul-lib-source-maps cache-miss
4251 silly fetch manifest collect-v8-coverage@^1.0.0
4252 silly packumentCache full:https://registry.npmjs.org/collect-v8-coverage cache-miss
4253 silly fetch manifest type-fest@^0.21.3
4254 silly packumentCache full:https://registry.npmjs.org/type-fest cache-hit
4255 silly fetch manifest execa@^5.0.0
4256 silly packumentCache full:https://registry.npmjs.org/execa cache-miss
4257 silly fetch manifest throat@^6.0.1
4258 silly packumentCache full:https://registry.npmjs.org/throat cache-miss
4259 silly fetch manifest glob@^7.1.1
4260 silly packumentCache full:https://registry.npmjs.org/glob cache-hit
4261 silly fetch manifest jest-circus@^27.5.1
4262 silly packumentCache full:https://registry.npmjs.org/jest-circus cache-miss
4263 http cache https://registry.npmjs.org/terminal-link 56ms (cache hit)
4264 silly packumentCache full:https://registry.npmjs.org/terminal-link set size:26728 disposed:false
4265 silly fetch manifest jest-get-type@^27.5.1
4266 silly packumentCache full:https://registry.npmjs.org/jest-get-type cache-miss
4267 http cache https://registry.npmjs.org/v8-to-istanbul 62ms (cache hit)
4268 silly packumentCache full:https://registry.npmjs.org/v8-to-istanbul set size:167645 disposed:false
4269 silly fetch manifest jest-jasmine2@^27.5.1
4270 silly packumentCache full:https://registry.npmjs.org/jest-jasmine2 cache-miss
4271 http cache https://registry.npmjs.org/collect-v8-coverage 64ms (cache hit)
4272 silly packumentCache full:https://registry.npmjs.org/collect-v8-coverage set size:11157 disposed:false
4273 silly fetch manifest pretty-format@^27.5.1
4274 silly packumentCache full:https://registry.npmjs.org/pretty-format cache-miss
4275 http cache https://registry.npmjs.org/@bcoe%2fv8-coverage 68ms (cache hit)
4276 silly packumentCache full:https://registry.npmjs.org/@bcoe%2fv8-coverage set size:20438 disposed:false
4277 silly fetch manifest @jest/test-sequencer@^27.5.1
4278 silly packumentCache full:https://registry.npmjs.org/@jest%2ftest-sequencer cache-miss
4279 http cache https://registry.npmjs.org/istanbul-reports 70ms (cache hit)
4280 silly packumentCache full:https://registry.npmjs.org/istanbul-reports set size:148926 disposed:false
4281 silly fetch manifest jest-environment-node@^27.5.1
4282 silly packumentCache full:https://registry.npmjs.org/jest-environment-node cache-miss
4283 http cache https://registry.npmjs.org/collect-v8-coverage 70ms (cache hit)
4284 silly packumentCache full:https://registry.npmjs.org/collect-v8-coverage set size:11157 disposed:false
4285 silly packumentCache full:https://registry.npmjs.org/collect-v8-coverage dispose
4286 silly fetch manifest jest-environment-jsdom@^27.5.1
4287 silly packumentCache full:https://registry.npmjs.org/jest-environment-jsdom cache-miss
4288 http cache https://registry.npmjs.org/istanbul-lib-report 73ms (cache hit)
4289 silly packumentCache full:https://registry.npmjs.org/istanbul-lib-report set size:66223 disposed:false
4290 silly fetch manifest stack-utils@^2.0.3
4291 silly packumentCache full:https://registry.npmjs.org/stack-utils cache-miss
4292 http cache https://registry.npmjs.org/execa 76ms (cache hit)
4293 silly packumentCache full:https://registry.npmjs.org/execa set size:181234 disposed:false
4294 silly fetch manifest pretty-format@^27.5.1
4295 silly packumentCache full:https://registry.npmjs.org/pretty-format cache-miss
4296 http cache https://registry.npmjs.org/istanbul-lib-source-maps 83ms (cache hit)
4297 silly packumentCache full:https://registry.npmjs.org/istanbul-lib-source-maps set size:104683 disposed:false
4298 silly fetch manifest @types/stack-utils@^2.0.0
4299 silly packumentCache full:https://registry.npmjs.org/@types%2fstack-utils cache-miss
4300 http cache https://registry.npmjs.org/jest-circus 83ms (cache hit)
4301 silly packumentCache full:https://registry.npmjs.org/jest-circus set size:760545 disposed:false
4302 silly fetch manifest throat@^6.0.1
4303 silly packumentCache full:https://registry.npmjs.org/throat cache-miss
4304 http cache https://registry.npmjs.org/throat 93ms (cache hit)
4305 silly packumentCache full:https://registry.npmjs.org/throat set size:31052 disposed:false
4306 silly fetch manifest jest-docblock@^27.5.1
4307 silly packumentCache full:https://registry.npmjs.org/jest-docblock cache-miss
4308 http cache https://registry.npmjs.org/@jest%2ftest-sequencer 72ms (cache hit)
4309 silly packumentCache full:https://registry.npmjs.org/@jest%2ftest-sequencer set size:408797 disposed:false
4310 silly fetch manifest @jest/environment@^27.5.1
4311 silly packumentCache full:https://registry.npmjs.org/@jest%2fenvironment cache-miss
4312 http cache https://registry.npmjs.org/jest-get-type 92ms (cache hit)
4313 silly packumentCache full:https://registry.npmjs.org/jest-get-type set size:201170 disposed:false
4314 silly fetch manifest jest-leak-detector@^27.5.1
4315 silly packumentCache full:https://registry.npmjs.org/jest-leak-detector cache-miss
4316 http cache https://registry.npmjs.org/jest-jasmine2 92ms (cache hit)
4317 silly packumentCache full:https://registry.npmjs.org/jest-jasmine2 set size:796891 disposed:false
4318 silly fetch manifest source-map-support@^0.5.6
4319 silly packumentCache full:https://registry.npmjs.org/source-map-support cache-hit
4320 silly fetch manifest jest-environment-node@^27.5.1
4321 silly packumentCache full:https://registry.npmjs.org/jest-environment-node cache-miss
4322 http cache https://registry.npmjs.org/jest-environment-node 97ms (cache hit)
4323 silly packumentCache full:https://registry.npmjs.org/jest-environment-node set size:643853 disposed:false
4324 silly fetch manifest jest-environment-jsdom@^27.5.1
4325 silly packumentCache full:https://registry.npmjs.org/jest-environment-jsdom cache-miss
4326 http cache https://registry.npmjs.org/pretty-format 116ms (cache hit)
4327 silly packumentCache full:https://registry.npmjs.org/pretty-format set size:593858 disposed:false
4328 silly fetch manifest jest-mock@^27.5.1
4329 silly packumentCache full:https://registry.npmjs.org/jest-mock cache-miss
4330 http cache https://registry.npmjs.org/throat 93ms (cache hit)
4331 silly packumentCache full:https://registry.npmjs.org/throat set size:31052 disposed:false
4332 silly packumentCache full:https://registry.npmjs.org/throat dispose
4333 silly fetch manifest strip-bom@^4.0.0
4334 silly packumentCache full:https://registry.npmjs.org/strip-bom cache-hit
4335 silly fetch manifest @jest/globals@^27.5.1
4336 silly packumentCache full:https://registry.npmjs.org/@jest%2fglobals cache-miss
4337 http cache https://registry.npmjs.org/jest-environment-jsdom 121ms (cache hit)
4338 silly packumentCache full:https://registry.npmjs.org/jest-environment-jsdom set size:645377 disposed:false
4339 silly fetch manifest @jest/source-map@^27.5.1
4340 silly packumentCache full:https://registry.npmjs.org/@jest%2fsource-map cache-miss
4341 http cache https://registry.npmjs.org/@types%2fstack-utils 115ms (cache hit)
4342 silly packumentCache full:https://registry.npmjs.org/@types%2fstack-utils set size:11605 disposed:false
4343 silly fetch manifest cjs-module-lexer@^1.0.0
4344 silly packumentCache full:https://registry.npmjs.org/cjs-module-lexer cache-miss
4345 http cache https://registry.npmjs.org/stack-utils 127ms (cache hit)
4346 silly packumentCache full:https://registry.npmjs.org/stack-utils set size:60586 disposed:false
4347 silly fetch manifest @jest/environment@^27.5.1
4348 silly packumentCache full:https://registry.npmjs.org/@jest%2fenvironment cache-miss
4349 http cache https://registry.npmjs.org/pretty-format 129ms (cache hit)
4350 silly packumentCache full:https://registry.npmjs.org/pretty-format set size:593858 disposed:false
4351 silly packumentCache full:https://registry.npmjs.org/pretty-format dispose
4352 silly fetch manifest @jest/fake-timers@^27.5.1
4353 silly packumentCache full:https://registry.npmjs.org/@jest%2ffake-timers cache-miss
4354 http cache https://registry.npmjs.org/jest-docblock 121ms (cache hit)
4355 silly packumentCache full:https://registry.npmjs.org/jest-docblock set size:257242 disposed:false
4356 silly fetch manifest expect@^27.5.1
4357 silly packumentCache full:https://registry.npmjs.org/expect cache-miss
4358 http cache https://registry.npmjs.org/jest-leak-detector 102ms (cache hit)
4359 silly packumentCache full:https://registry.npmjs.org/jest-leak-detector set size:441439 disposed:false
4360 silly fetch manifest jest-diff@^27.5.1
4361 silly packumentCache full:https://registry.npmjs.org/jest-diff cache-miss
4362 http cache https://registry.npmjs.org/@jest%2fenvironment 118ms (cache hit)
4363 silly packumentCache full:https://registry.npmjs.org/@jest%2fenvironment set size:363084 disposed:false
4364 silly fetch manifest @types/prettier@^2.1.5
4365 silly packumentCache full:https://registry.npmjs.org/@types%2fprettier cache-miss
4366 http cache https://registry.npmjs.org/jest-environment-node 107ms (cache hit)
4367 silly packumentCache full:https://registry.npmjs.org/jest-environment-node set size:643853 disposed:false
4368 silly packumentCache full:https://registry.npmjs.org/jest-environment-node dispose
4369 silly fetch manifest jest-matcher-utils@^27.5.1
4370 silly packumentCache full:https://registry.npmjs.org/jest-matcher-utils cache-miss
4371 http cache https://registry.npmjs.org/jest-environment-jsdom 110ms (cache hit)
4372 silly packumentCache full:https://registry.npmjs.org/jest-environment-jsdom set size:645377 disposed:false
4373 silly packumentCache full:https://registry.npmjs.org/jest-environment-jsdom dispose
4374 silly fetch manifest leven@^3.1.0
4375 silly packumentCache full:https://registry.npmjs.org/leven cache-miss
4376 http cache https://registry.npmjs.org/@jest%2fenvironment 94ms (cache hit)
4377 silly packumentCache full:https://registry.npmjs.org/@jest%2fenvironment set size:363084 disposed:false
4378 silly packumentCache full:https://registry.npmjs.org/@jest%2fenvironment dispose
4379 http cache https://registry.npmjs.org/@jest%2fglobals 113ms (cache hit)
4380 silly packumentCache full:https://registry.npmjs.org/@jest%2fglobals set size:324295 disposed:false
4381 http cache https://registry.npmjs.org/jest-mock 123ms (cache hit)
4382 silly packumentCache full:https://registry.npmjs.org/jest-mock set size:519621 disposed:false
4383 http cache https://registry.npmjs.org/cjs-module-lexer 116ms (cache hit)
4384 silly packumentCache full:https://registry.npmjs.org/cjs-module-lexer set size:147092 disposed:false
4385 http cache https://registry.npmjs.org/@jest%2fsource-map 123ms (cache hit)
4386 silly packumentCache full:https://registry.npmjs.org/@jest%2fsource-map set size:163061 disposed:false
4387 http cache https://registry.npmjs.org/@jest%2ffake-timers 113ms (cache hit)
4388 silly packumentCache full:https://registry.npmjs.org/@jest%2ffake-timers set size:367602 disposed:false
4389 http cache https://registry.npmjs.org/expect 110ms (cache hit)
4390 silly packumentCache full:https://registry.npmjs.org/expect set size:644083 disposed:false
4391 http cache https://registry.npmjs.org/jest-diff 92ms (cache hit)
4392 silly packumentCache full:https://registry.npmjs.org/jest-diff set size:553014 disposed:false
4393 http cache https://registry.npmjs.org/leven 67ms (cache hit)
4394 silly packumentCache full:https://registry.npmjs.org/leven set size:23210 disposed:false
4395 http cache https://registry.npmjs.org/@types%2fprettier 95ms (cache hit)
4396 silly packumentCache full:https://registry.npmjs.org/@types%2fprettier set size:152382 disposed:false
4397 http cache https://registry.npmjs.org/jest-matcher-utils 96ms (cache hit)
4398 silly packumentCache full:https://registry.npmjs.org/jest-matcher-utils set size:576742 disposed:false
4399 silly placeDep ROOT @bcoe/v8-coverage@0.2.3 OK for: @jest/reporters@27.5.1 want: ^0.2.3
4400 silly placeDep ROOT collect-v8-coverage@1.0.3 OK for: @jest/reporters@27.5.1 want: ^1.0.0
4401 silly placeDep ROOT glob@7.2.3 OK for: @jest/reporters@27.5.1 want: ^7.1.2
4402 silly placeDep ROOT istanbul-lib-report@3.0.1 OK for: @jest/reporters@27.5.1 want: ^3.0.0
4403 silly placeDep ROOT istanbul-lib-source-maps@4.0.1 OK for: @jest/reporters@27.5.1 want: ^4.0.0
4404 silly placeDep ROOT istanbul-reports@3.2.0 OK for: @jest/reporters@27.5.1 want: ^3.1.3
4405 silly placeDep node_modules/@jest/reporters source-map@0.6.1 OK for: @jest/reporters@27.5.1 want: ^0.6.0
4406 silly placeDep ROOT string-length@4.0.2 OK for: @jest/reporters@27.5.1 want: ^4.0.1
4407 silly placeDep ROOT terminal-link@2.1.1 OK for: @jest/reporters@27.5.1 want: ^2.0.0
4408 silly placeDep ROOT v8-to-istanbul@8.1.1 OK for: @jest/reporters@27.5.1 want: ^8.1.0
4409 silly fetch manifest once@^1.3.0
4410 silly packumentCache full:https://registry.npmjs.org/once cache-miss
4411 silly fetch manifest inflight@^1.0.4
4412 silly packumentCache full:https://registry.npmjs.org/inflight cache-miss
4413 silly fetch manifest inherits@2
4414 silly packumentCache full:https://registry.npmjs.org/inherits cache-miss
4415 silly fetch manifest fs.realpath@^1.0.0
4416 silly packumentCache full:https://registry.npmjs.org/fs.realpath cache-miss
4417 silly fetch manifest path-is-absolute@^1.0.0
4418 silly packumentCache full:https://registry.npmjs.org/path-is-absolute cache-miss
4419 silly fetch manifest make-dir@^4.0.0
4420 silly packumentCache full:https://registry.npmjs.org/make-dir cache-hit
4421 silly fetch manifest html-escaper@^2.0.0
4422 silly packumentCache full:https://registry.npmjs.org/html-escaper cache-miss
4423 silly fetch manifest char-regex@^1.0.2
4424 silly packumentCache full:https://registry.npmjs.org/char-regex cache-miss
4425 silly fetch manifest supports-hyperlinks@^2.0.0
4426 silly packumentCache full:https://registry.npmjs.org/supports-hyperlinks cache-miss
4427 silly fetch manifest convert-source-map@^1.6.0
4428 silly packumentCache full:https://registry.npmjs.org/convert-source-map cache-hit
4429 http cache https://registry.npmjs.org/once 23ms (cache hit)
4430 silly packumentCache full:https://registry.npmjs.org/once set size:11752 disposed:false
4431 http cache https://registry.npmjs.org/inherits 25ms (cache hit)
4432 silly packumentCache full:https://registry.npmjs.org/inherits set size:12925 disposed:false
4433 http cache https://registry.npmjs.org/inflight 26ms (cache hit)
4434 silly packumentCache full:https://registry.npmjs.org/inflight set size:13140 disposed:false
4435 http cache https://registry.npmjs.org/fs.realpath 28ms (cache hit)
4436 silly packumentCache full:https://registry.npmjs.org/fs.realpath set size:4806 disposed:false
4437 http cache https://registry.npmjs.org/html-escaper 30ms (cache hit)
4438 silly packumentCache full:https://registry.npmjs.org/html-escaper set size:29853 disposed:false
4439 http cache https://registry.npmjs.org/supports-hyperlinks 30ms (cache hit)
4440 silly packumentCache full:https://registry.npmjs.org/supports-hyperlinks set size:36220 disposed:false
4441 http cache https://registry.npmjs.org/path-is-absolute 33ms (cache hit)
4442 silly packumentCache full:https://registry.npmjs.org/path-is-absolute set size:8253 disposed:false
4443 http cache https://registry.npmjs.org/char-regex 34ms (cache hit)
4444 silly packumentCache full:https://registry.npmjs.org/char-regex set size:20509 disposed:false
4445 silly placeDep node_modules/ansi-escapes type-fest@0.21.3 OK for: ansi-escapes@4.3.2 want: ^0.21.3
4446 silly placeDep ROOT fs.realpath@1.0.0 OK for: glob@7.2.3 want: ^1.0.0
4447 silly placeDep ROOT inflight@1.0.6 OK for: glob@7.2.3 want: ^1.0.4
4448 silly placeDep ROOT inherits@2.0.4 OK for: glob@7.2.3 want: 2
4449 silly placeDep ROOT once@1.4.0 OK for: glob@7.2.3 want: ^1.3.0
4450 silly placeDep ROOT path-is-absolute@1.0.1 OK for: glob@7.2.3 want: ^1.0.0
4451 silly fetch manifest wrappy@1
4452 silly packumentCache full:https://registry.npmjs.org/wrappy cache-miss
4453 silly fetch manifest wrappy@1
4454 silly packumentCache full:https://registry.npmjs.org/wrappy cache-miss
4455 http cache https://registry.npmjs.org/wrappy 12ms (cache hit)
4456 silly packumentCache full:https://registry.npmjs.org/wrappy set size:7682 disposed:false
4457 http cache https://registry.npmjs.org/wrappy 13ms (cache hit)
4458 silly packumentCache full:https://registry.npmjs.org/wrappy set size:7682 disposed:false
4459 silly packumentCache full:https://registry.npmjs.org/wrappy dispose
4460 silly placeDep ROOT resolve-cwd@3.0.0 OK for: import-local@3.2.0 want: ^3.0.0
4461 silly placeDep ROOT wrappy@1.0.2 OK for: inflight@1.0.6 want: 1
4462 silly placeDep node_modules/istanbul-lib-report make-dir@4.0.0 OK for: istanbul-lib-report@3.0.1 want: ^4.0.0
4463 silly placeDep node_modules/istanbul-lib-source-maps source-map@0.6.1 OK for: istanbul-lib-source-maps@4.0.1 want: ^0.6.1
4464 silly placeDep ROOT html-escaper@2.0.2 OK for: istanbul-reports@3.2.0 want: ^2.0.0
4465 silly placeDep ROOT execa@5.1.1 OK for: jest-changed-files@27.5.1 want: ^5.0.0
4466 silly placeDep ROOT throat@6.0.2 OK for: jest-changed-files@27.5.1 want: ^6.0.1
4467 silly fetch manifest onetime@^5.1.2
4468 silly packumentCache full:https://registry.npmjs.org/onetime cache-miss
4469 silly fetch manifest is-stream@^2.0.0
4470 silly packumentCache full:https://registry.npmjs.org/is-stream cache-miss
4471 silly fetch manifest get-stream@^6.0.0
4472 silly packumentCache full:https://registry.npmjs.org/get-stream cache-miss
4473 silly fetch manifest signal-exit@^3.0.3
4474 silly packumentCache full:https://registry.npmjs.org/signal-exit cache-hit
4475 silly fetch manifest npm-run-path@^4.0.1
4476 silly packumentCache full:https://registry.npmjs.org/npm-run-path cache-miss
4477 silly fetch manifest human-signals@^2.1.0
4478 silly packumentCache full:https://registry.npmjs.org/human-signals cache-miss
4479 silly fetch manifest strip-final-newline@^2.0.0
4480 silly packumentCache full:https://registry.npmjs.org/strip-final-newline cache-miss
4481 http cache https://registry.npmjs.org/is-stream 21ms (cache hit)
4482 silly packumentCache full:https://registry.npmjs.org/is-stream set size:18582 disposed:false
4483 http cache https://registry.npmjs.org/onetime 30ms (cache hit)
4484 silly packumentCache full:https://registry.npmjs.org/onetime set size:32314 disposed:false
4485 http cache https://registry.npmjs.org/npm-run-path 31ms (cache hit)
4486 silly packumentCache full:https://registry.npmjs.org/npm-run-path set size:33596 disposed:false
4487 http cache https://registry.npmjs.org/get-stream 32ms (cache hit)
4488 silly packumentCache full:https://registry.npmjs.org/get-stream set size:57536 disposed:false
4489 http cache https://registry.npmjs.org/human-signals 34ms (cache hit)
4490 silly packumentCache full:https://registry.npmjs.org/human-signals set size:47322 disposed:false
4491 http cache https://registry.npmjs.org/strip-final-newline 36ms (cache hit)
4492 silly packumentCache full:https://registry.npmjs.org/strip-final-newline set size:9328 disposed:false
4493 silly placeDep ROOT get-stream@6.0.1 OK for: execa@5.1.1 want: ^6.0.0
4494 silly placeDep ROOT human-signals@2.1.0 OK for: execa@5.1.1 want: ^2.1.0
4495 silly placeDep ROOT is-stream@2.0.1 OK for: execa@5.1.1 want: ^2.0.0
4496 silly placeDep ROOT merge-stream@2.0.0 OK for: execa@5.1.1 want: ^2.0.0
4497 silly placeDep ROOT npm-run-path@4.0.1 OK for: execa@5.1.1 want: ^4.0.1
4498 silly placeDep ROOT onetime@5.1.2 OK for: execa@5.1.1 want: ^5.1.2
4499 silly placeDep ROOT signal-exit@3.0.7 OK for: execa@5.1.1 want: ^3.0.3
4500 silly placeDep ROOT strip-final-newline@2.0.0 OK for: execa@5.1.1 want: ^2.0.0
4501 silly fetch manifest mimic-fn@^2.1.0
4502 silly packumentCache full:https://registry.npmjs.org/mimic-fn cache-miss
4503 http cache https://registry.npmjs.org/mimic-fn 9ms (cache hit)
4504 silly packumentCache full:https://registry.npmjs.org/mimic-fn set size:22257 disposed:false
4505 silly placeDep ROOT yargs@16.2.0 OK for: jest-cli@27.5.1 want: ^16.2.0
4506 silly fetch manifest y18n@^5.0.5
4507 silly packumentCache full:https://registry.npmjs.org/y18n cache-miss
4508 silly fetch manifest cliui@^7.0.2
4509 silly packumentCache full:https://registry.npmjs.org/cliui cache-miss
4510 silly fetch manifest escalade@^3.1.1
4511 silly packumentCache full:https://registry.npmjs.org/escalade cache-hit
4512 silly fetch manifest string-width@^4.2.0
4513 silly packumentCache full:https://registry.npmjs.org/string-width cache-miss
4514 silly fetch manifest yargs-parser@^20.2.2
4515 silly packumentCache full:https://registry.npmjs.org/yargs-parser cache-miss
4516 silly fetch manifest get-caller-file@^2.0.5
4517 silly packumentCache full:https://registry.npmjs.org/get-caller-file cache-miss
4518 silly fetch manifest require-directory@^2.1.1
4519 silly packumentCache full:https://registry.npmjs.org/require-directory cache-miss
4520 http cache https://registry.npmjs.org/string-width 17ms (cache hit)
4521 silly packumentCache full:https://registry.npmjs.org/string-width set size:68305 disposed:false
4522 http cache https://registry.npmjs.org/get-caller-file 19ms (cache hit)
4523 silly packumentCache full:https://registry.npmjs.org/get-caller-file set size:26456 disposed:false
4524 http cache https://registry.npmjs.org/require-directory 22ms (cache hit)
4525 silly packumentCache full:https://registry.npmjs.org/require-directory set size:26866 disposed:false
4526 http cache https://registry.npmjs.org/cliui 24ms (cache hit)
4527 silly packumentCache full:https://registry.npmjs.org/cliui set size:69089 disposed:false
4528 http cache https://registry.npmjs.org/y18n 28ms (cache hit)
4529 silly packumentCache full:https://registry.npmjs.org/y18n set size:76155 disposed:false
4530 http cache https://registry.npmjs.org/yargs-parser 28ms (cache hit)
4531 silly packumentCache full:https://registry.npmjs.org/yargs-parser set size:238630 disposed:false
4532 silly placeDep ROOT @jest/test-sequencer@27.5.1 OK for: jest-config@27.5.1 want: ^27.5.1
4533 silly placeDep ROOT ci-info@3.9.0 OK for: jest-config@27.5.1 want: ^3.2.0
4534 silly placeDep ROOT jest-circus@27.5.1 OK for: jest-config@27.5.1 want: ^27.5.1
4535 silly placeDep ROOT jest-environment-jsdom@27.5.1 OK for: jest-config@27.5.1 want: ^27.5.1
4536 silly placeDep ROOT jest-environment-node@27.5.1 OK for: jest-config@27.5.1 want: ^27.5.1
4537 silly placeDep ROOT jest-get-type@27.5.1 OK for: jest-config@27.5.1 want: ^27.5.1
4538 silly placeDep ROOT jest-jasmine2@27.5.1 OK for: jest-config@27.5.1 want: ^27.5.1
4539 silly placeDep ROOT pretty-format@27.5.1 OK for: jest-config@27.5.1 want: ^27.5.1
4540 silly fetch manifest co@^4.6.0
4541 silly packumentCache full:https://registry.npmjs.org/co cache-miss
4542 silly fetch manifest dedent@^0.7.0
4543 silly packumentCache full:https://registry.npmjs.org/dedent cache-miss
4544 silly fetch manifest jest-each@^27.5.1
4545 silly packumentCache full:https://registry.npmjs.org/jest-each cache-miss
4546 silly fetch manifest is-generator-fn@^2.0.0
4547 silly packumentCache full:https://registry.npmjs.org/is-generator-fn cache-miss
4548 silly fetch manifest jsdom@^16.6.0
4549 silly packumentCache full:https://registry.npmjs.org/jsdom cache-miss
4550 silly fetch manifest co@^4.6.0
4551 silly packumentCache full:https://registry.npmjs.org/co cache-miss
4552 silly fetch manifest jest-each@^27.5.1
4553 silly packumentCache full:https://registry.npmjs.org/jest-each cache-miss
4554 silly fetch manifest is-generator-fn@^2.0.0
4555 silly packumentCache full:https://registry.npmjs.org/is-generator-fn cache-miss
4556 silly fetch manifest react-is@^17.0.1
4557 silly packumentCache full:https://registry.npmjs.org/react-is cache-miss
4558 silly fetch manifest ansi-styles@^5.0.0
4559 silly packumentCache full:https://registry.npmjs.org/ansi-styles cache-hit
4560 http cache https://registry.npmjs.org/jest-each 33ms (cache hit)
4561 silly packumentCache full:https://registry.npmjs.org/jest-each set size:419330 disposed:false
4562 http cache https://registry.npmjs.org/jsdom 41ms (cache hit)
4563 silly packumentCache full:https://registry.npmjs.org/jsdom set size:1055794 disposed:false
4564 http cache https://registry.npmjs.org/co 57ms (cache hit)
4565 silly packumentCache full:https://registry.npmjs.org/co set size:53621 disposed:false
4566 http cache https://registry.npmjs.org/is-generator-fn 58ms (cache hit)
4567 silly packumentCache full:https://registry.npmjs.org/is-generator-fn set size:10518 disposed:false
4568 http cache https://registry.npmjs.org/co 56ms (cache hit)
4569 silly packumentCache full:https://registry.npmjs.org/co set size:53621 disposed:false
4570 silly packumentCache full:https://registry.npmjs.org/co dispose
4571 http cache https://registry.npmjs.org/is-generator-fn 57ms (cache hit)
4572 silly packumentCache full:https://registry.npmjs.org/is-generator-fn set size:10518 disposed:false
4573 silly packumentCache full:https://registry.npmjs.org/is-generator-fn dispose
4574 http cache https://registry.npmjs.org/jest-each 60ms (cache hit)
4575 silly packumentCache full:https://registry.npmjs.org/jest-each set size:419330 disposed:false
4576 silly packumentCache full:https://registry.npmjs.org/jest-each dispose
4577 http cache https://registry.npmjs.org/dedent 69ms (cache hit)
4578 silly packumentCache full:https://registry.npmjs.org/dedent set size:77148 disposed:false
4579 http cache https://registry.npmjs.org/react-is 76ms (cache hit)
4580 silly packumentCache full:https://registry.npmjs.org/react-is set size:5339981 disposed:false
4581 silly placeDep ROOT @jest/environment@27.5.1 OK for: jest-circus@27.5.1 want: ^27.5.1
4582 silly placeDep ROOT co@4.6.0 OK for: jest-circus@27.5.1 want: ^4.6.0
4583 silly placeDep ROOT dedent@0.7.0 OK for: jest-circus@27.5.1 want: ^0.7.0
4584 silly placeDep ROOT expect@27.5.1 OK for: jest-circus@27.5.1 want: ^27.5.1
4585 silly placeDep ROOT is-generator-fn@2.1.0 OK for: jest-circus@27.5.1 want: ^2.0.0
4586 silly placeDep ROOT jest-each@27.5.1 OK for: jest-circus@27.5.1 want: ^27.5.1
4587 silly placeDep ROOT jest-matcher-utils@27.5.1 OK for: jest-circus@27.5.1 want: ^27.5.1
4588 silly placeDep ROOT stack-utils@2.0.6 OK for: jest-circus@27.5.1 want: ^2.0.3
4589 silly fetch manifest escape-string-regexp@^2.0.0
4590 silly packumentCache full:https://registry.npmjs.org/escape-string-regexp cache-hit
4591 silly placeDep ROOT @jest/fake-timers@27.5.1 OK for: @jest/environment@27.5.1 want: ^27.5.1
4592 silly placeDep ROOT jest-mock@27.5.1 OK for: @jest/environment@27.5.1 want: ^27.5.1
4593 silly fetch manifest @sinonjs/fake-timers@^8.0.1
4594 silly packumentCache full:https://registry.npmjs.org/@sinonjs%2ffake-timers cache-miss
4595 http cache https://registry.npmjs.org/@sinonjs%2ffake-timers 10ms (cache hit)
4596 silly packumentCache full:https://registry.npmjs.org/@sinonjs%2ffake-timers set size:395835 disposed:false
4597 silly placeDep ROOT @sinonjs/fake-timers@8.1.0 OK for: @jest/fake-timers@27.5.1 want: ^8.0.1
4598 silly fetch manifest @sinonjs/commons@^1.7.0
4599 silly packumentCache full:https://registry.npmjs.org/@sinonjs%2fcommons cache-miss
4600 http cache https://registry.npmjs.org/@sinonjs%2fcommons 9ms (cache hit)
4601 silly packumentCache full:https://registry.npmjs.org/@sinonjs%2fcommons set size:84818 disposed:false
4602 silly placeDep ROOT @sinonjs/commons@1.8.6 OK for: @sinonjs/fake-timers@8.1.0 want: ^1.7.0
4603 silly fetch manifest type-detect@4.0.8
4604 silly packumentCache full:https://registry.npmjs.org/type-detect cache-miss
4605 http cache https://registry.npmjs.org/type-detect 13ms (cache hit)
4606 silly packumentCache full:https://registry.npmjs.org/type-detect set size:58804 disposed:false
4607 silly placeDep ROOT type-detect@4.0.8 OK for: @sinonjs/commons@1.8.6 want: 4.0.8
4608 silly fetch manifest canvas@^2.5.0
4609 silly packumentCache full:https://registry.npmjs.org/canvas cache-miss
4610 http cache https://registry.npmjs.org/canvas 15ms (cache hit)
4611 silly packumentCache full:https://registry.npmjs.org/canvas set size:372046 disposed:false
4612 silly placeDep ROOT jsdom@16.7.0 OK for: jest-environment-jsdom@27.5.1 want: ^16.6.0
4613 silly fetch manifest ws@^7.4.6
4614 silly packumentCache full:https://registry.npmjs.org/ws cache-hit
4615 silly fetch manifest cssom@^0.4.4
4616 silly packumentCache full:https://registry.npmjs.org/cssom cache-miss
4617 silly fetch manifest saxes@^5.0.1
4618 silly packumentCache full:https://registry.npmjs.org/saxes cache-miss
4619 silly fetch manifest nwsapi@^2.2.0
4620 silly packumentCache full:https://registry.npmjs.org/nwsapi cache-miss
4621 silly fetch manifest parse5@6.0.1
4622 silly packumentCache full:https://registry.npmjs.org/parse5 cache-miss
4623 silly fetch manifest cssstyle@^2.3.0
4624 silly packumentCache full:https://registry.npmjs.org/cssstyle cache-miss
4625 silly fetch manifest data-urls@^2.0.0
4626 silly packumentCache full:https://registry.npmjs.org/data-urls cache-miss
4627 silly fetch manifest escodegen@^2.0.0
4628 silly packumentCache full:https://registry.npmjs.org/escodegen cache-miss
4629 silly fetch manifest form-data@^3.0.0
4630 silly packumentCache full:https://registry.npmjs.org/form-data cache-miss
4631 silly fetch manifest decimal.js@^10.2.1
4632 silly packumentCache full:https://registry.npmjs.org/decimal.js cache-miss
4633 silly fetch manifest whatwg-url@^8.5.0
4634 silly packumentCache full:https://registry.npmjs.org/whatwg-url cache-miss
4635 silly fetch manifest symbol-tree@^3.2.4
4636 silly packumentCache full:https://registry.npmjs.org/symbol-tree cache-miss
4637 http cache https://registry.npmjs.org/nwsapi 44ms (cache hit)
4638 silly packumentCache full:https://registry.npmjs.org/nwsapi set size:90535 disposed:false
4639 silly fetch manifest w3c-hr-time@^1.0.2
4640 silly packumentCache full:https://registry.npmjs.org/w3c-hr-time cache-miss
4641 http cache https://registry.npmjs.org/saxes 49ms (cache hit)
4642 silly packumentCache full:https://registry.npmjs.org/saxes set size:228593 disposed:false
4643 silly fetch manifest domexception@^2.0.1
4644 silly packumentCache full:https://registry.npmjs.org/domexception cache-miss
4645 http cache https://registry.npmjs.org/cssom 53ms (cache hit)
4646 silly packumentCache full:https://registry.npmjs.org/cssom set size:42138 disposed:false
4647 silly fetch manifest tough-cookie@^4.0.0
4648 silly packumentCache full:https://registry.npmjs.org/tough-cookie cache-miss
4649 http cache https://registry.npmjs.org/parse5 64ms (cache hit)
4650 silly packumentCache full:https://registry.npmjs.org/parse5 set size:120807 disposed:false
4651 silly fetch manifest acorn-globals@^6.0.0
4652 silly packumentCache full:https://registry.npmjs.org/acorn-globals cache-miss
4653 http cache https://registry.npmjs.org/cssstyle 68ms (cache hit)
4654 silly packumentCache full:https://registry.npmjs.org/cssstyle set size:165320 disposed:false
4655 silly fetch manifest whatwg-encoding@^1.0.5
4656 silly packumentCache full:https://registry.npmjs.org/whatwg-encoding cache-miss
4657 http cache https://registry.npmjs.org/data-urls 71ms (cache hit)
4658 silly packumentCache full:https://registry.npmjs.org/data-urls set size:37311 disposed:false
4659 silly fetch manifest whatwg-mimetype@^2.3.0
4660 silly packumentCache full:https://registry.npmjs.org/whatwg-mimetype cache-miss
4661 http cache https://registry.npmjs.org/form-data 73ms (cache hit)
4662 silly packumentCache full:https://registry.npmjs.org/form-data set size:153646 disposed:false
4663 silly fetch manifest http-proxy-agent@^4.0.1
4664 silly packumentCache full:https://registry.npmjs.org/http-proxy-agent cache-miss
4665 http cache https://registry.npmjs.org/escodegen 77ms (cache hit)
4666 silly packumentCache full:https://registry.npmjs.org/escodegen set size:119723 disposed:false
4667 silly fetch manifest https-proxy-agent@^5.0.0
4668 silly packumentCache full:https://registry.npmjs.org/https-proxy-agent cache-miss
4669 http cache https://registry.npmjs.org/whatwg-url 74ms (cache hit)
4670 silly packumentCache full:https://registry.npmjs.org/whatwg-url set size:170765 disposed:false
4671 silly fetch manifest w3c-xmlserializer@^2.0.0
4672 silly packumentCache full:https://registry.npmjs.org/w3c-xmlserializer cache-miss
4673 http cache https://registry.npmjs.org/decimal.js 84ms (cache hit)
4674 silly packumentCache full:https://registry.npmjs.org/decimal.js set size:107790 disposed:false
4675 silly fetch manifest webidl-conversions@^6.1.0
4676 silly packumentCache full:https://registry.npmjs.org/webidl-conversions cache-miss
4677 http cache https://registry.npmjs.org/symbol-tree 80ms (cache hit)
4678 silly packumentCache full:https://registry.npmjs.org/symbol-tree set size:60614 disposed:false
4679 silly fetch manifest xml-name-validator@^3.0.0
4680 silly packumentCache full:https://registry.npmjs.org/xml-name-validator cache-miss
4681 http cache https://registry.npmjs.org/domexception 68ms (cache hit)
4682 silly packumentCache full:https://registry.npmjs.org/domexception set size:16884 disposed:false
4683 silly fetch manifest html-encoding-sniffer@^2.0.1
4684 silly packumentCache full:https://registry.npmjs.org/html-encoding-sniffer cache-miss
4685 http cache https://registry.npmjs.org/w3c-hr-time 75ms (cache hit)
4686 silly packumentCache full:https://registry.npmjs.org/w3c-hr-time set size:16565 disposed:false
4687 silly fetch manifest is-potential-custom-element-name@^1.0.1
4688 silly packumentCache full:https://registry.npmjs.org/is-potential-custom-element-name cache-miss
4689 http cache https://registry.npmjs.org/tough-cookie 69ms (cache hit)
4690 silly packumentCache full:https://registry.npmjs.org/tough-cookie set size:149007 disposed:false
4691 http cache https://registry.npmjs.org/http-proxy-agent 50ms (cache hit)
4692 silly packumentCache full:https://registry.npmjs.org/http-proxy-agent set size:54849 disposed:false
4693 http cache https://registry.npmjs.org/whatwg-encoding 59ms (cache hit)
4694 silly packumentCache full:https://registry.npmjs.org/whatwg-encoding set size:25704 disposed:false
4695 http cache https://registry.npmjs.org/acorn-globals 65ms (cache hit)
4696 silly packumentCache full:https://registry.npmjs.org/acorn-globals set size:62159 disposed:false
4697 http cache https://registry.npmjs.org/https-proxy-agent 54ms (cache hit)
4698 silly packumentCache full:https://registry.npmjs.org/https-proxy-agent set size:81258 disposed:false
4699 http cache https://registry.npmjs.org/w3c-xmlserializer 52ms (cache hit)
4700 silly packumentCache full:https://registry.npmjs.org/w3c-xmlserializer set size:36375 disposed:false
4701 http cache https://registry.npmjs.org/webidl-conversions 52ms (cache hit)
4702 silly packumentCache full:https://registry.npmjs.org/webidl-conversions set size:46073 disposed:false
4703 http cache https://registry.npmjs.org/whatwg-mimetype 69ms (cache hit)
4704 silly packumentCache full:https://registry.npmjs.org/whatwg-mimetype set size:28179 disposed:false
4705 http cache https://registry.npmjs.org/xml-name-validator 53ms (cache hit)
4706 silly packumentCache full:https://registry.npmjs.org/xml-name-validator set size:11085 disposed:false
4707 http cache https://registry.npmjs.org/is-potential-custom-element-name 32ms (cache hit)
4708 silly packumentCache full:https://registry.npmjs.org/is-potential-custom-element-name set size:6810 disposed:false
4709 http cache https://registry.npmjs.org/html-encoding-sniffer 35ms (cache hit)
4710 silly packumentCache full:https://registry.npmjs.org/html-encoding-sniffer set size:23370 disposed:false
4711 silly placeDep ROOT @types/graceful-fs@4.1.9 OK for: jest-haste-map@27.5.1 want: ^4.1.2
4712 silly placeDep ROOT anymatch@3.1.3 OK for: jest-haste-map@27.5.1 want: ^3.0.3
4713 silly placeDep ROOT fb-watchman@2.0.2 OK for: jest-haste-map@27.5.1 want: ^2.0.0
4714 silly placeDep ROOT jest-serializer@27.5.1 OK for: jest-haste-map@27.5.1 want: ^27.5.1
4715 silly placeDep ROOT walker@1.0.8 OK for: jest-haste-map@27.5.1 want: ^1.0.7
4716 silly fetch manifest picomatch@^2.0.4
4717 silly packumentCache full:https://registry.npmjs.org/picomatch cache-hit
4718 silly fetch manifest bser@2.1.1
4719 silly packumentCache full:https://registry.npmjs.org/bser cache-miss
4720 silly fetch manifest makeerror@1.0.12
4721 silly packumentCache full:https://registry.npmjs.org/makeerror cache-miss
4722 http cache https://registry.npmjs.org/bser 16ms (cache hit)
4723 silly packumentCache full:https://registry.npmjs.org/bser set size:14158 disposed:false
4724 http cache https://registry.npmjs.org/makeerror 16ms (cache hit)
4725 silly packumentCache full:https://registry.npmjs.org/makeerror set size:16681 disposed:false
4726 silly placeDep ROOT picomatch@2.3.2 OK for: anymatch@3.1.3 want: ^2.0.4
4727 silly placeDep ROOT bser@2.1.1 OK for: fb-watchman@2.0.2 want: 2.1.1
4728 silly fetch manifest node-int64@^0.4.0
4729 silly packumentCache full:https://registry.npmjs.org/node-int64 cache-miss
4730 http cache https://registry.npmjs.org/node-int64 12ms (cache hit)
4731 silly packumentCache full:https://registry.npmjs.org/node-int64 set size:11660 disposed:false
4732 silly placeDep ROOT node-int64@0.4.0 OK for: bser@2.1.1 want: ^0.4.0
4733 silly placeDep ROOT @jest/source-map@27.5.1 OK for: jest-jasmine2@27.5.1 want: ^27.5.1
4734 silly placeDep ROOT callsites@3.1.0 OK for: @jest/source-map@27.5.1 want: ^3.0.0
4735 silly placeDep node_modules/@jest/source-map source-map@0.6.1 OK for: @jest/source-map@27.5.1 want: ^0.6.0
4736 silly placeDep ROOT jest-diff@27.5.1 OK for: jest-matcher-utils@27.5.1 want: ^27.5.1
4737 silly fetch manifest diff-sequences@^27.5.1
4738 silly packumentCache full:https://registry.npmjs.org/diff-sequences cache-miss
4739 http cache https://registry.npmjs.org/diff-sequences 15ms (cache hit)
4740 silly packumentCache full:https://registry.npmjs.org/diff-sequences set size:180764 disposed:false
4741 silly placeDep ROOT diff-sequences@27.5.1 OK for: jest-diff@27.5.1 want: ^27.5.1
4742 silly placeDep ROOT @types/stack-utils@2.0.3 OK for: jest-message-util@27.5.1 want: ^2.0.0
4743 silly fetch manifest jest-resolve@*
4744 silly packumentCache full:https://registry.npmjs.org/jest-resolve cache-hit
4745 silly placeDep ROOT jest-pnp-resolver@1.2.3 OK for: jest-resolve@27.5.1 want: ^1.2.2
4746 silly placeDep ROOT resolve.exports@1.1.1 OK for: jest-resolve@27.5.1 want: ^1.1.0
4747 silly placeDep ROOT jest-docblock@27.5.1 OK for: jest-runner@27.5.1 want: ^27.5.1
4748 silly placeDep ROOT jest-leak-detector@27.5.1 OK for: jest-runner@27.5.1 want: ^27.5.1
4749 silly placeDep ROOT source-map-support@0.5.21 OK for: jest-runner@27.5.1 want: ^0.5.6
4750 silly fetch manifest detect-newline@^3.0.0
4751 silly packumentCache full:https://registry.npmjs.org/detect-newline cache-miss
4752 silly fetch manifest buffer-from@^1.0.0
4753 silly packumentCache full:https://registry.npmjs.org/buffer-from cache-miss
4754 http cache https://registry.npmjs.org/buffer-from 12ms (cache hit)
4755 silly packumentCache full:https://registry.npmjs.org/buffer-from set size:15463 disposed:false
4756 http cache https://registry.npmjs.org/detect-newline 14ms (cache hit)
4757 silly packumentCache full:https://registry.npmjs.org/detect-newline set size:25512 disposed:false
4758 silly placeDep ROOT detect-newline@3.1.0 OK for: jest-docblock@27.5.1 want: ^3.0.0
4759 silly placeDep ROOT @jest/globals@27.5.1 OK for: jest-runtime@27.5.1 want: ^27.5.1
4760 silly placeDep ROOT cjs-module-lexer@1.4.3 OK for: jest-runtime@27.5.1 want: ^1.0.0
4761 silly placeDep ROOT strip-bom@4.0.0 OK for: jest-runtime@27.5.1 want: ^4.0.0
4762 silly placeDep ROOT @types/prettier@2.7.3 OK for: jest-snapshot@27.5.1 want: ^2.1.5
4763 silly placeDep ROOT leven@3.1.0 OK for: jest-validate@27.5.1 want: ^3.1.0
4764 silly placeDep node_modules/jest-watch-typeahead jest-regex-util@28.0.2 OK for: jest-watch-typeahead@1.1.0 want: ^28.0.0
4765 silly placeDep node_modules/jest-watch-typeahead jest-watcher@28.1.3 OK for: jest-watch-typeahead@1.1.0 want: ^28.0.0
4766 silly placeDep node_modules/jest-watch-typeahead slash@4.0.0 OK for: jest-watch-typeahead@1.1.0 want: ^4.0.0
4767 silly placeDep node_modules/jest-watch-typeahead string-length@5.0.1 OK for: jest-watch-typeahead@1.1.0 want: ^5.0.1
4768 silly placeDep node_modules/jest-watch-typeahead strip-ansi@7.2.0 OK for: jest-watch-typeahead@1.1.0 want: ^7.0.1
4769 silly fetch manifest emittery@^0.10.2
4770 silly packumentCache full:https://registry.npmjs.org/emittery cache-hit
4771 silly fetch manifest jest-util@^28.1.3
4772 silly packumentCache full:https://registry.npmjs.org/jest-util cache-hit
4773 silly fetch manifest @jest/types@^28.1.3
4774 silly packumentCache full:https://registry.npmjs.org/@jest%2ftypes cache-hit
4775 silly fetch manifest @jest/test-result@^28.1.3
4776 silly packumentCache full:https://registry.npmjs.org/@jest%2ftest-result cache-hit
4777 silly fetch manifest char-regex@^2.0.0
4778 silly packumentCache full:https://registry.npmjs.org/char-regex cache-hit
4779 silly fetch manifest ansi-regex@^6.2.2
4780 silly packumentCache full:https://registry.npmjs.org/ansi-regex cache-hit
4781 silly placeDep node_modules/jest-worker supports-color@8.1.1 OK for: jest-worker@27.5.1 want: ^8.0.0
4782 silly placeDep ROOT argparse@1.0.10 OK for: js-yaml@3.14.2 want: ^1.0.7
4783 silly placeDep ROOT esprima@4.0.1 OK for: js-yaml@3.14.2 want: ^4.0.0
4784 silly fetch manifest sprintf-js@~1.0.2
4785 silly packumentCache full:https://registry.npmjs.org/sprintf-js cache-miss
4786 http cache https://registry.npmjs.org/sprintf-js 10ms (cache hit)
4787 silly packumentCache full:https://registry.npmjs.org/sprintf-js set size:20495 disposed:false
4788 silly placeDep ROOT sprintf-js@1.0.3 OK for: argparse@1.0.10 want: ~1.0.2
4789 silly fetch manifest bufferutil@^4.0.1
4790 silly packumentCache full:https://registry.npmjs.org/bufferutil cache-miss
4791 http cache https://registry.npmjs.org/bufferutil 9ms (cache hit)
4792 silly packumentCache full:https://registry.npmjs.org/bufferutil set size:52763 disposed:false
4793 silly fetch manifest utf-8-validate@^5.0.2
4794 silly packumentCache full:https://registry.npmjs.org/utf-8-validate cache-miss
4795 http cache https://registry.npmjs.org/utf-8-validate 9ms (cache hit)
4796 silly packumentCache full:https://registry.npmjs.org/utf-8-validate set size:77148 disposed:false
4797 silly placeDep ROOT abab@2.0.6 OK for: jsdom@16.7.0 want: ^2.0.5
4798 silly placeDep ROOT acorn-globals@6.0.0 OK for: jsdom@16.7.0 want: ^6.0.0
4799 silly placeDep ROOT cssom@0.4.4 OK for: jsdom@16.7.0 want: ^0.4.4
4800 silly placeDep ROOT cssstyle@2.3.0 OK for: jsdom@16.7.0 want: ^2.3.0
4801 silly placeDep ROOT data-urls@2.0.0 OK for: jsdom@16.7.0 want: ^2.0.0
4802 silly placeDep ROOT decimal.js@10.6.0 OK for: jsdom@16.7.0 want: ^10.2.1
4803 silly placeDep ROOT domexception@2.0.1 OK for: jsdom@16.7.0 want: ^2.0.1
4804 silly placeDep ROOT escodegen@2.1.0 OK for: jsdom@16.7.0 want: ^2.0.0
4805 silly placeDep ROOT form-data@3.0.4 OK for: jsdom@16.7.0 want: ^3.0.0
4806 silly placeDep ROOT html-encoding-sniffer@2.0.1 OK for: jsdom@16.7.0 want: ^2.0.1
4807 silly placeDep ROOT http-proxy-agent@4.0.1 OK for: jsdom@16.7.0 want: ^4.0.1
4808 silly placeDep ROOT https-proxy-agent@5.0.1 OK for: jsdom@16.7.0 want: ^5.0.0
4809 silly placeDep ROOT is-potential-custom-element-name@1.0.1 OK for: jsdom@16.7.0 want: ^1.0.1
4810 silly placeDep ROOT nwsapi@2.2.23 OK for: jsdom@16.7.0 want: ^2.2.0
4811 silly placeDep ROOT parse5@6.0.1 OK for: jsdom@16.7.0 want: 6.0.1
4812 silly placeDep ROOT saxes@5.0.1 OK for: jsdom@16.7.0 want: ^5.0.1
4813 silly placeDep ROOT symbol-tree@3.2.4 OK for: jsdom@16.7.0 want: ^3.2.4
4814 silly placeDep ROOT tough-cookie@4.1.4 OK for: jsdom@16.7.0 want: ^4.0.0
4815 silly placeDep ROOT w3c-hr-time@1.0.2 OK for: jsdom@16.7.0 want: ^1.0.2
4816 silly placeDep ROOT w3c-xmlserializer@2.0.0 OK for: jsdom@16.7.0 want: ^2.0.0
4817 silly placeDep ROOT webidl-conversions@6.1.0 OK for: jsdom@16.7.0 want: ^6.1.0
4818 silly placeDep ROOT whatwg-encoding@1.0.5 OK for: jsdom@16.7.0 want: ^1.0.5
4819 silly placeDep ROOT whatwg-mimetype@2.3.0 OK for: jsdom@16.7.0 want: ^2.3.0
4820 silly placeDep ROOT whatwg-url@8.7.0 OK for: jsdom@16.7.0 want: ^8.5.0
4821 silly placeDep ROOT ws@7.5.10 OK for: jsdom@16.7.0 want: ^7.4.6
4822 silly placeDep ROOT xml-name-validator@3.0.0 OK for: jsdom@16.7.0 want: ^3.0.0
4823 silly fetch manifest acorn@^7.1.1
4824 silly packumentCache full:https://registry.npmjs.org/acorn cache-hit
4825 silly fetch manifest acorn-walk@^7.1.1
4826 silly packumentCache full:https://registry.npmjs.org/acorn-walk cache-miss
4827 silly fetch manifest cssom@~0.3.6
4828 silly packumentCache full:https://registry.npmjs.org/cssom cache-hit
4829 silly fetch manifest whatwg-url@^8.0.0
4830 silly packumentCache full:https://registry.npmjs.org/whatwg-url cache-hit
4831 silly fetch manifest webidl-conversions@^5.0.0
4832 silly packumentCache full:https://registry.npmjs.org/webidl-conversions cache-hit
4833 silly fetch manifest source-map@~0.6.1
4834 silly packumentCache full:https://registry.npmjs.org/source-map cache-hit
4835 silly fetch manifest asynckit@^0.4.0
4836 silly packumentCache full:https://registry.npmjs.org/asynckit cache-miss
4837 silly fetch manifest mime-types@^2.1.35
4838 silly packumentCache full:https://registry.npmjs.org/mime-types cache-hit
4839 silly fetch manifest combined-stream@^1.0.8
4840 silly packumentCache full:https://registry.npmjs.org/combined-stream cache-miss
4841 silly fetch manifest agent-base@6
4842 silly packumentCache full:https://registry.npmjs.org/agent-base cache-miss
4843 silly fetch manifest @tootallnate/once@1
4844 silly packumentCache full:https://registry.npmjs.org/@tootallnate%2fonce cache-miss
4845 silly fetch manifest agent-base@6
4846 silly packumentCache full:https://registry.npmjs.org/agent-base cache-miss
4847 silly fetch manifest xmlchars@^2.2.0
4848 silly packumentCache full:https://registry.npmjs.org/xmlchars cache-miss
4849 silly fetch manifest psl@^1.1.33
4850 silly packumentCache full:https://registry.npmjs.org/psl cache-miss
4851 silly fetch manifest punycode@^2.1.1
4852 silly packumentCache full:https://registry.npmjs.org/punycode cache-hit
4853 silly fetch manifest url-parse@^1.5.3
4854 silly packumentCache full:https://registry.npmjs.org/url-parse cache-miss
4855 silly fetch manifest universalify@^0.2.0
4856 silly packumentCache full:https://registry.npmjs.org/universalify cache-hit
4857 silly fetch manifest browser-process-hrtime@^1.0.0
4858 silly packumentCache full:https://registry.npmjs.org/browser-process-hrtime cache-miss
4859 silly fetch manifest iconv-lite@0.4.24
4860 silly packumentCache full:https://registry.npmjs.org/iconv-lite cache-hit
4861 silly fetch manifest tr46@^2.1.0
4862 silly packumentCache full:https://registry.npmjs.org/tr46 cache-miss
4863 http cache https://registry.npmjs.org/acorn-walk 40ms (cache hit)
4864 silly packumentCache full:https://registry.npmjs.org/acorn-walk set size:49813 disposed:false
4865 http cache https://registry.npmjs.org/@tootallnate%2fonce 35ms (cache hit)
4866 silly packumentCache full:https://registry.npmjs.org/@tootallnate%2fonce set size:22363 disposed:false
4867 http cache https://registry.npmjs.org/psl 36ms (cache hit)
4868 silly packumentCache full:https://registry.npmjs.org/psl set size:129526 disposed:false
4869 http cache https://registry.npmjs.org/url-parse 40ms (cache hit)
4870 silly packumentCache full:https://registry.npmjs.org/url-parse set size:131789 disposed:false
4871 http cache https://registry.npmjs.org/asynckit 49ms (cache hit)
4872 silly packumentCache full:https://registry.npmjs.org/asynckit set size:18932 disposed:false
4873 http cache https://registry.npmjs.org/agent-base 46ms (cache hit)
4874 silly packumentCache full:https://registry.npmjs.org/agent-base set size:72085 disposed:false
4875 http cache https://registry.npmjs.org/combined-stream 52ms (cache hit)
4876 silly packumentCache full:https://registry.npmjs.org/combined-stream set size:40337 disposed:false
4877 http cache https://registry.npmjs.org/xmlchars 48ms (cache hit)
4878 silly packumentCache full:https://registry.npmjs.org/xmlchars set size:33578 disposed:false
4879 http cache https://registry.npmjs.org/agent-base 49ms (cache hit)
4880 silly packumentCache full:https://registry.npmjs.org/agent-base set size:72085 disposed:false
4881 silly packumentCache full:https://registry.npmjs.org/agent-base dispose
4882 http cache https://registry.npmjs.org/browser-process-hrtime 47ms (cache hit)
4883 silly packumentCache full:https://registry.npmjs.org/browser-process-hrtime set size:13214 disposed:false
4884 http cache https://registry.npmjs.org/tr46 45ms (cache hit)
4885 silly packumentCache full:https://registry.npmjs.org/tr46 set size:47377 disposed:false
4886 silly placeDep node_modules/acorn-globals acorn@7.4.1 OK for: acorn-globals@6.0.0 want: ^7.1.1
4887 silly placeDep ROOT acorn-walk@7.2.0 OK for: acorn-globals@6.0.0 want: ^7.1.1
4888 silly placeDep node_modules/cssstyle cssom@0.3.8 OK for: cssstyle@2.3.0 want: ~0.3.6
4889 silly placeDep node_modules/domexception webidl-conversions@5.0.0 OK for: domexception@2.0.1 want: ^5.0.0
4890 silly placeDep node_modules/escodegen source-map@0.6.1 OK for: escodegen@2.1.0 want: ~0.6.1
4891 silly placeDep ROOT asynckit@0.4.0 OK for: form-data@3.0.4 want: ^0.4.0
4892 silly placeDep ROOT combined-stream@1.0.8 OK for: form-data@3.0.4 want: ^1.0.8
4893 silly placeDep ROOT mime-types@2.1.35 OK for: form-data@3.0.4 want: ^2.1.35
4894 silly fetch manifest delayed-stream@~1.0.0
4895 silly packumentCache full:https://registry.npmjs.org/delayed-stream cache-miss
4896 silly fetch manifest mime-db@1.52.0
4897 silly packumentCache full:https://registry.npmjs.org/mime-db cache-miss
4898 http cache https://registry.npmjs.org/delayed-stream 9ms (cache hit)
4899 silly packumentCache full:https://registry.npmjs.org/delayed-stream set size:15820 disposed:false
4900 http cache https://registry.npmjs.org/mime-db 11ms (cache hit)
4901 silly packumentCache full:https://registry.npmjs.org/mime-db set size:164953 disposed:false
4902 silly placeDep ROOT delayed-stream@1.0.0 OK for: combined-stream@1.0.8 want: ~1.0.0
4903 silly placeDep ROOT @tootallnate/once@1.1.2 OK for: http-proxy-agent@4.0.1 want: 1
4904 silly placeDep ROOT agent-base@6.0.2 OK for: http-proxy-agent@4.0.1 want: 6
4905 silly placeDep node_modules/jsonpath esprima@1.2.5 OK for: jsonpath@1.3.0 want: 1.2.5
4906 silly placeDep ROOT static-eval@2.1.1 OK for: jsonpath@1.3.0 want: 2.1.1
4907 silly placeDep ROOT underscore@1.13.6 OK for: jsonpath@1.3.0 want: 1.13.6
4908 silly placeDep ROOT json-buffer@3.0.1 OK for: keyv@4.5.4 want: 3.0.1
4909 silly placeDep ROOT language-subtag-registry@0.3.23 OK for: language-tags@1.0.9 want: ^0.3.20
4910 silly placeDep ROOT prelude-ls@1.2.1 OK for: levn@0.4.1 want: ^1.2.1
4911 silly placeDep ROOT type-check@0.4.0 OK for: levn@0.4.1 want: ~0.4.0
4912 silly placeDep ROOT big.js@5.2.2 OK for: loader-utils@2.0.4 want: ^5.2.2
4913 silly placeDep ROOT emojis-list@3.0.0 OK for: loader-utils@2.0.4 want: ^3.0.0
4914 silly placeDep ROOT p-locate@4.1.0 OK for: locate-path@5.0.0 want: ^4.1.0
4915 silly fetch manifest p-limit@^2.2.0
4916 silly packumentCache full:https://registry.npmjs.org/p-limit cache-miss
4917 http cache https://registry.npmjs.org/p-limit 10ms (cache hit)
4918 silly packumentCache full:https://registry.npmjs.org/p-limit set size:61867 disposed:false
4919 silly placeDep ROOT yallist@3.1.1 OK for: lru-cache@5.1.1 want: ^3.0.2
4920 silly placeDep node_modules/make-dir semver@6.3.1 OK for: make-dir@3.1.0 want: ^6.0.0
4921 silly placeDep ROOT braces@3.0.3 OK for: micromatch@4.0.8 want: ^3.0.3
4922 silly fetch manifest fill-range@^7.1.1
4923 silly packumentCache full:https://registry.npmjs.org/fill-range cache-miss
4924 http cache https://registry.npmjs.org/fill-range 10ms (cache hit)
4925 silly packumentCache full:https://registry.npmjs.org/fill-range set size:90212 disposed:false
4926 silly placeDep ROOT fill-range@7.1.1 OK for: braces@3.0.3 want: ^7.1.1
4927 silly fetch manifest to-regex-range@^5.0.1
4928 silly packumentCache full:https://registry.npmjs.org/to-regex-range cache-miss
4929 http cache https://registry.npmjs.org/to-regex-range 10ms (cache hit)
4930 silly packumentCache full:https://registry.npmjs.org/to-regex-range set size:61569 disposed:false
4931 silly placeDep ROOT to-regex-range@5.0.1 OK for: fill-range@7.1.1 want: ^5.0.1
4932 silly fetch manifest is-number@^7.0.0
4933 silly packumentCache full:https://registry.npmjs.org/is-number cache-miss
4934 http cache https://registry.npmjs.org/is-number 11ms (cache hit)
4935 silly packumentCache full:https://registry.npmjs.org/is-number set size:36183 disposed:false
4936 silly placeDep ROOT mime-db@1.52.0 OK for: mime-types@2.1.35 want: 1.52.0
4937 silly placeDep ROOT brace-expansion@1.1.14 OK for: minimatch@3.1.5 want: ^1.1.7
4938 silly fetch manifest concat-map@0.0.1
4939 silly packumentCache full:https://registry.npmjs.org/concat-map cache-miss
4940 silly fetch manifest balanced-match@^1.0.0
4941 silly packumentCache full:https://registry.npmjs.org/balanced-match cache-miss
4942 http cache https://registry.npmjs.org/concat-map 11ms (cache hit)
4943 silly packumentCache full:https://registry.npmjs.org/concat-map set size:9290 disposed:false
4944 http cache https://registry.npmjs.org/balanced-match 12ms (cache hit)
4945 silly packumentCache full:https://registry.npmjs.org/balanced-match set size:39082 disposed:false
4946 silly placeDep ROOT balanced-match@1.0.2 OK for: brace-expansion@1.1.14 want: ^1.0.0
4947 silly placeDep ROOT concat-map@0.0.1 OK for: brace-expansion@1.1.14 want: 0.0.1
4948 silly placeDep ROOT mimic-fn@2.1.0 OK for: onetime@5.1.2 want: ^2.1.0
4949 silly placeDep ROOT deep-is@0.1.4 OK for: optionator@0.9.4 want: ^0.1.3
4950 silly placeDep ROOT fast-levenshtein@2.0.6 OK for: optionator@0.9.4 want: ^2.0.6
4951 silly placeDep ROOT word-wrap@1.2.5 OK for: optionator@0.9.4 want: ^1.2.5
4952 silly placeDep ROOT p-limit@2.3.0 OK for: p-locate@4.1.0 want: ^2.2.0
4953 silly fetch manifest p-try@^2.0.0
4954 silly packumentCache full:https://registry.npmjs.org/p-try cache-miss
4955 http cache https://registry.npmjs.org/p-try 18ms (cache hit)
4956 silly packumentCache full:https://registry.npmjs.org/p-try set size:13014 disposed:false
4957 silly placeDep ROOT p-try@2.2.0 OK for: p-limit@2.3.0 want: ^2.0.0
4958 silly placeDep ROOT dot-case@3.0.4 OK for: param-case@3.0.4 want: ^3.0.4
4959 silly placeDep ROOT no-case@3.0.4 OK for: dot-case@3.0.4 want: ^3.0.4
4960 silly fetch manifest lower-case@^2.0.2
4961 silly packumentCache full:https://registry.npmjs.org/lower-case cache-miss
4962 http cache https://registry.npmjs.org/lower-case 10ms (cache hit)
4963 silly packumentCache full:https://registry.npmjs.org/lower-case set size:27690 disposed:false
4964 silly placeDep ROOT lower-case@2.0.2 OK for: no-case@3.0.4 want: ^2.0.2
4965 silly placeDep ROOT error-ex@1.3.4 OK for: parse-json@5.2.0 want: ^1.3.1
4966 silly placeDep ROOT json-parse-even-better-errors@2.3.1 OK for: parse-json@5.2.0 want: ^2.3.0
4967 silly placeDep ROOT lines-and-columns@1.2.4 OK for: parse-json@5.2.0 want: ^1.1.6
4968 silly fetch manifest is-arrayish@^0.2.1
4969 silly packumentCache full:https://registry.npmjs.org/is-arrayish cache-miss
4970 http cache https://registry.npmjs.org/is-arrayish 10ms (cache hit)
4971 silly packumentCache full:https://registry.npmjs.org/is-arrayish set size:15371 disposed:false
4972 silly placeDep ROOT is-arrayish@0.2.1 OK for: error-ex@1.3.4 want: ^0.2.1
4973 silly placeDep ROOT nanoid@3.3.11 OK for: postcss@8.5.9 want: ^3.3.11
4974 silly placeDep ROOT source-map-js@1.2.1 OK for: postcss@8.5.9 want: ^1.2.1
4975 silly placeDep ROOT postcss-selector-parser@6.1.2 OK for: postcss-calc@8.2.4 want: ^6.0.9
4976 silly fetch manifest cssesc@^3.0.0
4977 silly packumentCache full:https://registry.npmjs.org/cssesc cache-miss
4978 silly fetch manifest util-deprecate@^1.0.2
4979 silly packumentCache full:https://registry.npmjs.org/util-deprecate cache-miss
4980 http cache https://registry.npmjs.org/cssesc 11ms (cache hit)
4981 silly packumentCache full:https://registry.npmjs.org/cssesc set size:18815 disposed:false
4982 http cache https://registry.npmjs.org/util-deprecate 12ms (cache hit)
4983 silly packumentCache full:https://registry.npmjs.org/util-deprecate set size:6674 disposed:false
4984 silly placeDep ROOT caniuse-api@3.0.0 OK for: postcss-colormin@5.3.1 want: ^3.0.0
4985 silly placeDep ROOT colord@2.9.3 OK for: postcss-colormin@5.3.1 want: ^2.9.1
4986 silly fetch manifest lodash.uniq@^4.5.0
4987 silly packumentCache full:https://registry.npmjs.org/lodash.uniq cache-miss
4988 silly fetch manifest lodash.memoize@^4.1.2
4989 silly packumentCache full:https://registry.npmjs.org/lodash.memoize cache-miss
4990 http cache https://registry.npmjs.org/lodash.memoize 10ms (cache hit)
4991 silly packumentCache full:https://registry.npmjs.org/lodash.memoize set size:41190 disposed:false
4992 http cache https://registry.npmjs.org/lodash.uniq 13ms (cache hit)
4993 silly packumentCache full:https://registry.npmjs.org/lodash.uniq set size:44173 disposed:false
4994 silly placeDep ROOT lodash.memoize@4.1.2 OK for: caniuse-api@3.0.0 want: ^4.1.2
4995 silly placeDep ROOT lodash.uniq@4.5.0 OK for: caniuse-api@3.0.0 want: ^4.5.0
4996 silly placeDep ROOT klona@2.0.6 OK for: postcss-loader@6.2.1 want: ^2.0.5
4997 silly placeDep ROOT stylehacks@5.1.1 OK for: postcss-merge-longhand@5.1.7 want: ^5.1.1
4998 silly placeDep node_modules/postcss-modules-local-by-default postcss-selector-parser@7.1.1 OK for: postcss-modules-local-by-default@4.2.0 want: ^7.0.0
4999 silly placeDep node_modules/postcss-modules-scope postcss-selector-parser@7.1.1 OK for: postcss-modules-scope@3.2.1 want: ^7.0.0
5000 silly fetch manifest browserslist@>= 4
5001 silly packumentCache full:https://registry.npmjs.org/browserslist cache-hit
5002 silly fetch manifest postcss@>= 8
5003 silly packumentCache full:https://registry.npmjs.org/postcss cache-hit
5004 silly placeDep ROOT @csstools/normalize.css@12.1.1 OK for: postcss-normalize@10.0.1 want: *
5005 silly placeDep ROOT postcss-browser-comments@4.0.0 OK for: postcss-normalize@10.0.1 want: ^4
5006 silly placeDep ROOT sanitize.css@13.0.0 OK for: postcss-normalize@10.0.1 want: *
5007 silly placeDep ROOT normalize-url@6.1.0 OK for: postcss-normalize-url@5.1.0 want: ^6.0.1
5008 silly fetch manifest postcss@^8.2
5009 silly packumentCache full:https://registry.npmjs.org/postcss cache-hit
5010 silly placeDep ROOT @csstools/postcss-cascade-layers@1.1.1 OK for: postcss-preset-env@7.8.3 want: ^1.1.1
5011 silly placeDep ROOT @csstools/postcss-color-function@1.1.1 OK for: postcss-preset-env@7.8.3 want: ^1.1.1
5012 silly placeDep ROOT @csstools/postcss-font-format-keywords@1.0.1 OK for: postcss-preset-env@7.8.3 want: ^1.0.1
5013 silly placeDep ROOT @csstools/postcss-hwb-function@1.0.2 OK for: postcss-preset-env@7.8.3 want: ^1.0.2
5014 silly placeDep ROOT @csstools/postcss-ic-unit@1.0.1 OK for: postcss-preset-env@7.8.3 want: ^1.0.1
5015 silly placeDep ROOT @csstools/postcss-is-pseudo-class@2.0.7 OK for: postcss-preset-env@7.8.3 want: ^2.0.7
5016 silly placeDep ROOT @csstools/postcss-nested-calc@1.0.0 OK for: postcss-preset-env@7.8.3 want: ^1.0.0
5017 silly placeDep ROOT @csstools/postcss-normalize-display-values@1.0.1 OK for: postcss-preset-env@7.8.3 want: ^1.0.1
5018 silly placeDep ROOT @csstools/postcss-oklab-function@1.1.1 OK for: postcss-preset-env@7.8.3 want: ^1.1.1
5019 silly placeDep ROOT @csstools/postcss-progressive-custom-properties@1.3.0 OK for: postcss-preset-env@7.8.3 want: ^1.3.0
5020 silly placeDep ROOT @csstools/postcss-stepped-value-functions@1.0.1 OK for: postcss-preset-env@7.8.3 want: ^1.0.1
5021 silly placeDep ROOT @csstools/postcss-text-decoration-shorthand@1.0.0 OK for: postcss-preset-env@7.8.3 want: ^1.0.0
5022 silly placeDep ROOT @csstools/postcss-trigonometric-functions@1.0.2 OK for: postcss-preset-env@7.8.3 want: ^1.0.2
5023 silly placeDep ROOT @csstools/postcss-unset-value@1.0.2 OK for: postcss-preset-env@7.8.3 want: ^1.0.2
5024 silly placeDep ROOT autoprefixer@10.4.27 OK for: postcss-preset-env@7.8.3 want: ^10.4.13
5025 silly placeDep ROOT css-blank-pseudo@3.0.3 OK for: postcss-preset-env@7.8.3 want: ^3.0.3
5026 silly placeDep ROOT css-has-pseudo@3.0.4 OK for: postcss-preset-env@7.8.3 want: ^3.0.4
5027 silly placeDep ROOT css-prefers-color-scheme@6.0.3 OK for: postcss-preset-env@7.8.3 want: ^6.0.3
5028 silly placeDep ROOT cssdb@7.11.2 OK for: postcss-preset-env@7.8.3 want: ^7.1.0
5029 silly placeDep ROOT postcss-attribute-case-insensitive@5.0.2 OK for: postcss-preset-env@7.8.3 want: ^5.0.2
5030 silly placeDep ROOT postcss-clamp@4.1.0 OK for: postcss-preset-env@7.8.3 want: ^4.1.0
5031 silly placeDep ROOT postcss-color-functional-notation@4.2.4 OK for: postcss-preset-env@7.8.3 want: ^4.2.4
5032 silly placeDep ROOT postcss-color-hex-alpha@8.0.4 OK for: postcss-preset-env@7.8.3 want: ^8.0.4
5033 silly placeDep ROOT postcss-color-rebeccapurple@7.1.1 OK for: postcss-preset-env@7.8.3 want: ^7.1.1
5034 silly placeDep ROOT postcss-custom-media@8.0.2 OK for: postcss-preset-env@7.8.3 want: ^8.0.2
5035 silly placeDep ROOT postcss-custom-properties@12.1.11 OK for: postcss-preset-env@7.8.3 want: ^12.1.10
5036 silly placeDep ROOT postcss-custom-selectors@6.0.3 OK for: postcss-preset-env@7.8.3 want: ^6.0.3
5037 silly placeDep ROOT postcss-dir-pseudo-class@6.0.5 OK for: postcss-preset-env@7.8.3 want: ^6.0.5
5038 silly placeDep ROOT postcss-double-position-gradients@3.1.2 OK for: postcss-preset-env@7.8.3 want: ^3.1.2
5039 silly placeDep ROOT postcss-env-function@4.0.6 OK for: postcss-preset-env@7.8.3 want: ^4.0.6
5040 silly placeDep ROOT postcss-focus-visible@6.0.4 OK for: postcss-preset-env@7.8.3 want: ^6.0.4
5041 silly placeDep ROOT postcss-focus-within@5.0.4 OK for: postcss-preset-env@7.8.3 want: ^5.0.4
5042 silly placeDep ROOT postcss-font-variant@5.0.0 OK for: postcss-preset-env@7.8.3 want: ^5.0.0
5043 silly placeDep ROOT postcss-gap-properties@3.0.5 OK for: postcss-preset-env@7.8.3 want: ^3.0.5
5044 silly placeDep ROOT postcss-image-set-function@4.0.7 OK for: postcss-preset-env@7.8.3 want: ^4.0.7
5045 silly placeDep ROOT postcss-initial@4.0.1 OK for: postcss-preset-env@7.8.3 want: ^4.0.1
5046 silly placeDep ROOT postcss-lab-function@4.2.1 OK for: postcss-preset-env@7.8.3 want: ^4.2.1
5047 silly placeDep ROOT postcss-logical@5.0.4 OK for: postcss-preset-env@7.8.3 want: ^5.0.4
5048 silly placeDep ROOT postcss-media-minmax@5.0.0 OK for: postcss-preset-env@7.8.3 want: ^5.0.0
5049 silly placeDep ROOT postcss-nesting@10.2.0 OK for: postcss-preset-env@7.8.3 want: ^10.2.0
5050 silly placeDep ROOT postcss-opacity-percentage@1.1.3 OK for: postcss-preset-env@7.8.3 want: ^1.1.2
5051 silly placeDep ROOT postcss-overflow-shorthand@3.0.4 OK for: postcss-preset-env@7.8.3 want: ^3.0.4
5052 silly placeDep ROOT postcss-page-break@3.0.4 OK for: postcss-preset-env@7.8.3 want: ^3.0.4
5053 silly placeDep ROOT postcss-place@7.0.5 OK for: postcss-preset-env@7.8.3 want: ^7.0.5
5054 silly placeDep ROOT postcss-pseudo-class-any-link@7.1.6 OK for: postcss-preset-env@7.8.3 want: ^7.1.6
5055 silly placeDep ROOT postcss-replace-overflow-wrap@4.0.0 OK for: postcss-preset-env@7.8.3 want: ^4.0.0
5056 silly placeDep ROOT postcss-selector-not@6.0.1 OK for: postcss-preset-env@7.8.3 want: ^6.0.1
5057 silly fetch manifest @csstools/selector-specificity@^2.0.2
5058 silly packumentCache full:https://registry.npmjs.org/@csstools%2fselector-specificity cache-miss
5059 silly fetch manifest @csstools/postcss-progressive-custom-properties@^1.1.0
5060 silly packumentCache full:https://registry.npmjs.org/@csstools%2fpostcss-progressive-custom-properties cache-hit
5061 silly fetch manifest @csstools/postcss-progressive-custom-properties@^1.1.0
5062 silly packumentCache full:https://registry.npmjs.org/@csstools%2fpostcss-progressive-custom-properties cache-hit
5063 silly fetch manifest @csstools/selector-specificity@^2.0.0
5064 silly packumentCache full:https://registry.npmjs.org/@csstools%2fselector-specificity cache-miss
5065 silly fetch manifest @csstools/postcss-progressive-custom-properties@^1.1.0
5066 silly packumentCache full:https://registry.npmjs.org/@csstools%2fpostcss-progressive-custom-properties cache-hit
5067 silly fetch manifest fraction.js@^5.3.4
5068 silly packumentCache full:https://registry.npmjs.org/fraction.js cache-miss
5069 silly fetch manifest @csstools/selector-specificity@^2.0.0
5070 silly packumentCache full:https://registry.npmjs.org/@csstools%2fselector-specificity cache-miss
5071 http cache https://registry.npmjs.org/@csstools%2fselector-specificity 16ms (cache hit)
5072 silly packumentCache full:https://registry.npmjs.org/@csstools%2fselector-specificity set size:51031 disposed:false
5073 http cache https://registry.npmjs.org/@csstools%2fselector-specificity 19ms (cache hit)
5074 silly packumentCache full:https://registry.npmjs.org/@csstools%2fselector-specificity set size:51031 disposed:false
5075 silly packumentCache full:https://registry.npmjs.org/@csstools%2fselector-specificity dispose
5076 http cache https://registry.npmjs.org/fraction.js 20ms (cache hit)
5077 silly packumentCache full:https://registry.npmjs.org/fraction.js set size:149386 disposed:false
5078 http cache https://registry.npmjs.org/@csstools%2fselector-specificity 23ms (cache hit)
5079 silly packumentCache full:https://registry.npmjs.org/@csstools%2fselector-specificity set size:51031 disposed:true
5080 silly packumentCache full:https://registry.npmjs.org/@csstools%2fselector-specificity dispose
5081 silly fetch manifest postcss-selector-parser@^6.0.10
5082 silly packumentCache full:https://registry.npmjs.org/postcss-selector-parser cache-hit
5083 silly placeDep ROOT @csstools/selector-specificity@2.2.0 OK for: @csstools/postcss-cascade-layers@1.1.1 want: ^2.0.2
5084 silly placeDep ROOT fraction.js@5.3.4 OK for: autoprefixer@10.4.27 want: ^5.3.4
5085 silly placeDep ROOT cssesc@3.0.0 OK for: postcss-selector-parser@6.1.2 want: ^3.0.0
5086 silly placeDep ROOT util-deprecate@1.0.2 OK for: postcss-selector-parser@6.1.2 want: ^1.0.2
5087 silly placeDep node_modules/postcss-svgo svgo@2.8.2 OK for: postcss-svgo@5.1.0 want: ^2.7.0
5088 silly fetch manifest sax@^1.5.0
5089 silly packumentCache full:https://registry.npmjs.org/sax cache-hit
5090 silly fetch manifest csso@^4.2.0
5091 silly packumentCache full:https://registry.npmjs.org/csso cache-hit
5092 silly fetch manifest css-tree@^1.1.3
5093 silly packumentCache full:https://registry.npmjs.org/css-tree cache-hit
5094 silly fetch manifest commander@^7.2.0
5095 silly packumentCache full:https://registry.npmjs.org/commander cache-hit
5096 silly fetch manifest css-select@^4.1.3
5097 silly packumentCache full:https://registry.npmjs.org/css-select cache-hit
5098 silly placeDep ROOT renderkid@3.0.0 OK for: pretty-error@4.0.0 want: ^3.0.0
5099 silly fetch manifest dom-converter@^0.2.0
5100 silly packumentCache full:https://registry.npmjs.org/dom-converter cache-miss
5101 silly fetch manifest htmlparser2@^6.1.0
5102 silly packumentCache full:https://registry.npmjs.org/htmlparser2 cache-miss
5103 http cache https://registry.npmjs.org/dom-converter 11ms (cache hit)
5104 silly packumentCache full:https://registry.npmjs.org/dom-converter set size:9521 disposed:false
5105 http cache https://registry.npmjs.org/htmlparser2 13ms (cache hit)
5106 silly packumentCache full:https://registry.npmjs.org/htmlparser2 set size:176911 disposed:false
5107 silly placeDep ROOT ansi-regex@5.0.1 OK for: pretty-format@27.5.1 want: ^5.0.1
5108 silly placeDep node_modules/pretty-format ansi-styles@5.2.0 OK for: pretty-format@27.5.1 want: ^5.0.0
5109 silly placeDep ROOT react-is@17.0.2 OK for: pretty-format@27.5.1 want: ^17.0.1
5110 silly placeDep ROOT kleur@3.0.3 OK for: prompts@2.4.2 want: ^3.0.3
5111 silly placeDep ROOT sisteransi@1.0.5 OK for: prompts@2.4.2 want: ^1.0.5
5112 silly placeDep ROOT core-js@3.49.0 OK for: react-app-polyfill@3.0.0 want: ^3.19.2
5113 silly placeDep ROOT object-assign@4.1.1 OK for: react-app-polyfill@3.0.0 want: ^4.1.1
5114 silly placeDep ROOT promise@8.3.0 OK for: react-app-polyfill@3.0.0 want: ^8.1.0
5115 silly placeDep ROOT raf@3.4.1 OK for: react-app-polyfill@3.0.0 want: ^3.4.1
5116 silly placeDep ROOT regenerator-runtime@0.13.11 OK for: react-app-polyfill@3.0.0 want: ^0.13.9
5117 silly placeDep ROOT whatwg-fetch@3.6.20 OK for: react-app-polyfill@3.0.0 want: ^3.6.2
5118 silly fetch manifest asap@~2.0.6
5119 silly packumentCache full:https://registry.npmjs.org/asap cache-miss
5120 silly fetch manifest performance-now@^2.1.0
5121 silly packumentCache full:https://registry.npmjs.org/performance-now cache-miss
5122 http cache https://registry.npmjs.org/performance-now 10ms (cache hit)
5123 silly packumentCache full:https://registry.npmjs.org/performance-now set size:19893 disposed:false
5124 http cache https://registry.npmjs.org/asap 12ms (cache hit)
5125 silly packumentCache full:https://registry.npmjs.org/asap set size:30968 disposed:false
5126 silly placeDep ROOT asap@2.0.6 OK for: promise@8.3.0 want: ~2.0.6
5127 silly placeDep ROOT performance-now@2.1.0 OK for: raf@3.4.1 want: ^2.1.0
5128 silly fetch manifest eslint@>= 6
5129 silly packumentCache full:https://registry.npmjs.org/eslint cache-miss
5130 http cache https://registry.npmjs.org/eslint 15ms (cache hit)
5131 silly packumentCache full:https://registry.npmjs.org/eslint set size:1976900 disposed:false
5132 silly fetch manifest typescript@>= 2.7
5133 silly packumentCache full:https://registry.npmjs.org/typescript cache-miss
5134 http cache https://registry.npmjs.org/typescript 57ms (cache hit)
5135 silly packumentCache full:https://registry.npmjs.org/typescript set size:15399465 disposed:false
5136 silly fetch manifest vue-template-compiler@*
5137 silly packumentCache full:https://registry.npmjs.org/vue-template-compiler cache-miss
5138 http cache https://registry.npmjs.org/vue-template-compiler 15ms (cache hit)
5139 silly packumentCache full:https://registry.npmjs.org/vue-template-compiler set size:335510 disposed:false
5140 silly fetch manifest webpack@>= 4
5141 silly packumentCache full:https://registry.npmjs.org/webpack cache-miss
5142 http cache https://registry.npmjs.org/webpack 33ms (cache hit)
5143 silly packumentCache full:https://registry.npmjs.org/webpack set size:4994278 disposed:false
5144 silly placeDep ROOT address@1.2.2 OK for: react-dev-utils@12.0.1 want: ^1.1.2
5145 silly placeDep ROOT detect-port-alt@1.1.6 OK for: react-dev-utils@12.0.1 want: ^1.1.6
5146 silly placeDep ROOT filesize@8.0.7 OK for: react-dev-utils@12.0.1 want: ^8.0.6
5147 silly placeDep node_modules/react-dev-utils find-up@5.0.0 OK for: react-dev-utils@12.0.1 want: ^5.0.0
5148 silly placeDep ROOT fork-ts-checker-webpack-plugin@6.5.3 OK for: react-dev-utils@12.0.1 want: ^6.5.0
5149 silly placeDep ROOT global-modules@2.0.0 OK for: react-dev-utils@12.0.1 want: ^2.0.0
5150 silly placeDep ROOT gzip-size@6.0.0 OK for: react-dev-utils@12.0.1 want: ^6.0.0
5151 silly placeDep ROOT immer@9.0.21 OK for: react-dev-utils@12.0.1 want: ^9.0.7
5152 silly placeDep ROOT is-root@2.1.0 OK for: react-dev-utils@12.0.1 want: ^2.1.0
5153 silly placeDep node_modules/react-dev-utils loader-utils@3.3.1 OK for: react-dev-utils@12.0.1 want: ^3.2.0
5154 silly placeDep ROOT open@8.4.2 OK for: react-dev-utils@12.0.1 want: ^8.4.0
5155 silly placeDep ROOT pkg-up@3.1.0 OK for: react-dev-utils@12.0.1 want: ^3.1.0
5156 silly placeDep ROOT react-error-overlay@6.1.0 OK for: react-dev-utils@12.0.1 want: ^6.0.11
5157 silly placeDep ROOT recursive-readdir@2.2.3 OK for: react-dev-utils@12.0.1 want: ^2.2.2
5158 silly placeDep ROOT shell-quote@1.8.3 OK for: react-dev-utils@12.0.1 want: ^1.7.3
5159 silly fetch manifest debug@^2.6.0
5160 silly packumentCache full:https://registry.npmjs.org/debug cache-hit
5161 silly fetch manifest memfs@^3.1.2
5162 silly packumentCache full:https://registry.npmjs.org/memfs cache-miss
5163 silly fetch manifest tapable@^1.0.0
5164 silly packumentCache full:https://registry.npmjs.org/tapable cache-hit
5165 silly fetch manifest chokidar@^3.4.2
5166 silly packumentCache full:https://registry.npmjs.org/chokidar cache-hit
5167 silly fetch manifest fs-extra@^9.0.0
5168 silly packumentCache full:https://registry.npmjs.org/fs-extra cache-hit
5169 silly fetch manifest cosmiconfig@^6.0.0
5170 silly packumentCache full:https://registry.npmjs.org/cosmiconfig cache-hit
5171 silly fetch manifest schema-utils@2.7.0
5172 silly packumentCache full:https://registry.npmjs.org/schema-utils cache-hit
5173 silly fetch manifest global-prefix@^3.0.0
5174 silly packumentCache full:https://registry.npmjs.org/global-prefix cache-miss
5175 silly fetch manifest duplexer@^0.1.2
5176 silly packumentCache full:https://registry.npmjs.org/duplexer cache-miss
5177 silly fetch manifest is-wsl@^2.2.0
5178 silly packumentCache full:https://registry.npmjs.org/is-wsl cache-miss
5179 silly fetch manifest is-docker@^2.1.1
5180 silly packumentCache full:https://registry.npmjs.org/is-docker cache-miss
5181 silly fetch manifest define-lazy-prop@^2.0.0
5182 silly packumentCache full:https://registry.npmjs.org/define-lazy-prop cache-miss
5183 silly fetch manifest find-up@^3.0.0
5184 silly packumentCache full:https://registry.npmjs.org/find-up cache-hit
5185 http cache https://registry.npmjs.org/global-prefix 28ms (cache hit)
5186 silly packumentCache full:https://registry.npmjs.org/global-prefix set size:28947 disposed:false
5187 http cache https://registry.npmjs.org/define-lazy-prop 24ms (cache hit)
5188 silly packumentCache full:https://registry.npmjs.org/define-lazy-prop set size:9337 disposed:false
5189 http cache https://registry.npmjs.org/duplexer 31ms (cache hit)
5190 silly packumentCache full:https://registry.npmjs.org/duplexer set size:17171 disposed:false
5191 http cache https://registry.npmjs.org/is-wsl 33ms (cache hit)
5192 silly packumentCache full:https://registry.npmjs.org/is-wsl set size:20683 disposed:false
5193 http cache https://registry.npmjs.org/memfs 41ms (cache hit)
5194 silly packumentCache full:https://registry.npmjs.org/memfs set size:840081 disposed:false
5195 http cache https://registry.npmjs.org/is-docker 49ms (cache hit)
5196 silly packumentCache full:https://registry.npmjs.org/is-docker set size:23690 disposed:false
5197 silly placeDep node_modules/detect-port-alt debug@2.6.9 OK for: detect-port-alt@1.1.6 want: ^2.6.0
5198 silly fetch manifest ms@2.0.0
5199 silly packumentCache full:https://registry.npmjs.org/ms cache-hit
5200 silly placeDep ROOT chokidar@3.6.0 OK for: fork-ts-checker-webpack-plugin@6.5.3 want: ^3.4.2
5201 silly placeDep node_modules/fork-ts-checker-webpack-plugin cosmiconfig@6.0.0 OK for: fork-ts-checker-webpack-plugin@6.5.3 want: ^6.0.0
5202 silly placeDep node_modules/fork-ts-checker-webpack-plugin fs-extra@9.1.0 OK for: fork-ts-checker-webpack-plugin@6.5.3 want: ^9.0.0
5203 silly placeDep ROOT memfs@3.5.3 OK for: fork-ts-checker-webpack-plugin@6.5.3 want: ^3.1.2
5204 silly placeDep node_modules/fork-ts-checker-webpack-plugin schema-utils@2.7.0 OK for: fork-ts-checker-webpack-plugin@6.5.3 want: 2.7.0
5205 silly placeDep node_modules/fork-ts-checker-webpack-plugin tapable@1.1.3 OK for: fork-ts-checker-webpack-plugin@6.5.3 want: ^1.0.0
5206 silly fetch manifest readdirp@~3.6.0
5207 silly packumentCache full:https://registry.npmjs.org/readdirp cache-miss
5208 silly fetch manifest glob-parent@~5.1.2
5209 silly packumentCache full:https://registry.npmjs.org/glob-parent cache-hit
5210 silly fetch manifest is-binary-path@~2.1.0
5211 silly packumentCache full:https://registry.npmjs.org/is-binary-path cache-miss
5212 silly fetch manifest at-least-node@^1.0.0
5213 silly packumentCache full:https://registry.npmjs.org/at-least-node cache-miss
5214 silly fetch manifest fs-monkey@^1.0.4
5215 silly packumentCache full:https://registry.npmjs.org/fs-monkey cache-miss
5216 silly fetch manifest ajv-keywords@^3.4.1
5217 silly packumentCache full:https://registry.npmjs.org/ajv-keywords cache-hit
5218 http cache https://registry.npmjs.org/fs-monkey 28ms (cache hit)
5219 silly packumentCache full:https://registry.npmjs.org/fs-monkey set size:50154 disposed:false
5220 http cache https://registry.npmjs.org/readdirp 36ms (cache hit)
5221 silly packumentCache full:https://registry.npmjs.org/readdirp set size:107589 disposed:false
5222 http cache https://registry.npmjs.org/is-binary-path 38ms (cache hit)
5223 silly packumentCache full:https://registry.npmjs.org/is-binary-path set size:13475 disposed:false
5224 http cache https://registry.npmjs.org/at-least-node 37ms (cache hit)
5225 silly packumentCache full:https://registry.npmjs.org/at-least-node set size:4075 disposed:false
5226 silly placeDep node_modules/chokidar glob-parent@5.1.2 OK for: chokidar@3.6.0 want: ~5.1.2
5227 silly placeDep ROOT is-binary-path@2.1.0 OK for: chokidar@3.6.0 want: ~2.1.0
5228 silly placeDep ROOT readdirp@3.6.0 OK for: chokidar@3.6.0 want: ~3.6.0
5229 silly fetch manifest binary-extensions@^2.0.0
5230 silly packumentCache full:https://registry.npmjs.org/binary-extensions cache-miss
5231 http cache https://registry.npmjs.org/binary-extensions 19ms (cache hit)
5232 silly packumentCache full:https://registry.npmjs.org/binary-extensions set size:51551 disposed:false
5233 silly placeDep ROOT global-prefix@3.0.0 OK for: global-modules@2.0.0 want: ^3.0.0
5234 silly fetch manifest ini@^1.3.5
5235 silly packumentCache full:https://registry.npmjs.org/ini cache-miss
5236 silly fetch manifest which@^1.3.1
5237 silly packumentCache full:https://registry.npmjs.org/which cache-hit
5238 silly fetch manifest kind-of@^6.0.2
5239 silly packumentCache full:https://registry.npmjs.org/kind-of cache-miss
5240 http cache https://registry.npmjs.org/kind-of 13ms (cache hit)
5241 silly packumentCache full:https://registry.npmjs.org/kind-of set size:70901 disposed:false
5242 http cache https://registry.npmjs.org/ini 17ms (cache hit)
5243 silly packumentCache full:https://registry.npmjs.org/ini set size:56961 disposed:false
5244 silly placeDep ROOT ini@1.3.8 OK for: global-prefix@3.0.0 want: ^1.3.5
5245 silly placeDep ROOT kind-of@6.0.3 OK for: global-prefix@3.0.0 want: ^6.0.2
5246 silly placeDep node_modules/global-prefix which@1.3.1 OK for: global-prefix@3.0.0 want: ^1.3.1
5247 silly placeDep ROOT duplexer@0.1.2 OK for: gzip-size@6.0.0 want: ^0.1.2
5248 silly placeDep ROOT binary-extensions@2.3.0 OK for: is-binary-path@2.1.0 want: ^2.0.0
5249 silly placeDep ROOT fs-monkey@1.1.0 OK for: memfs@3.5.3 want: ^1.0.4
5250 silly placeDep ROOT define-lazy-prop@2.0.0 OK for: open@8.4.2 want: ^2.0.0
5251 silly placeDep ROOT is-docker@2.2.1 OK for: open@8.4.2 want: ^2.1.1
5252 silly placeDep ROOT is-wsl@2.2.0 OK for: open@8.4.2 want: ^2.2.0
5253 silly placeDep node_modules/pkg-up find-up@3.0.0 OK for: pkg-up@3.1.0 want: ^3.0.0
5254 silly fetch manifest locate-path@^3.0.0
5255 silly packumentCache full:https://registry.npmjs.org/locate-path cache-hit
5256 silly placeDep ROOT typescript@4.9.5 REPLACE for: react-scripts@5.0.1 want: ^3.2.1 || ^4
5257 silly placeDep ROOT set-function-name@2.0.2 OK for: regexp.prototype.flags@1.5.4 want: ^2.0.2
5258 silly placeDep ROOT regenerate@1.4.2 OK for: regexpu-core@6.4.0 want: ^1.4.2
5259 silly placeDep ROOT regenerate-unicode-properties@10.2.2 OK for: regexpu-core@6.4.0 want: ^10.2.2
5260 silly placeDep ROOT regjsgen@0.8.0 OK for: regexpu-core@6.4.0 want: ^0.8.0
5261 silly placeDep ROOT regjsparser@0.13.1 OK for: regexpu-core@6.4.0 want: ^0.13.0
5262 silly placeDep ROOT unicode-match-property-ecmascript@2.0.0 OK for: regexpu-core@6.4.0 want: ^2.0.0
5263 silly placeDep ROOT unicode-match-property-value-ecmascript@2.2.1 OK for: regexpu-core@6.4.0 want: ^2.2.1
5264 silly fetch manifest unicode-canonical-property-names-ecmascript@^2.0.0
5265 silly packumentCache full:https://registry.npmjs.org/unicode-canonical-property-names-ecmascript cache-miss
5266 silly fetch manifest unicode-property-aliases-ecmascript@^2.0.0
5267 silly packumentCache full:https://registry.npmjs.org/unicode-property-aliases-ecmascript cache-miss
5268 http cache https://registry.npmjs.org/unicode-canonical-property-names-ecmascript 12ms (cache hit)
5269 silly packumentCache full:https://registry.npmjs.org/unicode-canonical-property-names-ecmascript set size:17227 disposed:false
5270 http cache https://registry.npmjs.org/unicode-property-aliases-ecmascript 13ms (cache hit)
5271 silly packumentCache full:https://registry.npmjs.org/unicode-property-aliases-ecmascript set size:28095 disposed:false
5272 silly placeDep ROOT css-select@4.3.0 OK for: renderkid@3.0.0 want: ^4.1.3
5273 silly placeDep ROOT dom-converter@0.2.0 OK for: renderkid@3.0.0 want: ^0.2.0
5274 silly placeDep ROOT htmlparser2@6.1.0 OK for: renderkid@3.0.0 want: ^6.1.0
5275 silly fetch manifest boolbase@^1.0.0
5276 silly packumentCache full:https://registry.npmjs.org/boolbase cache-miss
5277 silly fetch manifest css-what@^6.0.1
5278 silly packumentCache full:https://registry.npmjs.org/css-what cache-miss
5279 silly fetch manifest domutils@^2.8.0
5280 silly packumentCache full:https://registry.npmjs.org/domutils cache-miss
5281 silly fetch manifest nth-check@^2.0.1
5282 silly packumentCache full:https://registry.npmjs.org/nth-check cache-miss
5283 silly fetch manifest domhandler@^4.3.1
5284 silly packumentCache full:https://registry.npmjs.org/domhandler cache-miss
5285 silly fetch manifest utila@~0.4
5286 silly packumentCache full:https://registry.npmjs.org/utila cache-miss
5287 silly fetch manifest domutils@^2.5.2
5288 silly packumentCache full:https://registry.npmjs.org/domutils cache-miss
5289 silly fetch manifest entities@^2.0.0
5290 silly packumentCache full:https://registry.npmjs.org/entities cache-miss
5291 silly fetch manifest domhandler@^4.0.0
5292 silly packumentCache full:https://registry.npmjs.org/domhandler cache-miss
5293 silly fetch manifest domelementtype@^2.0.1
5294 silly packumentCache full:https://registry.npmjs.org/domelementtype cache-miss
5295 http cache https://registry.npmjs.org/domutils 30ms (cache hit)
5296 silly packumentCache full:https://registry.npmjs.org/domutils set size:110068 disposed:false
5297 http cache https://registry.npmjs.org/boolbase 36ms (cache hit)
5298 silly packumentCache full:https://registry.npmjs.org/boolbase set size:4438 disposed:false
5299 http cache https://registry.npmjs.org/domhandler 35ms (cache hit)
5300 silly packumentCache full:https://registry.npmjs.org/domhandler set size:78187 disposed:false
5301 http cache https://registry.npmjs.org/css-what 39ms (cache hit)
5302 silly packumentCache full:https://registry.npmjs.org/css-what set size:81721 disposed:false
5303 http cache https://registry.npmjs.org/utila 39ms (cache hit)
5304 silly packumentCache full:https://registry.npmjs.org/utila set size:12722 disposed:false
5305 http cache https://registry.npmjs.org/domhandler 40ms (cache hit)
5306 silly packumentCache full:https://registry.npmjs.org/domhandler set size:78187 disposed:false
5307 silly packumentCache full:https://registry.npmjs.org/domhandler dispose
5308 http cache https://registry.npmjs.org/nth-check 43ms (cache hit)
5309 silly packumentCache full:https://registry.npmjs.org/nth-check set size:27445 disposed:false
5310 http cache https://registry.npmjs.org/domelementtype 42ms (cache hit)
5311 silly packumentCache full:https://registry.npmjs.org/domelementtype set size:33363 disposed:false
5312 http cache https://registry.npmjs.org/entities 45ms (cache hit)
5313 silly packumentCache full:https://registry.npmjs.org/entities set size:101550 disposed:false
5314 http cache https://registry.npmjs.org/domutils 51ms (cache hit)
5315 silly packumentCache full:https://registry.npmjs.org/domutils set size:110068 disposed:false
5316 silly packumentCache full:https://registry.npmjs.org/domutils dispose
5317 silly placeDep ROOT boolbase@1.0.0 OK for: css-select@4.3.0 want: ^1.0.0
5318 silly placeDep ROOT css-what@6.2.2 OK for: css-select@4.3.0 want: ^6.0.1
5319 silly placeDep ROOT domhandler@4.3.1 OK for: css-select@4.3.0 want: ^4.3.1
5320 silly placeDep ROOT domutils@2.8.0 OK for: css-select@4.3.0 want: ^2.8.0
5321 silly placeDep ROOT nth-check@2.1.1 OK for: css-select@4.3.0 want: ^2.0.1
5322 silly fetch manifest domelementtype@^2.2.0
5323 silly packumentCache full:https://registry.npmjs.org/domelementtype cache-hit
5324 silly fetch manifest dom-serializer@^1.0.1
5325 silly packumentCache full:https://registry.npmjs.org/dom-serializer cache-miss
5326 silly fetch manifest domelementtype@^2.2.0
5327 silly packumentCache full:https://registry.npmjs.org/domelementtype cache-hit
5328 http cache https://registry.npmjs.org/dom-serializer 9ms (cache hit)
5329 silly packumentCache full:https://registry.npmjs.org/dom-serializer set size:55186 disposed:false
5330 silly placeDep ROOT utila@0.4.0 OK for: dom-converter@0.2.0 want: ~0.4
5331 silly placeDep ROOT domelementtype@2.3.0 OK for: domhandler@4.3.1 want: ^2.2.0
5332 silly placeDep ROOT dom-serializer@1.4.1 OK for: domutils@2.8.0 want: ^1.0.1
5333 silly placeDep ROOT entities@2.2.0 OK for: dom-serializer@1.4.1 want: ^2.0.0
5334 silly placeDep ROOT path-parse@1.0.7 OK for: resolve@1.22.11 want: ^1.0.7
5335 silly placeDep ROOT supports-preserve-symlinks-flag@1.0.0 OK for: resolve@1.22.11 want: ^1.0.0
5336 silly placeDep ROOT adjust-sourcemap-loader@4.0.0 OK for: resolve-url-loader@4.0.0 want: ^4.0.0
5337 silly placeDep node_modules/resolve-url-loader convert-source-map@1.9.0 OK for: resolve-url-loader@4.0.0 want: ^1.7.0
5338 silly placeDep node_modules/resolve-url-loader postcss@7.0.39 OK for: resolve-url-loader@4.0.0 want: ^7.0.35
5339 silly placeDep node_modules/resolve-url-loader source-map@0.6.1 OK for: resolve-url-loader@4.0.0 want: 0.6.1
5340 silly fetch manifest regex-parser@^2.2.11
5341 silly packumentCache full:https://registry.npmjs.org/regex-parser cache-miss
5342 silly fetch manifest picocolors@^0.2.1
5343 silly packumentCache full:https://registry.npmjs.org/picocolors cache-hit
5344 http cache https://registry.npmjs.org/regex-parser 8ms (cache hit)
5345 silly packumentCache full:https://registry.npmjs.org/regex-parser set size:36012 disposed:false
5346 silly placeDep ROOT regex-parser@2.3.1 OK for: adjust-sourcemap-loader@4.0.0 want: ^2.2.11
5347 silly placeDep ROOT queue-microtask@1.2.3 OK for: run-parallel@1.2.0 want: ^1.2.2
5348 silly placeDep ROOT isarray@2.0.5 OK for: safe-array-concat@1.1.3 want: ^2.0.5
5349 silly placeDep ROOT neo-async@2.6.2 OK for: sass-loader@12.6.0 want: ^2.6.2
5350 silly placeDep ROOT xmlchars@2.2.0 OK for: saxes@5.0.1 want: ^2.2.0
5351 silly placeDep node_modules/schema-utils ajv@8.18.0 OK for: schema-utils@4.3.3 want: ^8.9.0
5352 silly placeDep ROOT ajv-formats@2.1.1 OK for: schema-utils@4.3.3 want: ^2.1.1
5353 silly placeDep node_modules/schema-utils ajv-keywords@5.1.0 OK for: schema-utils@4.3.3 want: ^5.1.0
5354 silly fetch manifest fast-uri@^3.0.1
5355 silly packumentCache full:https://registry.npmjs.org/fast-uri cache-miss
5356 silly fetch manifest require-from-string@^2.0.2
5357 silly packumentCache full:https://registry.npmjs.org/require-from-string cache-miss
5358 silly fetch manifest json-schema-traverse@^1.0.0
5359 silly packumentCache full:https://registry.npmjs.org/json-schema-traverse cache-hit
5360 silly fetch manifest ajv@^8.0.0
5361 silly packumentCache full:https://registry.npmjs.org/ajv cache-miss
5362 http cache https://registry.npmjs.org/require-from-string 10ms (cache hit)
5363 silly packumentCache full:https://registry.npmjs.org/require-from-string set size:15128 disposed:false
5364 http cache https://registry.npmjs.org/ajv 13ms (cache hit)
5365 silly packumentCache full:https://registry.npmjs.org/ajv set size:1120197 disposed:false
5366 http cache https://registry.npmjs.org/fast-uri 21ms (cache hit)
5367 silly packumentCache full:https://registry.npmjs.org/fast-uri set size:61472 disposed:false
5368 silly placeDep node_modules/ajv-formats ajv@8.18.0 OK for: ajv-formats@2.1.1 want: ^8.0.0
5369 silly placeDep ROOT randombytes@2.1.0 OK for: serialize-javascript@6.0.2 want: ^2.1.0
5370 silly fetch manifest safe-buffer@^5.1.0
5371 silly packumentCache full:https://registry.npmjs.org/safe-buffer cache-miss
5372 http cache https://registry.npmjs.org/safe-buffer 9ms (cache hit)
5373 silly packumentCache full:https://registry.npmjs.org/safe-buffer set size:41183 disposed:false
5374 silly placeDep ROOT safe-buffer@5.2.1 OK for: randombytes@2.1.0 want: ^5.1.0
5375 silly placeDep ROOT shebang-regex@3.0.0 OK for: shebang-command@2.0.0 want: ^3.0.0
5376 silly placeDep ROOT side-channel-list@1.0.1 OK for: side-channel@1.1.0 want: ^1.0.0
5377 silly placeDep ROOT side-channel-map@1.0.1 OK for: side-channel@1.1.0 want: ^1.0.1
5378 silly placeDep ROOT side-channel-weakmap@1.0.2 OK for: side-channel@1.1.0 want: ^1.0.2
5379 silly placeDep ROOT iconv-lite@0.6.3 OK for: source-map-loader@3.0.2 want: ^0.6.3
5380 silly fetch manifest safer-buffer@>= 2.1.2 < 3.0.0
5381 silly packumentCache full:https://registry.npmjs.org/safer-buffer cache-miss
5382 http cache https://registry.npmjs.org/safer-buffer 8ms (cache hit)
5383 silly packumentCache full:https://registry.npmjs.org/safer-buffer set size:18521 disposed:false
5384 silly placeDep ROOT safer-buffer@2.1.2 OK for: iconv-lite@0.6.3 want: >= 2.1.2 < 3.0.0
5385 silly placeDep ROOT buffer-from@1.1.2 OK for: source-map-support@0.5.21 want: ^1.0.0
5386 silly placeDep node_modules/source-map-support source-map@0.6.1 OK for: source-map-support@0.5.21 want: ^0.6.0
5387 silly placeDep node_modules/stack-utils escape-string-regexp@2.0.0 OK for: stack-utils@2.0.6 want: ^2.0.0
5388 silly placeDep ROOT char-regex@1.0.2 OK for: string-length@4.0.2 want: ^1.0.2
5389 silly placeDep ROOT has-flag@4.0.0 OK for: supports-color@7.2.0 want: ^4.0.0
5390 silly placeDep node_modules/svgo chalk@2.4.2 OK for: svgo@1.3.2 want: ^2.4.1
5391 silly placeDep ROOT coa@2.0.2 OK for: svgo@1.3.2 want: ^2.0.2
5392 silly placeDep node_modules/svgo css-select@2.1.0 OK for: svgo@1.3.2 want: ^2.0.0
5393 silly placeDep ROOT css-select-base-adapter@0.1.1 OK for: svgo@1.3.2 want: ^0.1.1
5394 silly placeDep ROOT css-tree@1.0.0-alpha.37 OK for: svgo@1.3.2 want: 1.0.0-alpha.37
5395 silly placeDep ROOT csso@4.2.0 OK for: svgo@1.3.2 want: ^4.0.2
5396 silly placeDep ROOT mkdirp@0.5.6 OK for: svgo@1.3.2 want: ~0.5.1
5397 silly placeDep ROOT sax@1.2.4 OK for: svgo@1.3.2 want: ~1.2.4
5398 silly placeDep ROOT stable@0.1.8 OK for: svgo@1.3.2 want: ^0.1.8
5399 silly placeDep ROOT unquote@1.1.1 OK for: svgo@1.3.2 want: ~1.1.1
5400 silly placeDep ROOT util.promisify@1.0.1 OK for: svgo@1.3.2 want: ~1.0.0
5401 silly fetch manifest ansi-styles@^3.2.1
5402 silly packumentCache full:https://registry.npmjs.org/ansi-styles cache-hit
5403 silly fetch manifest supports-color@^5.3.0
5404 silly packumentCache full:https://registry.npmjs.org/supports-color cache-hit
5405 silly fetch manifest escape-string-regexp@^1.0.5
5406 silly packumentCache full:https://registry.npmjs.org/escape-string-regexp cache-hit
5407 silly fetch manifest @types/q@^1.5.1
5408 silly packumentCache full:https://registry.npmjs.org/@types%2fq cache-miss
5409 silly fetch manifest q@^1.1.2
5410 silly packumentCache full:https://registry.npmjs.org/q cache-miss
5411 silly fetch manifest css-what@^3.2.1
5412 silly packumentCache full:https://registry.npmjs.org/css-what cache-hit
5413 silly fetch manifest domutils@^1.7.0
5414 silly packumentCache full:https://registry.npmjs.org/domutils cache-hit
5415 silly fetch manifest nth-check@^1.0.2
5416 silly packumentCache full:https://registry.npmjs.org/nth-check cache-hit
5417 silly fetch manifest mdn-data@2.0.4
5418 silly packumentCache full:https://registry.npmjs.org/mdn-data cache-miss
5419 silly fetch manifest css-tree@^1.1.2
5420 silly packumentCache full:https://registry.npmjs.org/css-tree cache-hit
5421 silly fetch manifest object.getownpropertydescriptors@^2.1.0
5422 silly packumentCache full:https://registry.npmjs.org/object.getownpropertydescriptors cache-miss
5423 http cache https://registry.npmjs.org/q 18ms (cache hit)
5424 silly packumentCache full:https://registry.npmjs.org/q set size:203226 disposed:false
5425 http cache https://registry.npmjs.org/mdn-data 20ms (cache hit)
5426 silly packumentCache full:https://registry.npmjs.org/mdn-data set size:172326 disposed:false
5427 http cache https://registry.npmjs.org/@types%2fq 23ms (cache hit)
5428 silly packumentCache full:https://registry.npmjs.org/@types%2fq set size:70033 disposed:false
5429 http cache https://registry.npmjs.org/object.getownpropertydescriptors 20ms (cache hit)
5430 silly packumentCache full:https://registry.npmjs.org/object.getownpropertydescriptors set size:65961 disposed:false
5431 silly placeDep ROOT @types/q@1.5.8 OK for: coa@2.0.2 want: ^1.5.1
5432 silly placeDep node_modules/coa chalk@2.4.2 OK for: coa@2.0.2 want: ^2.4.1
5433 silly placeDep ROOT q@1.5.1 OK for: coa@2.0.2 want: ^1.1.2
5434 silly placeDep ROOT mdn-data@2.0.4 OK for: css-tree@1.0.0-alpha.37 want: 2.0.4
5435 silly placeDep node_modules/css-tree source-map@0.6.1 OK for: css-tree@1.0.0-alpha.37 want: ^0.6.1
5436 silly placeDep node_modules/csso css-tree@1.1.3 OK for: csso@4.2.0 want: ^1.1.2
5437 silly fetch manifest mdn-data@2.0.14
5438 silly packumentCache full:https://registry.npmjs.org/mdn-data cache-hit
5439 silly placeDep ROOT minimist@1.2.8 OK for: mkdirp@0.5.6 want: ^1.2.6
5440 silly fetch manifest postcss@^8.4.47
5441 silly packumentCache full:https://registry.npmjs.org/postcss cache-hit
5442 silly fetch manifest tsx@^4.8.1
5443 silly packumentCache full:https://registry.npmjs.org/tsx cache-miss
5444 http cache https://registry.npmjs.org/tsx 9ms (cache hit)
5445 silly packumentCache full:https://registry.npmjs.org/tsx set size:289592 disposed:false
5446 silly fetch manifest yaml@^2.4.2
5447 silly packumentCache full:https://registry.npmjs.org/yaml cache-hit
5448 silly placeDep ROOT @alloc/quick-lru@5.2.0 OK for: tailwindcss@3.4.19 want: ^5.2.0
5449 silly placeDep ROOT arg@5.0.2 OK for: tailwindcss@3.4.19 want: ^5.0.2
5450 silly placeDep ROOT didyoumean@1.2.2 OK for: tailwindcss@3.4.19 want: ^1.2.2
5451 silly placeDep ROOT dlv@1.1.3 OK for: tailwindcss@3.4.19 want: ^1.1.3
5452 silly placeDep ROOT jiti@1.21.7 OK for: tailwindcss@3.4.19 want: ^1.21.7
5453 silly placeDep node_modules/tailwindcss lilconfig@3.1.3 OK for: tailwindcss@3.4.19 want: ^3.1.3
5454 silly placeDep ROOT object-hash@3.0.0 OK for: tailwindcss@3.4.19 want: ^3.0.0
5455 silly placeDep ROOT postcss-import@15.1.0 OK for: tailwindcss@3.4.19 want: ^15.1.0
5456 silly placeDep ROOT postcss-js@4.1.0 OK for: tailwindcss@3.4.19 want: ^4.0.1
5457 silly placeDep node_modules/tailwindcss postcss-load-config@6.0.1 OK for: tailwindcss@3.4.19 want: ^4.0.2 || ^5.0 || ^6.0
5458 silly placeDep node_modules/tailwindcss yaml@2.8.3 OK for: postcss-load-config@6.0.1 want: ^2.4.2
5459 silly placeDep ROOT postcss-nested@6.2.0 OK for: tailwindcss@3.4.19 want: ^6.2.0
5460 silly placeDep ROOT sucrase@3.35.1 OK for: tailwindcss@3.4.19 want: ^3.35.0
5461 silly fetch manifest read-cache@^1.0.0
5462 silly packumentCache full:https://registry.npmjs.org/read-cache cache-miss
5463 silly fetch manifest camelcase-css@^2.0.1
5464 silly packumentCache full:https://registry.npmjs.org/camelcase-css cache-miss
5465 silly fetch manifest commander@^4.0.0
5466 silly packumentCache full:https://registry.npmjs.org/commander cache-hit
5467 silly fetch manifest mz@^2.7.0
5468 silly packumentCache full:https://registry.npmjs.org/mz cache-miss
5469 silly fetch manifest tinyglobby@^0.2.11
5470 silly packumentCache full:https://registry.npmjs.org/tinyglobby cache-miss
5471 silly fetch manifest ts-interface-checker@^0.1.9
5472 silly packumentCache full:https://registry.npmjs.org/ts-interface-checker cache-miss
5473 http cache https://registry.npmjs.org/read-cache 20ms (cache hit)
5474 silly packumentCache full:https://registry.npmjs.org/read-cache set size:3003 disposed:false
5475 http cache https://registry.npmjs.org/mz 20ms (cache hit)
5476 silly packumentCache full:https://registry.npmjs.org/mz set size:42731 disposed:false
5477 http cache https://registry.npmjs.org/tinyglobby 21ms (cache hit)
5478 silly packumentCache full:https://registry.npmjs.org/tinyglobby set size:52660 disposed:false
5479 http cache https://registry.npmjs.org/camelcase-css 24ms (cache hit)
5480 silly packumentCache full:https://registry.npmjs.org/camelcase-css set size:9392 disposed:false
5481 http cache https://registry.npmjs.org/ts-interface-checker 23ms (cache hit)
5482 silly packumentCache full:https://registry.npmjs.org/ts-interface-checker set size:58946 disposed:false
5483 silly placeDep ROOT read-cache@1.0.0 OK for: postcss-import@15.1.0 want: ^1.0.0
5484 silly fetch manifest pify@^2.3.0
5485 silly packumentCache full:https://registry.npmjs.org/pify cache-miss
5486 http cache https://registry.npmjs.org/pify 10ms (cache hit)
5487 silly packumentCache full:https://registry.npmjs.org/pify set size:33583 disposed:false
5488 silly placeDep ROOT camelcase-css@2.0.1 OK for: postcss-js@4.1.0 want: ^2.0.1
5489 silly placeDep ROOT pify@2.3.0 OK for: read-cache@1.0.0 want: ^2.3.0
5490 silly placeDep node_modules/sucrase commander@4.1.1 OK for: sucrase@3.35.1 want: ^4.0.0
5491 silly placeDep ROOT mz@2.7.0 OK for: sucrase@3.35.1 want: ^2.7.0
5492 silly placeDep ROOT tinyglobby@0.2.16 OK for: sucrase@3.35.1 want: ^0.2.11
5493 silly placeDep ROOT ts-interface-checker@0.1.13 OK for: sucrase@3.35.1 want: ^0.1.9
5494 silly fetch manifest any-promise@^1.0.0
5495 silly packumentCache full:https://registry.npmjs.org/any-promise cache-miss
5496 silly fetch manifest thenify-all@^1.0.0
5497 silly packumentCache full:https://registry.npmjs.org/thenify-all cache-miss
5498 silly fetch manifest fdir@^6.5.0
5499 silly packumentCache full:https://registry.npmjs.org/fdir cache-miss
5500 silly fetch manifest picomatch@^4.0.4
5501 silly packumentCache full:https://registry.npmjs.org/picomatch cache-hit
5502 http cache https://registry.npmjs.org/thenify-all 12ms (cache hit)
5503 silly packumentCache full:https://registry.npmjs.org/thenify-all set size:18488 disposed:false
5504 http cache https://registry.npmjs.org/any-promise 13ms (cache hit)
5505 silly packumentCache full:https://registry.npmjs.org/any-promise set size:20233 disposed:false
5506 http cache https://registry.npmjs.org/fdir 15ms (cache hit)
5507 silly packumentCache full:https://registry.npmjs.org/fdir set size:136182 disposed:false
5508 silly placeDep ROOT any-promise@1.3.0 OK for: mz@2.7.0 want: ^1.0.0
5509 silly placeDep ROOT thenify-all@1.6.0 OK for: mz@2.7.0 want: ^1.0.0
5510 silly fetch manifest thenify@>= 3.1.0 < 4
5511 silly packumentCache full:https://registry.npmjs.org/thenify cache-miss
5512 http cache https://registry.npmjs.org/thenify 10ms (cache hit)
5513 silly packumentCache full:https://registry.npmjs.org/thenify set size:21379 disposed:false
5514 silly placeDep ROOT supports-hyperlinks@2.3.0 OK for: terminal-link@2.1.1 want: ^2.0.0
5515 silly placeDep ROOT @jridgewell/source-map@0.3.11 OK for: terser@5.46.1 want: ^0.3.3
5516 silly placeDep node_modules/terser commander@2.20.3 OK for: terser@5.46.1 want: ^2.20.0
5517 silly placeDep ROOT thenify@3.3.1 OK for: thenify-all@1.6.0 want: >= 3.1.0 < 4
5518 silly placeDep node_modules/tinyglobby fdir@6.5.0 OK for: tinyglobby@0.2.16 want: ^6.5.0
5519 silly placeDep node_modules/tinyglobby picomatch@4.0.4 OK for: fdir@6.5.0 want: ^3 || ^4
5520 silly placeDep ROOT is-number@7.0.0 OK for: to-regex-range@5.0.1 want: ^7.0.0
5521 silly placeDep ROOT psl@1.15.0 OK for: tough-cookie@4.1.4 want: ^1.1.33
5522 silly placeDep ROOT punycode@2.3.1 OK for: tough-cookie@4.1.4 want: ^2.1.1
5523 silly placeDep node_modules/tough-cookie universalify@0.2.0 OK for: tough-cookie@4.1.4 want: ^0.2.0
5524 silly placeDep ROOT url-parse@1.5.10 OK for: tough-cookie@4.1.4 want: ^1.5.3
5525 silly fetch manifest punycode@^2.3.1
5526 silly packumentCache full:https://registry.npmjs.org/punycode cache-hit
5527 silly fetch manifest querystringify@^2.1.1
5528 silly packumentCache full:https://registry.npmjs.org/querystringify cache-miss
5529 silly fetch manifest requires-port@^1.0.0
5530 silly packumentCache full:https://registry.npmjs.org/requires-port cache-miss
5531 http cache https://registry.npmjs.org/requires-port 11ms (cache hit)
5532 silly packumentCache full:https://registry.npmjs.org/requires-port set size:8110 disposed:false
5533 http cache https://registry.npmjs.org/querystringify 14ms (cache hit)
5534 silly packumentCache full:https://registry.npmjs.org/querystringify set size:25075 disposed:false
5535 silly placeDep ROOT @types/json5@0.0.29 OK for: tsconfig-paths@3.15.0 want: ^0.0.29
5536 silly placeDep node_modules/tsconfig-paths json5@1.0.2 OK for: tsconfig-paths@3.15.0 want: ^1.0.2
5537 silly placeDep node_modules/tsconfig-paths strip-bom@3.0.0 OK for: tsconfig-paths@3.15.0 want: ^3.0.0
5538 silly placeDep node_modules/tsutils tslib@1.14.1 OK for: tsutils@3.21.0 want: ^1.8.1
5539 silly placeDep ROOT for-each@0.3.5 OK for: typed-array-byte-length@1.0.3 want: ^0.3.3
5540 silly placeDep ROOT reflect.getprototypeof@1.0.10 OK for: typed-array-byte-offset@1.0.4 want: ^1.0.9
5541 silly fetch manifest which-builtin-type@^1.2.1
5542 silly packumentCache full:https://registry.npmjs.org/which-builtin-type cache-miss
5543 http cache https://registry.npmjs.org/which-builtin-type 10ms (cache hit)
5544 silly packumentCache full:https://registry.npmjs.org/which-builtin-type set size:39107 disposed:false
5545 silly placeDep ROOT which-builtin-type@1.2.1 OK for: reflect.getprototypeof@1.0.10 want: ^1.2.1
5546 silly fetch manifest is-async-function@^2.0.0
5547 silly packumentCache full:https://registry.npmjs.org/is-async-function cache-miss
5548 silly fetch manifest is-finalizationregistry@^1.1.0
5549 silly packumentCache full:https://registry.npmjs.org/is-finalizationregistry cache-miss
5550 silly fetch manifest is-generator-function@^1.0.10
5551 silly packumentCache full:https://registry.npmjs.org/is-generator-function cache-miss
5552 silly fetch manifest which-boxed-primitive@^1.1.0
5553 silly packumentCache full:https://registry.npmjs.org/which-boxed-primitive cache-hit
5554 silly fetch manifest which-collection@^1.0.2
5555 silly packumentCache full:https://registry.npmjs.org/which-collection cache-miss
5556 http cache https://registry.npmjs.org/is-finalizationregistry 16ms (cache hit)
5557 silly packumentCache full:https://registry.npmjs.org/is-finalizationregistry set size:19800 disposed:false
5558 http cache https://registry.npmjs.org/is-generator-function 16ms (cache hit)
5559 silly packumentCache full:https://registry.npmjs.org/is-generator-function set size:44643 disposed:false
5560 http cache https://registry.npmjs.org/which-collection 18ms (cache hit)
5561 silly packumentCache full:https://registry.npmjs.org/which-collection set size:13607 disposed:false
5562 http cache https://registry.npmjs.org/is-async-function 24ms (cache hit)
5563 silly packumentCache full:https://registry.npmjs.org/is-async-function set size:51614 disposed:false
5564 silly placeDep ROOT has-bigints@1.1.0 OK for: unbox-primitive@1.1.0 want: ^1.0.2
5565 silly placeDep ROOT which-boxed-primitive@1.1.1 OK for: unbox-primitive@1.1.0 want: ^1.1.1
5566 silly fetch manifest is-bigint@^1.1.0
5567 silly packumentCache full:https://registry.npmjs.org/is-bigint cache-miss
5568 silly fetch manifest is-boolean-object@^1.2.1
5569 silly packumentCache full:https://registry.npmjs.org/is-boolean-object cache-miss
5570 silly fetch manifest is-number-object@^1.1.1
5571 silly packumentCache full:https://registry.npmjs.org/is-number-object cache-miss
5572 http cache https://registry.npmjs.org/is-bigint 14ms (cache hit)
5573 silly packumentCache full:https://registry.npmjs.org/is-bigint set size:20283 disposed:false
5574 http cache https://registry.npmjs.org/is-number-object 15ms (cache hit)
5575 silly packumentCache full:https://registry.npmjs.org/is-number-object set size:31189 disposed:false
5576 http cache https://registry.npmjs.org/is-boolean-object 16ms (cache hit)
5577 silly packumentCache full:https://registry.npmjs.org/is-boolean-object set size:31341 disposed:false
5578 silly placeDep ROOT unicode-canonical-property-names-ecmascript@2.0.1 OK for: unicode-match-property-ecmascript@2.0.0 want: ^2.0.0
5579 silly placeDep ROOT unicode-property-aliases-ecmascript@2.2.0 OK for: unicode-match-property-ecmascript@2.0.0 want: ^2.0.0
5580 silly placeDep ROOT escalade@3.2.0 OK for: update-browserslist-db@1.2.3 want: ^3.2.0
5581 silly placeDep ROOT querystringify@2.2.0 OK for: url-parse@1.5.10 want: ^2.1.1
5582 silly placeDep ROOT requires-port@1.0.0 OK for: url-parse@1.5.10 want: ^1.0.0
5583 silly placeDep ROOT object.getownpropertydescriptors@2.1.9 OK for: util.promisify@1.0.1 want: ^2.1.0
5584 silly fetch manifest array.prototype.reduce@^1.0.8
5585 silly packumentCache full:https://registry.npmjs.org/array.prototype.reduce cache-miss
5586 http cache https://registry.npmjs.org/array.prototype.reduce 10ms (cache hit)
5587 silly packumentCache full:https://registry.npmjs.org/array.prototype.reduce set size:35802 disposed:false
5588 silly placeDep ROOT array.prototype.reduce@1.0.8 OK for: object.getownpropertydescriptors@2.1.9 want: ^1.0.8
5589 silly fetch manifest es-array-method-boxes-properly@^1.0.0
5590 silly packumentCache full:https://registry.npmjs.org/es-array-method-boxes-properly cache-miss
5591 http cache https://registry.npmjs.org/es-array-method-boxes-properly 8ms (cache hit)
5592 silly packumentCache full:https://registry.npmjs.org/es-array-method-boxes-properly set size:3721 disposed:false
5593 silly placeDep ROOT es-array-method-boxes-properly@1.0.0 OK for: array.prototype.reduce@1.0.8 want: ^1.0.0
5594 silly placeDep node_modules/v8-to-istanbul convert-source-map@1.9.0 OK for: v8-to-istanbul@8.1.1 want: ^1.6.0
5595 silly placeDep ROOT browser-process-hrtime@1.0.0 OK for: w3c-hr-time@1.0.2 want: ^1.0.0
5596 silly placeDep ROOT makeerror@1.0.12 OK for: walker@1.0.8 want: 1.0.12
5597 silly fetch manifest tmpl@1.0.5
5598 silly packumentCache full:https://registry.npmjs.org/tmpl cache-miss
5599 http cache https://registry.npmjs.org/tmpl 9ms (cache hit)
5600 silly packumentCache full:https://registry.npmjs.org/tmpl set size:7979 disposed:false
5601 silly placeDep ROOT tmpl@1.0.5 OK for: makeerror@1.0.12 want: 1.0.5
5602 silly placeDep ROOT @types/eslint-scope@3.7.7 OK for: webpack@5.106.1 want: ^3.7.7
5603 silly placeDep ROOT @webassemblyjs/ast@1.14.1 OK for: webpack@5.106.1 want: ^1.14.1
5604 silly placeDep ROOT @webassemblyjs/wasm-edit@1.14.1 OK for: webpack@5.106.1 want: ^1.14.1
5605 silly placeDep ROOT @webassemblyjs/wasm-parser@1.14.1 OK for: webpack@5.106.1 want: ^1.14.1
5606 silly placeDep ROOT acorn-import-phases@1.0.4 OK for: webpack@5.106.1 want: ^1.0.3
5607 silly placeDep ROOT chrome-trace-event@1.0.4 OK for: webpack@5.106.1 want: ^1.0.2
5608 silly placeDep ROOT enhanced-resolve@5.20.1 OK for: webpack@5.106.1 want: ^5.20.0
5609 silly placeDep ROOT es-module-lexer@2.0.0 OK for: webpack@5.106.1 want: ^2.0.0
5610 silly placeDep node_modules/webpack eslint-scope@5.1.1 OK for: webpack@5.106.1 want: 5.1.1
5611 silly placeDep ROOT events@3.3.0 OK for: webpack@5.106.1 want: ^3.2.0
5612 silly placeDep ROOT glob-to-regexp@0.4.1 OK for: webpack@5.106.1 want: ^0.4.1
5613 silly placeDep ROOT loader-runner@4.3.1 OK for: webpack@5.106.1 want: ^4.3.1
5614 silly placeDep ROOT watchpack@2.5.1 OK for: webpack@5.106.1 want: ^2.5.1
5615 silly placeDep ROOT webpack-sources@3.3.4 OK for: webpack@5.106.1 want: ^3.3.4
5616 silly fetch manifest @webassemblyjs/helper-numbers@1.13.2
5617 silly packumentCache full:https://registry.npmjs.org/@webassemblyjs%2fhelper-numbers cache-miss
5618 silly fetch manifest @webassemblyjs/helper-wasm-bytecode@1.13.2
5619 silly packumentCache full:https://registry.npmjs.org/@webassemblyjs%2fhelper-wasm-bytecode cache-miss
5620 silly fetch manifest @webassemblyjs/helper-buffer@1.14.1
5621 silly packumentCache full:https://registry.npmjs.org/@webassemblyjs%2fhelper-buffer cache-miss
5622 silly fetch manifest @webassemblyjs/helper-wasm-bytecode@1.13.2
5623 silly packumentCache full:https://registry.npmjs.org/@webassemblyjs%2fhelper-wasm-bytecode cache-miss
5624 silly fetch manifest @webassemblyjs/helper-wasm-section@1.14.1
5625 silly packumentCache full:https://registry.npmjs.org/@webassemblyjs%2fhelper-wasm-section cache-miss
5626 silly fetch manifest @webassemblyjs/wasm-gen@1.14.1
5627 silly packumentCache full:https://registry.npmjs.org/@webassemblyjs%2fwasm-gen cache-miss
5628 silly fetch manifest @webassemblyjs/wasm-opt@1.14.1
5629 silly packumentCache full:https://registry.npmjs.org/@webassemblyjs%2fwasm-opt cache-miss
5630 silly fetch manifest @webassemblyjs/wasm-parser@1.14.1
5631 silly packumentCache full:https://registry.npmjs.org/@webassemblyjs%2fwasm-parser cache-hit
5632 silly fetch manifest @webassemblyjs/wast-printer@1.14.1
5633 silly packumentCache full:https://registry.npmjs.org/@webassemblyjs%2fwast-printer cache-miss
5634 silly fetch manifest @webassemblyjs/helper-api-error@1.13.2
5635 silly packumentCache full:https://registry.npmjs.org/@webassemblyjs%2fhelper-api-error cache-miss
5636 silly fetch manifest @webassemblyjs/helper-wasm-bytecode@1.13.2
5637 silly packumentCache full:https://registry.npmjs.org/@webassemblyjs%2fhelper-wasm-bytecode cache-miss
5638 silly fetch manifest @webassemblyjs/ieee754@1.13.2
5639 silly packumentCache full:https://registry.npmjs.org/@webassemblyjs%2fieee754 cache-miss
5640 http cache https://registry.npmjs.org/@webassemblyjs%2fhelper-buffer 59ms (cache hit)
5641 silly packumentCache full:https://registry.npmjs.org/@webassemblyjs%2fhelper-buffer set size:178406 disposed:false
5642 silly fetch manifest @webassemblyjs/leb128@1.13.2
5643 silly packumentCache full:https://registry.npmjs.org/@webassemblyjs%2fleb128 cache-miss
5644 http cache https://registry.npmjs.org/@webassemblyjs%2fhelper-wasm-bytecode 65ms (cache hit)
5645 silly packumentCache full:https://registry.npmjs.org/@webassemblyjs%2fhelper-wasm-bytecode set size:179356 disposed:false
5646 silly fetch manifest @webassemblyjs/utf8@1.13.2
5647 silly packumentCache full:https://registry.npmjs.org/@webassemblyjs%2futf8 cache-miss
5648 http cache https://registry.npmjs.org/@webassemblyjs%2fwasm-opt 65ms (cache hit)
5649 silly packumentCache full:https://registry.npmjs.org/@webassemblyjs%2fwasm-opt set size:150483 disposed:false
5650 http cache https://registry.npmjs.org/@webassemblyjs%2fhelper-wasm-section 68ms (cache hit)
5651 silly packumentCache full:https://registry.npmjs.org/@webassemblyjs%2fhelper-wasm-section set size:191754 disposed:false
5652 http cache https://registry.npmjs.org/@webassemblyjs%2fhelper-wasm-bytecode 68ms (cache hit)
5653 silly packumentCache full:https://registry.npmjs.org/@webassemblyjs%2fhelper-wasm-bytecode set size:179356 disposed:false
5654 silly packumentCache full:https://registry.npmjs.org/@webassemblyjs%2fhelper-wasm-bytecode dispose
5655 http cache https://registry.npmjs.org/@webassemblyjs%2fhelper-wasm-bytecode 72ms (cache hit)
5656 silly packumentCache full:https://registry.npmjs.org/@webassemblyjs%2fhelper-wasm-bytecode set size:179356 disposed:true
5657 silly packumentCache full:https://registry.npmjs.org/@webassemblyjs%2fhelper-wasm-bytecode dispose
5658 http cache https://registry.npmjs.org/@webassemblyjs%2fhelper-numbers 75ms (cache hit)
5659 silly packumentCache full:https://registry.npmjs.org/@webassemblyjs%2fhelper-numbers set size:23867 disposed:false
5660 http cache https://registry.npmjs.org/@webassemblyjs%2fieee754 71ms (cache hit)
5661 silly packumentCache full:https://registry.npmjs.org/@webassemblyjs%2fieee754 set size:99475 disposed:false
5662 http cache https://registry.npmjs.org/@webassemblyjs%2fwasm-gen 76ms (cache hit)
5663 silly packumentCache full:https://registry.npmjs.org/@webassemblyjs%2fwasm-gen set size:187955 disposed:false
5664 http cache https://registry.npmjs.org/@webassemblyjs%2fhelper-api-error 78ms (cache hit)
5665 silly packumentCache full:https://registry.npmjs.org/@webassemblyjs%2fhelper-api-error set size:103778 disposed:false
5666 http cache https://registry.npmjs.org/@webassemblyjs%2fwast-printer 83ms (cache hit)
5667 silly packumentCache full:https://registry.npmjs.org/@webassemblyjs%2fwast-printer set size:193690 disposed:false
5668 http cache https://registry.npmjs.org/@webassemblyjs%2futf8 28ms (cache hit)
5669 silly packumentCache full:https://registry.npmjs.org/@webassemblyjs%2futf8 set size:102359 disposed:false
5670 http cache https://registry.npmjs.org/@webassemblyjs%2fleb128 33ms (cache hit)
5671 silly packumentCache full:https://registry.npmjs.org/@webassemblyjs%2fleb128 set size:248474 disposed:false
5672 silly placeDep ROOT @webassemblyjs/helper-numbers@1.13.2 OK for: @webassemblyjs/ast@1.14.1 want: 1.13.2
5673 silly placeDep ROOT @webassemblyjs/helper-wasm-bytecode@1.13.2 OK for: @webassemblyjs/ast@1.14.1 want: 1.13.2
5674 silly fetch manifest @xtuc/long@4.2.2
5675 silly packumentCache full:https://registry.npmjs.org/@xtuc%2flong cache-miss
5676 silly fetch manifest @webassemblyjs/floating-point-hex-parser@1.13.2
5677 silly packumentCache full:https://registry.npmjs.org/@webassemblyjs%2ffloating-point-hex-parser cache-miss
5678 http cache https://registry.npmjs.org/@xtuc%2flong 11ms (cache hit)
5679 silly packumentCache full:https://registry.npmjs.org/@xtuc%2flong set size:23242 disposed:false
5680 http cache https://registry.npmjs.org/@webassemblyjs%2ffloating-point-hex-parser 15ms (cache hit)
5681 silly packumentCache full:https://registry.npmjs.org/@webassemblyjs%2ffloating-point-hex-parser set size:186097 disposed:false
5682 silly placeDep ROOT @webassemblyjs/floating-point-hex-parser@1.13.2 OK for: @webassemblyjs/helper-numbers@1.13.2 want: 1.13.2
5683 silly placeDep ROOT @webassemblyjs/helper-api-error@1.13.2 OK for: @webassemblyjs/helper-numbers@1.13.2 want: 1.13.2
5684 silly placeDep ROOT @xtuc/long@4.2.2 OK for: @webassemblyjs/helper-numbers@1.13.2 want: 4.2.2
5685 silly placeDep ROOT @webassemblyjs/helper-buffer@1.14.1 OK for: @webassemblyjs/wasm-edit@1.14.1 want: 1.14.1
5686 silly placeDep ROOT @webassemblyjs/helper-wasm-section@1.14.1 OK for: @webassemblyjs/wasm-edit@1.14.1 want: 1.14.1
5687 silly placeDep ROOT @webassemblyjs/wasm-gen@1.14.1 OK for: @webassemblyjs/wasm-edit@1.14.1 want: 1.14.1
5688 silly placeDep ROOT @webassemblyjs/wasm-opt@1.14.1 OK for: @webassemblyjs/wasm-edit@1.14.1 want: 1.14.1
5689 silly placeDep ROOT @webassemblyjs/wast-printer@1.14.1 OK for: @webassemblyjs/wasm-edit@1.14.1 want: 1.14.1
5690 silly placeDep ROOT @webassemblyjs/ieee754@1.13.2 OK for: @webassemblyjs/wasm-gen@1.14.1 want: 1.13.2
5691 silly placeDep ROOT @webassemblyjs/leb128@1.13.2 OK for: @webassemblyjs/wasm-gen@1.14.1 want: 1.13.2
5692 silly placeDep ROOT @webassemblyjs/utf8@1.13.2 OK for: @webassemblyjs/wasm-gen@1.14.1 want: 1.13.2
5693 silly fetch manifest @xtuc/ieee754@^1.2.0
5694 silly packumentCache full:https://registry.npmjs.org/@xtuc%2fieee754 cache-miss
5695 http cache https://registry.npmjs.org/@xtuc%2fieee754 11ms (cache hit)
5696 silly packumentCache full:https://registry.npmjs.org/@xtuc%2fieee754 set size:5495 disposed:false
5697 silly placeDep ROOT @xtuc/ieee754@1.2.0 OK for: @webassemblyjs/ieee754@1.13.2 want: ^1.2.0
5698 silly fetch manifest utf-8-validate@>=5.0.2
5699 silly packumentCache full:https://registry.npmjs.org/utf-8-validate cache-hit
5700 silly fetch manifest webpack@^4.37.0 || ^5.0.0
5701 silly packumentCache full:https://registry.npmjs.org/webpack cache-miss
5702 http cache https://registry.npmjs.org/webpack 23ms (cache hit)
5703 silly packumentCache full:https://registry.npmjs.org/webpack set size:4994278 disposed:false
5704 silly placeDep ROOT @types/bonjour@3.5.13 OK for: webpack-dev-server@4.15.2 want: ^3.5.9
5705 silly placeDep ROOT @types/connect-history-api-fallback@1.5.4 OK for: webpack-dev-server@4.15.2 want: ^1.3.5
5706 silly placeDep ROOT @types/express@4.17.25 OK for: webpack-dev-server@4.15.2 want: ^4.17.13
5707 silly placeDep ROOT @types/serve-index@1.9.4 OK for: webpack-dev-server@4.15.2 want: ^1.9.1
5708 silly placeDep ROOT @types/serve-static@1.15.10 OK for: webpack-dev-server@4.15.2 want: ^1.13.10
5709 silly placeDep ROOT @types/sockjs@0.3.36 OK for: webpack-dev-server@4.15.2 want: ^0.3.33
5710 silly placeDep ROOT @types/ws@8.18.1 OK for: webpack-dev-server@4.15.2 want: ^8.5.5
5711 silly placeDep ROOT ansi-html-community@0.0.8 OK for: webpack-dev-server@4.15.2 want: ^0.0.8
5712 silly placeDep ROOT bonjour-service@1.3.0 OK for: webpack-dev-server@4.15.2 want: ^1.0.11
5713 silly placeDep ROOT colorette@2.0.20 OK for: webpack-dev-server@4.15.2 want: ^2.0.10
5714 silly placeDep ROOT compression@1.8.1 OK for: webpack-dev-server@4.15.2 want: ^1.7.4
5715 silly placeDep ROOT connect-history-api-fallback@2.0.0 OK for: webpack-dev-server@4.15.2 want: ^2.0.0
5716 silly placeDep ROOT default-gateway@6.0.3 OK for: webpack-dev-server@4.15.2 want: ^6.0.3
5717 silly placeDep ROOT express@4.22.1 OK for: webpack-dev-server@4.15.2 want: ^4.17.3
5718 silly placeDep ROOT http-proxy-middleware@2.0.9 OK for: webpack-dev-server@4.15.2 want: ^2.0.3
5719 silly placeDep ROOT ipaddr.js@2.3.0 OK for: webpack-dev-server@4.15.2 want: ^2.0.1
5720 silly placeDep ROOT launch-editor@2.13.2 OK for: webpack-dev-server@4.15.2 want: ^2.6.0
5721 silly placeDep ROOT p-retry@4.6.2 OK for: webpack-dev-server@4.15.2 want: ^4.5.0
5722 silly placeDep ROOT selfsigned@2.4.1 OK for: webpack-dev-server@4.15.2 want: ^2.1.1
5723 silly placeDep ROOT serve-index@1.9.2 OK for: webpack-dev-server@4.15.2 want: ^1.9.1
5724 silly placeDep ROOT sockjs@0.3.24 OK for: webpack-dev-server@4.15.2 want: ^0.3.24
5725 silly placeDep ROOT spdy@4.0.2 OK for: webpack-dev-server@4.15.2 want: ^4.0.2
5726 silly placeDep ROOT webpack-dev-middleware@5.3.4 OK for: webpack-dev-server@4.15.2 want: ^5.3.4
5727 silly placeDep node_modules/webpack-dev-server ws@8.20.0 OK for: webpack-dev-server@4.15.2 want: ^8.13.0
5728 silly fetch manifest @types/express-serve-static-core@*
5729 silly packumentCache full:https://registry.npmjs.org/@types%2fexpress-serve-static-core cache-miss
5730 silly fetch manifest @types/qs@*
5731 silly packumentCache full:https://registry.npmjs.org/@types%2fqs cache-miss
5732 silly fetch manifest @types/body-parser@*
5733 silly packumentCache full:https://registry.npmjs.org/@types%2fbody-parser cache-miss
5734 silly fetch manifest @types/serve-static@^1
5735 silly packumentCache full:https://registry.npmjs.org/@types%2fserve-static cache-hit
5736 silly fetch manifest @types/express-serve-static-core@^4.17.33
5737 silly packumentCache full:https://registry.npmjs.org/@types%2fexpress-serve-static-core cache-miss
5738 silly fetch manifest @types/send@<1
5739 silly packumentCache full:https://registry.npmjs.org/@types%2fsend cache-miss
5740 silly fetch manifest @types/http-errors@*
5741 silly packumentCache full:https://registry.npmjs.org/@types%2fhttp-errors cache-miss
5742 silly fetch manifest multicast-dns@^7.2.5
5743 silly packumentCache full:https://registry.npmjs.org/multicast-dns cache-miss
5744 silly fetch manifest vary@~1.1.2
5745 silly packumentCache full:https://registry.npmjs.org/vary cache-miss
5746 silly fetch manifest bytes@3.1.2
5747 silly packumentCache full:https://registry.npmjs.org/bytes cache-miss
5748 silly fetch manifest debug@2.6.9
5749 silly packumentCache full:https://registry.npmjs.org/debug cache-hit
5750 silly fetch manifest negotiator@~0.6.4
5751 silly packumentCache full:https://registry.npmjs.org/negotiator cache-miss
5752 silly fetch manifest on-headers@~1.1.0
5753 silly packumentCache full:https://registry.npmjs.org/on-headers cache-miss
5754 http cache https://registry.npmjs.org/@types%2fsend 43ms (cache hit)
5755 silly packumentCache full:https://registry.npmjs.org/@types%2fsend set size:29985 disposed:false
5756 silly fetch manifest compressible@~2.0.18
5757 silly packumentCache full:https://registry.npmjs.org/compressible cache-miss
5758 http cache https://registry.npmjs.org/@types%2fbody-parser 47ms (cache hit)
5759 silly packumentCache full:https://registry.npmjs.org/@types%2fbody-parser set size:59466 disposed:false
5760 silly fetch manifest qs@~6.14.0
5761 silly packumentCache full:https://registry.npmjs.org/qs cache-miss
5762 http cache https://registry.npmjs.org/@types%2fexpress-serve-static-core 51ms (cache hit)
5763 silly packumentCache full:https://registry.npmjs.org/@types%2fexpress-serve-static-core set size:264345 disposed:false
5764 silly fetch manifest depd@2.0.0
5765 silly packumentCache full:https://registry.npmjs.org/depd cache-miss
5766 http cache https://registry.npmjs.org/@types%2fexpress-serve-static-core 55ms (cache hit)
5767 silly packumentCache full:https://registry.npmjs.org/@types%2fexpress-serve-static-core set size:264345 disposed:false
5768 silly packumentCache full:https://registry.npmjs.org/@types%2fexpress-serve-static-core dispose
5769 silly fetch manifest etag@~1.8.1
5770 silly packumentCache full:https://registry.npmjs.org/etag cache-miss
5771 http cache https://registry.npmjs.org/multicast-dns 57ms (cache hit)
5772 silly packumentCache full:https://registry.npmjs.org/multicast-dns set size:79303 disposed:false
5773 silly fetch manifest send@~0.19.0
5774 silly packumentCache full:https://registry.npmjs.org/send cache-miss
5775 http cache https://registry.npmjs.org/@types%2fqs 64ms (cache hit)
5776 silly packumentCache full:https://registry.npmjs.org/@types%2fqs set size:82355 disposed:false
5777 silly fetch manifest vary@~1.1.2
5778 silly packumentCache full:https://registry.npmjs.org/vary cache-miss
5779 http cache https://registry.npmjs.org/bytes 61ms (cache hit)
5780 silly packumentCache full:https://registry.npmjs.org/bytes set size:37018 disposed:false
5781 silly fetch manifest fresh@~0.5.2
5782 silly packumentCache full:https://registry.npmjs.org/fresh cache-miss
5783 http cache https://registry.npmjs.org/@types%2fhttp-errors 66ms (cache hit)
5784 silly packumentCache full:https://registry.npmjs.org/@types%2fhttp-errors set size:48994 disposed:false
5785 silly fetch manifest cookie@~0.7.1
5786 silly packumentCache full:https://registry.npmjs.org/cookie cache-miss
5787 http cache https://registry.npmjs.org/vary 67ms (cache hit)
5788 silly packumentCache full:https://registry.npmjs.org/vary set size:16018 disposed:false
5789 silly fetch manifest accepts@~1.3.8
5790 silly packumentCache full:https://registry.npmjs.org/accepts cache-miss
5791 http cache https://registry.npmjs.org/negotiator 63ms (cache hit)
5792 silly packumentCache full:https://registry.npmjs.org/negotiator set size:48046 disposed:false
5793 silly fetch manifest methods@~1.1.2
5794 silly packumentCache full:https://registry.npmjs.org/methods cache-miss
5795 http cache https://registry.npmjs.org/on-headers 65ms (cache hit)
5796 silly packumentCache full:https://registry.npmjs.org/on-headers set size:13226 disposed:false
5797 silly fetch manifest type-is@~1.6.18
5798 silly packumentCache full:https://registry.npmjs.org/type-is cache-miss
5799 http cache https://registry.npmjs.org/qs 52ms (cache hit)
5800 silly packumentCache full:https://registry.npmjs.org/qs set size:353582 disposed:false
5801 silly fetch manifest parseurl@~1.3.3
5802 silly packumentCache full:https://registry.npmjs.org/parseurl cache-miss
5803 http cache https://registry.npmjs.org/depd 55ms (cache hit)
5804 silly packumentCache full:https://registry.npmjs.org/depd set size:40182 disposed:false
5805 silly fetch manifest statuses@~2.0.1
5806 silly packumentCache full:https://registry.npmjs.org/statuses cache-miss
5807 http cache https://registry.npmjs.org/compressible 65ms (cache hit)
5808 silly packumentCache full:https://registry.npmjs.org/compressible set size:61733 disposed:false
5809 silly fetch manifest encodeurl@~2.0.0
5810 silly packumentCache full:https://registry.npmjs.org/encodeurl cache-miss
5811 http cache https://registry.npmjs.org/etag 54ms (cache hit)
5812 silly packumentCache full:https://registry.npmjs.org/etag set size:30032 disposed:false
5813 silly fetch manifest proxy-addr@~2.0.7
5814 silly packumentCache full:https://registry.npmjs.org/proxy-addr cache-miss
5815 http cache https://registry.npmjs.org/fresh 48ms (cache hit)
5816 silly packumentCache full:https://registry.npmjs.org/fresh set size:25427 disposed:false
5817 silly fetch manifest body-parser@~1.20.3
5818 silly packumentCache full:https://registry.npmjs.org/body-parser cache-miss
5819 http cache https://registry.npmjs.org/send 58ms (cache hit)
5820 silly packumentCache full:https://registry.npmjs.org/send set size:152810 disposed:false
5821 silly fetch manifest escape-html@~1.0.3
5822 silly packumentCache full:https://registry.npmjs.org/escape-html cache-miss
5823 http cache https://registry.npmjs.org/vary 60ms (cache hit)
5824 silly packumentCache full:https://registry.npmjs.org/vary set size:16018 disposed:false
5825 silly packumentCache full:https://registry.npmjs.org/vary dispose
5826 silly fetch manifest http-errors@~2.0.0
5827 silly packumentCache full:https://registry.npmjs.org/http-errors cache-miss
5828 http cache https://registry.npmjs.org/cookie 57ms (cache hit)
5829 silly packumentCache full:https://registry.npmjs.org/cookie set size:72891 disposed:false
5830 silly fetch manifest on-finished@~2.4.1
5831 silly packumentCache full:https://registry.npmjs.org/on-finished cache-miss
5832 http cache https://registry.npmjs.org/methods 57ms (cache hit)
5833 silly packumentCache full:https://registry.npmjs.org/methods set size:12600 disposed:false
5834 silly fetch manifest utils-merge@1.0.1
5835 silly packumentCache full:https://registry.npmjs.org/utils-merge cache-miss
5836 http cache https://registry.npmjs.org/accepts 61ms (cache hit)
5837 silly packumentCache full:https://registry.npmjs.org/accepts set size:77054 disposed:false
5838 silly fetch manifest content-type@~1.0.4
5839 silly packumentCache full:https://registry.npmjs.org/content-type cache-miss
5840 http cache https://registry.npmjs.org/type-is 60ms (cache hit)
5841 silly packumentCache full:https://registry.npmjs.org/type-is set size:86196 disposed:false
5842 silly fetch manifest finalhandler@~1.3.1
5843 silly packumentCache full:https://registry.npmjs.org/finalhandler cache-miss
5844 http cache https://registry.npmjs.org/parseurl 49ms (cache hit)
5845 silly packumentCache full:https://registry.npmjs.org/parseurl set size:24148 disposed:false
5846 silly fetch manifest range-parser@~1.2.1
5847 silly packumentCache full:https://registry.npmjs.org/range-parser cache-miss
5848 http cache https://registry.npmjs.org/statuses 48ms (cache hit)
5849 silly packumentCache full:https://registry.npmjs.org/statuses set size:37117 disposed:false
5850 silly fetch manifest serve-static@~1.16.2
5851 silly packumentCache full:https://registry.npmjs.org/serve-static cache-miss
5852 http cache https://registry.npmjs.org/encodeurl 47ms (cache hit)
5853 silly packumentCache full:https://registry.npmjs.org/encodeurl set size:12296 disposed:false
5854 silly fetch manifest array-flatten@1.1.1
5855 silly packumentCache full:https://registry.npmjs.org/array-flatten cache-miss
5856 http cache https://registry.npmjs.org/body-parser 46ms (cache hit)
5857 silly packumentCache full:https://registry.npmjs.org/body-parser set size:216830 disposed:false
5858 silly fetch manifest path-to-regexp@~0.1.12
5859 silly packumentCache full:https://registry.npmjs.org/path-to-regexp cache-miss
5860 http cache https://registry.npmjs.org/proxy-addr 57ms (cache hit)
5861 silly packumentCache full:https://registry.npmjs.org/proxy-addr set size:61619 disposed:false
5862 silly fetch manifest setprototypeof@1.2.0
5863 silly packumentCache full:https://registry.npmjs.org/setprototypeof cache-miss
5864 http cache https://registry.npmjs.org/escape-html 52ms (cache hit)
5865 silly packumentCache full:https://registry.npmjs.org/escape-html set size:7345 disposed:false
5866 silly fetch manifest cookie-signature@~1.0.6
5867 silly packumentCache full:https://registry.npmjs.org/cookie-signature cache-miss
5868 http cache https://registry.npmjs.org/http-errors 61ms (cache hit)
5869 silly packumentCache full:https://registry.npmjs.org/http-errors set size:71987 disposed:false
5870 silly fetch manifest merge-descriptors@1.0.3
5871 silly packumentCache full:https://registry.npmjs.org/merge-descriptors cache-miss
5872 http cache https://registry.npmjs.org/on-finished 77ms (cache hit)
5873 silly packumentCache full:https://registry.npmjs.org/on-finished set size:23212 disposed:false
5874 silly fetch manifest content-disposition@~0.5.4
5875 silly packumentCache full:https://registry.npmjs.org/content-disposition cache-miss
5876 http cache https://registry.npmjs.org/utils-merge 84ms (cache hit)
5877 silly packumentCache full:https://registry.npmjs.org/utils-merge set size:5237 disposed:false
5878 silly fetch manifest http-proxy@^1.18.1
5879 silly packumentCache full:https://registry.npmjs.org/http-proxy cache-miss
5880 http cache https://registry.npmjs.org/finalhandler 84ms (cache hit)
5881 silly packumentCache full:https://registry.npmjs.org/finalhandler set size:79291 disposed:false
5882 silly fetch manifest is-plain-obj@^3.0.0
5883 silly packumentCache full:https://registry.npmjs.org/is-plain-obj cache-miss
5884 http cache https://registry.npmjs.org/content-type 95ms (cache hit)
5885 silly packumentCache full:https://registry.npmjs.org/content-type set size:17311 disposed:false
5886 silly fetch manifest @types/http-proxy@^1.17.8
5887 silly packumentCache full:https://registry.npmjs.org/@types%2fhttp-proxy cache-miss
5888 http cache https://registry.npmjs.org/range-parser 110ms (cache hit)
5889 silly packumentCache full:https://registry.npmjs.org/range-parser set size:22228 disposed:false
5890 silly fetch manifest retry@^0.13.1
5891 silly packumentCache full:https://registry.npmjs.org/retry cache-miss
5892 http cache https://registry.npmjs.org/serve-static 116ms (cache hit)
5893 silly packumentCache full:https://registry.npmjs.org/serve-static set size:150391 disposed:false
5894 silly fetch manifest @types/retry@0.12.0
5895 silly packumentCache full:https://registry.npmjs.org/@types%2fretry cache-miss
5896 http cache https://registry.npmjs.org/array-flatten 120ms (cache hit)
5897 silly packumentCache full:https://registry.npmjs.org/array-flatten set size:24005 disposed:false
5898 silly fetch manifest node-forge@^1
5899 silly packumentCache full:https://registry.npmjs.org/node-forge cache-miss
5900 http cache https://registry.npmjs.org/path-to-regexp 116ms (cache hit)
5901 silly packumentCache full:https://registry.npmjs.org/path-to-regexp set size:216334 disposed:false
5902 silly fetch manifest @types/node-forge@^1.3.0
5903 silly packumentCache full:https://registry.npmjs.org/@types%2fnode-forge cache-miss
5904 http cache https://registry.npmjs.org/setprototypeof 119ms (cache hit)
5905 silly packumentCache full:https://registry.npmjs.org/setprototypeof set size:14532 disposed:false
5906 silly fetch manifest batch@0.6.1
5907 silly packumentCache full:https://registry.npmjs.org/batch cache-miss
5908 http cache https://registry.npmjs.org/cookie-signature 119ms (cache hit)
5909 silly packumentCache full:https://registry.npmjs.org/cookie-signature set size:21777 disposed:false
5910 silly fetch manifest http-errors@~1.8.0
5911 silly packumentCache full:https://registry.npmjs.org/http-errors cache-hit
5912 silly fetch manifest faye-websocket@^0.11.3
5913 silly packumentCache full:https://registry.npmjs.org/faye-websocket cache-miss
5914 http cache https://registry.npmjs.org/merge-descriptors 104ms (cache hit)
5915 silly packumentCache full:https://registry.npmjs.org/merge-descriptors set size:16527 disposed:false
5916 silly fetch manifest uuid@^8.3.2
5917 silly packumentCache full:https://registry.npmjs.org/uuid cache-miss
5918 http cache https://registry.npmjs.org/content-disposition 91ms (cache hit)
5919 silly packumentCache full:https://registry.npmjs.org/content-disposition set size:36665 disposed:false
5920 silly fetch manifest websocket-driver@^0.7.4
5921 silly packumentCache full:https://registry.npmjs.org/websocket-driver cache-miss
5922 http cache https://registry.npmjs.org/http-proxy 86ms (cache hit)
5923 silly packumentCache full:https://registry.npmjs.org/http-proxy set size:183156 disposed:false
5924 silly fetch manifest handle-thing@^2.0.0
5925 silly packumentCache full:https://registry.npmjs.org/handle-thing cache-miss
5926 http cache https://registry.npmjs.org/is-plain-obj 85ms (cache hit)
5927 silly packumentCache full:https://registry.npmjs.org/is-plain-obj set size:17899 disposed:false
5928 silly fetch manifest http-deceiver@^1.2.7
5929 silly packumentCache full:https://registry.npmjs.org/http-deceiver cache-miss
5930 http cache https://registry.npmjs.org/@types%2fhttp-proxy 81ms (cache hit)
5931 silly packumentCache full:https://registry.npmjs.org/@types%2fhttp-proxy set size:58652 disposed:false
5932 silly fetch manifest select-hose@^2.0.0
5933 silly packumentCache full:https://registry.npmjs.org/select-hose cache-miss
5934 http cache https://registry.npmjs.org/retry 67ms (cache hit)
5935 silly packumentCache full:https://registry.npmjs.org/retry set size:31161 disposed:false
5936 silly fetch manifest spdy-transport@^3.0.0
5937 silly packumentCache full:https://registry.npmjs.org/spdy-transport cache-miss
5938 http cache https://registry.npmjs.org/@types%2fretry 59ms (cache hit)
5939 silly packumentCache full:https://registry.npmjs.org/@types%2fretry set size:17008 disposed:false
5940 silly fetch manifest range-parser@^1.2.1
5941 silly packumentCache full:https://registry.npmjs.org/range-parser cache-hit
5942 http cache https://registry.npmjs.org/node-forge 60ms (cache hit)
5943 silly packumentCache full:https://registry.npmjs.org/node-forge set size:394631 disposed:false
5944 http cache https://registry.npmjs.org/@types%2fnode-forge 58ms (cache hit)
5945 silly packumentCache full:https://registry.npmjs.org/@types%2fnode-forge set size:228988 disposed:false
5946 http cache https://registry.npmjs.org/batch 60ms (cache hit)
5947 silly packumentCache full:https://registry.npmjs.org/batch set size:18505 disposed:false
5948 http cache https://registry.npmjs.org/faye-websocket 57ms (cache hit)
5949 silly packumentCache full:https://registry.npmjs.org/faye-websocket set size:45682 disposed:false
5950 http cache https://registry.npmjs.org/websocket-driver 54ms (cache hit)
5951 silly packumentCache full:https://registry.npmjs.org/websocket-driver set size:55869 disposed:false
5952 http cache https://registry.npmjs.org/uuid 59ms (cache hit)
5953 silly packumentCache full:https://registry.npmjs.org/uuid set size:224608 disposed:false
5954 http cache https://registry.npmjs.org/http-deceiver 52ms (cache hit)
5955 silly packumentCache full:https://registry.npmjs.org/http-deceiver set size:16525 disposed:false
5956 http cache https://registry.npmjs.org/select-hose 48ms (cache hit)
5957 silly packumentCache full:https://registry.npmjs.org/select-hose set size:5125 disposed:false
5958 http cache https://registry.npmjs.org/handle-thing 56ms (cache hit)
5959 silly packumentCache full:https://registry.npmjs.org/handle-thing set size:20817 disposed:false
5960 http cache https://registry.npmjs.org/spdy-transport 33ms (cache hit)
5961 silly packumentCache full:https://registry.npmjs.org/spdy-transport set size:89673 disposed:false
5962 silly placeDep ROOT @types/express-serve-static-core@5.1.1 OK for: @types/connect-history-api-fallback@1.5.4 want: *
5963 silly fetch manifest @types/send@*
5964 silly packumentCache full:https://registry.npmjs.org/@types%2fsend cache-hit
5965 silly fetch manifest @types/range-parser@*
5966 silly packumentCache full:https://registry.npmjs.org/@types%2frange-parser cache-miss
5967 http cache https://registry.npmjs.org/@types%2frange-parser 10ms (cache hit)
5968 silly packumentCache full:https://registry.npmjs.org/@types%2frange-parser set size:15278 disposed:false
5969 silly placeDep ROOT @types/body-parser@1.19.6 OK for: @types/express@4.17.25 want: *
5970 silly placeDep node_modules/@types/express @types/express-serve-static-core@4.19.8 OK for: @types/express@4.17.25 want: ^4.17.33
5971 silly placeDep ROOT @types/qs@6.15.0 OK for: @types/express@4.17.25 want: *
5972 silly fetch manifest @types/connect@*
5973 silly packumentCache full:https://registry.npmjs.org/@types%2fconnect cache-miss
5974 http cache https://registry.npmjs.org/@types%2fconnect 8ms (cache hit)
5975 silly packumentCache full:https://registry.npmjs.org/@types%2fconnect set size:31512 disposed:false
5976 silly placeDep ROOT @types/connect@3.4.38 OK for: @types/body-parser@1.19.6 want: *
5977 silly placeDep ROOT @types/range-parser@1.2.7 OK for: @types/express-serve-static-core@5.1.1 want: *
5978 silly placeDep ROOT @types/send@1.2.1 OK for: @types/express-serve-static-core@5.1.1 want: *
5979 silly placeDep ROOT @types/http-errors@2.0.5 OK for: @types/serve-static@1.15.10 want: *
5980 silly placeDep node_modules/@types/serve-static @types/send@0.17.6 OK for: @types/serve-static@1.15.10 want: <1
5981 silly fetch manifest @types/mime@^1
5982 silly packumentCache full:https://registry.npmjs.org/@types%2fmime cache-miss
5983 http cache https://registry.npmjs.org/@types%2fmime 10ms (cache hit)
5984 silly packumentCache full:https://registry.npmjs.org/@types%2fmime set size:43242 disposed:false
5985 silly placeDep ROOT multicast-dns@7.2.5 OK for: bonjour-service@1.3.0 want: ^7.2.5
5986 silly fetch manifest thunky@^1.0.2
5987 silly packumentCache full:https://registry.npmjs.org/thunky cache-miss
5988 silly fetch manifest dns-packet@^5.2.2
5989 silly packumentCache full:https://registry.npmjs.org/dns-packet cache-miss
5990 http cache https://registry.npmjs.org/thunky 13ms (cache hit)
5991 silly packumentCache full:https://registry.npmjs.org/thunky set size:14018 disposed:false
5992 http cache https://registry.npmjs.org/dns-packet 13ms (cache hit)
5993 silly packumentCache full:https://registry.npmjs.org/dns-packet set size:96184 disposed:false
5994 silly placeDep ROOT bytes@3.1.2 OK for: compression@1.8.1 want: 3.1.2
5995 silly placeDep ROOT compressible@2.0.18 OK for: compression@1.8.1 want: ~2.0.18
5996 silly placeDep node_modules/compression debug@2.6.9 OK for: compression@1.8.1 want: 2.6.9
5997 silly placeDep ROOT negotiator@0.6.4 OK for: compression@1.8.1 want: ~0.6.4
5998 silly placeDep ROOT on-headers@1.1.0 OK for: compression@1.8.1 want: ~1.1.0
5999 silly placeDep ROOT vary@1.1.2 OK for: compression@1.8.1 want: ~1.1.2
6000 silly placeDep ROOT accepts@1.3.8 OK for: express@4.22.1 want: ~1.3.8
6001 silly placeDep ROOT array-flatten@1.1.1 OK for: express@4.22.1 want: 1.1.1
6002 silly placeDep ROOT body-parser@1.20.4 OK for: express@4.22.1 want: ~1.20.3
6003 silly placeDep ROOT content-disposition@0.5.4 OK for: express@4.22.1 want: ~0.5.4
6004 silly placeDep ROOT content-type@1.0.5 OK for: express@4.22.1 want: ~1.0.4
6005 silly placeDep ROOT cookie@0.7.2 OK for: express@4.22.1 want: ~0.7.1
6006 silly placeDep ROOT cookie-signature@1.0.7 OK for: express@4.22.1 want: ~1.0.6
6007 silly placeDep node_modules/express debug@2.6.9 OK for: express@4.22.1 want: 2.6.9
6008 silly placeDep ROOT depd@2.0.0 OK for: express@4.22.1 want: 2.0.0
6009 silly placeDep ROOT encodeurl@2.0.0 OK for: express@4.22.1 want: ~2.0.0
6010 silly placeDep ROOT escape-html@1.0.3 OK for: express@4.22.1 want: ~1.0.3
6011 silly placeDep ROOT etag@1.8.1 OK for: express@4.22.1 want: ~1.8.1
6012 silly placeDep ROOT finalhandler@1.3.2 OK for: express@4.22.1 want: ~1.3.1
6013 silly placeDep ROOT fresh@0.5.2 OK for: express@4.22.1 want: ~0.5.2
6014 silly placeDep ROOT http-errors@2.0.1 OK for: express@4.22.1 want: ~2.0.0
6015 silly placeDep ROOT merge-descriptors@1.0.3 OK for: express@4.22.1 want: 1.0.3
6016 silly placeDep ROOT methods@1.1.2 OK for: express@4.22.1 want: ~1.1.2
6017 silly placeDep ROOT on-finished@2.4.1 OK for: express@4.22.1 want: ~2.4.1
6018 silly placeDep ROOT parseurl@1.3.3 OK for: express@4.22.1 want: ~1.3.3
6019 silly placeDep ROOT path-to-regexp@0.1.13 OK for: express@4.22.1 want: ~0.1.12
6020 silly placeDep ROOT proxy-addr@2.0.7 OK for: express@4.22.1 want: ~2.0.7
6021 silly placeDep ROOT qs@6.14.2 OK for: express@4.22.1 want: ~6.14.0
6022 silly placeDep ROOT range-parser@1.2.1 OK for: express@4.22.1 want: ~1.2.1
6023 silly placeDep ROOT send@0.19.2 OK for: express@4.22.1 want: ~0.19.0
6024 silly placeDep ROOT serve-static@1.16.3 OK for: express@4.22.1 want: ~1.16.2
6025 silly placeDep ROOT setprototypeof@1.2.0 OK for: express@4.22.1 want: 1.2.0
6026 silly placeDep ROOT statuses@2.0.2 OK for: express@4.22.1 want: ~2.0.1
6027 silly placeDep ROOT type-is@1.6.18 OK for: express@4.22.1 want: ~1.6.18
6028 silly placeDep ROOT utils-merge@1.0.1 OK for: express@4.22.1 want: 1.0.1
6029 silly fetch manifest negotiator@0.6.3
6030 silly packumentCache full:https://registry.npmjs.org/negotiator cache-hit
6031 silly fetch manifest unpipe@~1.0.0
6032 silly packumentCache full:https://registry.npmjs.org/unpipe cache-miss
6033 silly fetch manifest destroy@~1.2.0
6034 silly packumentCache full:https://registry.npmjs.org/destroy cache-miss
6035 silly fetch manifest raw-body@~2.5.3
6036 silly packumentCache full:https://registry.npmjs.org/raw-body cache-miss
6037 silly fetch manifest iconv-lite@~0.4.24
6038 silly packumentCache full:https://registry.npmjs.org/iconv-lite cache-hit
6039 silly fetch manifest http-errors@~2.0.1
6040 silly packumentCache full:https://registry.npmjs.org/http-errors cache-hit
6041 silly fetch manifest content-type@~1.0.5
6042 silly packumentCache full:https://registry.npmjs.org/content-type cache-hit
6043 silly fetch manifest unpipe@~1.0.0
6044 silly packumentCache full:https://registry.npmjs.org/unpipe cache-miss
6045 silly fetch manifest statuses@~2.0.2
6046 silly packumentCache full:https://registry.npmjs.org/statuses cache-hit
6047 silly fetch manifest setprototypeof@~1.2.0
6048 silly packumentCache full:https://registry.npmjs.org/setprototypeof cache-hit
6049 silly fetch manifest statuses@~2.0.2
6050 silly packumentCache full:https://registry.npmjs.org/statuses cache-hit
6051 silly fetch manifest toidentifier@~1.0.1
6052 silly packumentCache full:https://registry.npmjs.org/toidentifier cache-miss
6053 silly fetch manifest ee-first@1.1.1
6054 silly packumentCache full:https://registry.npmjs.org/ee-first cache-miss
6055 silly fetch manifest forwarded@0.2.0
6056 silly packumentCache full:https://registry.npmjs.org/forwarded cache-miss
6057 silly fetch manifest ipaddr.js@1.9.1
6058 silly packumentCache full:https://registry.npmjs.org/ipaddr.js cache-hit
6059 silly fetch manifest mime@1.6.0
6060 silly packumentCache full:https://registry.npmjs.org/mime cache-miss
6061 silly fetch manifest destroy@1.2.0
6062 silly packumentCache full:https://registry.npmjs.org/destroy cache-miss
6063 silly fetch manifest media-typer@0.3.0
6064 silly packumentCache full:https://registry.npmjs.org/media-typer cache-miss
6065 http cache https://registry.npmjs.org/destroy 45ms (cache hit)
6066 silly packumentCache full:https://registry.npmjs.org/destroy set size:15738 disposed:false
6067 http cache https://registry.npmjs.org/forwarded 42ms (cache hit)
6068 silly packumentCache full:https://registry.npmjs.org/forwarded set size:11229 disposed:false
6069 http cache https://registry.npmjs.org/unpipe 46ms (cache hit)
6070 silly packumentCache full:https://registry.npmjs.org/unpipe set size:3609 disposed:false
6071 http cache https://registry.npmjs.org/unpipe 50ms (cache hit)
6072 silly packumentCache full:https://registry.npmjs.org/unpipe set size:3609 disposed:false
6073 silly packumentCache full:https://registry.npmjs.org/unpipe dispose
6074 http cache https://registry.npmjs.org/ee-first 47ms (cache hit)
6075 silly packumentCache full:https://registry.npmjs.org/ee-first set size:15327 disposed:false
6076 http cache https://registry.npmjs.org/raw-body 54ms (cache hit)
6077 silly packumentCache full:https://registry.npmjs.org/raw-body set size:117822 disposed:false
6078 http cache https://registry.npmjs.org/destroy 50ms (cache hit)
6079 silly packumentCache full:https://registry.npmjs.org/destroy set size:15738 disposed:false
6080 silly packumentCache full:https://registry.npmjs.org/destroy dispose
6081 http cache https://registry.npmjs.org/mime 52ms (cache hit)
6082 silly packumentCache full:https://registry.npmjs.org/mime set size:119236 disposed:false
6083 http cache https://registry.npmjs.org/toidentifier 57ms (cache hit)
6084 silly packumentCache full:https://registry.npmjs.org/toidentifier set size:12006 disposed:false
6085 http cache https://registry.npmjs.org/media-typer 55ms (cache hit)
6086 silly packumentCache full:https://registry.npmjs.org/media-typer set size:20873 disposed:false
6087 silly placeDep node_modules/accepts negotiator@0.6.3 OK for: accepts@1.3.8 want: 0.6.3
6088 silly placeDep node_modules/body-parser debug@2.6.9 OK for: body-parser@1.20.4 want: 2.6.9
6089 silly placeDep ROOT destroy@1.2.0 OK for: body-parser@1.20.4 want: ~1.2.0
6090 silly placeDep node_modules/body-parser iconv-lite@0.4.24 OK for: body-parser@1.20.4 want: ~0.4.24
6091 silly placeDep ROOT raw-body@2.5.3 OK for: body-parser@1.20.4 want: ~2.5.3
6092 silly placeDep ROOT unpipe@1.0.0 OK for: body-parser@1.20.4 want: ~1.0.0
6093 silly placeDep node_modules/finalhandler debug@2.6.9 OK for: finalhandler@1.3.2 want: 2.6.9
6094 silly placeDep ROOT toidentifier@1.0.1 OK for: http-errors@2.0.1 want: ~1.0.1
6095 silly placeDep ROOT @types/http-proxy@1.17.17 OK for: http-proxy-middleware@2.0.9 want: ^1.17.8
6096 silly placeDep ROOT http-proxy@1.18.1 OK for: http-proxy-middleware@2.0.9 want: ^1.18.1
6097 silly placeDep ROOT is-plain-obj@3.0.0 OK for: http-proxy-middleware@2.0.9 want: ^3.0.0
6098 silly fetch manifest eventemitter3@^4.0.0
6099 silly packumentCache full:https://registry.npmjs.org/eventemitter3 cache-miss
6100 silly fetch manifest follow-redirects@^1.0.0
6101 silly packumentCache full:https://registry.npmjs.org/follow-redirects cache-miss
6102 http cache https://registry.npmjs.org/eventemitter3 9ms (cache hit)
6103 silly packumentCache full:https://registry.npmjs.org/eventemitter3 set size:92292 disposed:false
6104 http cache https://registry.npmjs.org/follow-redirects 13ms (cache hit)
6105 silly packumentCache full:https://registry.npmjs.org/follow-redirects set size:186700 disposed:false
6106 silly placeDep ROOT eventemitter3@4.0.7 OK for: http-proxy@1.18.1 want: ^4.0.0
6107 silly placeDep ROOT follow-redirects@1.15.11 OK for: http-proxy@1.18.1 want: ^1.0.0
6108 silly placeDep ROOT dns-packet@5.6.1 OK for: multicast-dns@7.2.5 want: ^5.2.2
6109 silly placeDep ROOT thunky@1.1.0 OK for: multicast-dns@7.2.5 want: ^1.0.2
6110 silly fetch manifest @leichtgewicht/ip-codec@^2.0.1
6111 silly packumentCache full:https://registry.npmjs.org/@leichtgewicht%2fip-codec cache-miss
6112 http cache https://registry.npmjs.org/@leichtgewicht%2fip-codec 16ms (cache hit)
6113 silly packumentCache full:https://registry.npmjs.org/@leichtgewicht%2fip-codec set size:20495 disposed:false
6114 silly placeDep ROOT @leichtgewicht/ip-codec@2.0.5 OK for: dns-packet@5.6.1 want: ^2.0.1
6115 silly placeDep ROOT ee-first@1.1.1 OK for: on-finished@2.4.1 want: 1.1.1
6116 silly placeDep ROOT @types/retry@0.12.0 OK for: p-retry@4.6.2 want: 0.12.0
6117 silly placeDep ROOT retry@0.13.1 OK for: p-retry@4.6.2 want: ^0.13.1
6118 silly placeDep ROOT forwarded@0.2.0 OK for: proxy-addr@2.0.7 want: 0.2.0
6119 silly placeDep node_modules/proxy-addr ipaddr.js@1.9.1 OK for: proxy-addr@2.0.7 want: 1.9.1
6120 silly placeDep node_modules/raw-body iconv-lite@0.4.24 OK for: raw-body@2.5.3 want: ~0.4.24
6121 silly placeDep ROOT @types/node-forge@1.3.14 OK for: selfsigned@2.4.1 want: ^1.3.0
6122 silly placeDep ROOT node-forge@1.4.0 OK for: selfsigned@2.4.1 want: ^1
6123 silly placeDep node_modules/send debug@2.6.9 OK for: send@0.19.2 want: 2.6.9
6124 silly placeDep ROOT mime@1.6.0 OK for: send@0.19.2 want: 1.6.0
6125 silly placeDep ROOT batch@0.6.1 OK for: serve-index@1.9.2 want: 0.6.1
6126 silly placeDep node_modules/serve-index debug@2.6.9 OK for: serve-index@1.9.2 want: 2.6.9
6127 silly placeDep node_modules/serve-index http-errors@1.8.1 OK for: serve-index@1.9.2 want: ~1.8.0
6128 silly fetch manifest depd@~1.1.2
6129 silly packumentCache full:https://registry.npmjs.org/depd cache-hit
6130 silly fetch manifest statuses@>= 1.5.0 < 2
6131 silly packumentCache full:https://registry.npmjs.org/statuses cache-hit
6132 silly placeDep ROOT faye-websocket@0.11.4 OK for: sockjs@0.3.24 want: ^0.11.3
6133 silly placeDep ROOT uuid@8.3.2 OK for: sockjs@0.3.24 want: ^8.3.2
6134 silly placeDep ROOT websocket-driver@0.7.4 OK for: sockjs@0.3.24 want: ^0.7.4
6135 silly fetch manifest websocket-driver@>=0.5.1
6136 silly packumentCache full:https://registry.npmjs.org/websocket-driver cache-hit
6137 silly fetch manifest http-parser-js@>=0.5.1
6138 silly packumentCache full:https://registry.npmjs.org/http-parser-js cache-miss
6139 silly fetch manifest websocket-extensions@>=0.1.1
6140 silly packumentCache full:https://registry.npmjs.org/websocket-extensions cache-miss
6141 http cache https://registry.npmjs.org/http-parser-js 14ms (cache hit)
6142 silly packumentCache full:https://registry.npmjs.org/http-parser-js set size:68161 disposed:false
6143 http cache https://registry.npmjs.org/websocket-extensions 16ms (cache hit)
6144 silly packumentCache full:https://registry.npmjs.org/websocket-extensions set size:22792 disposed:false
6145 silly placeDep ROOT handle-thing@2.0.1 OK for: spdy@4.0.2 want: ^2.0.0
6146 silly placeDep ROOT http-deceiver@1.2.7 OK for: spdy@4.0.2 want: ^1.2.7
6147 silly placeDep ROOT select-hose@2.0.0 OK for: spdy@4.0.2 want: ^2.0.0
6148 silly placeDep ROOT spdy-transport@3.0.0 OK for: spdy@4.0.2 want: ^3.0.0
6149 silly fetch manifest detect-node@^2.0.4
6150 silly packumentCache full:https://registry.npmjs.org/detect-node cache-miss
6151 silly fetch manifest hpack.js@^2.1.6
6152 silly packumentCache full:https://registry.npmjs.org/hpack.js cache-miss
6153 silly fetch manifest obuf@^1.1.2
6154 silly packumentCache full:https://registry.npmjs.org/obuf cache-miss
6155 silly fetch manifest readable-stream@^3.0.6
6156 silly packumentCache full:https://registry.npmjs.org/readable-stream cache-miss
6157 silly fetch manifest wbuf@^1.7.3
6158 silly packumentCache full:https://registry.npmjs.org/wbuf cache-miss
6159 http cache https://registry.npmjs.org/detect-node 13ms (cache hit)
6160 silly packumentCache full:https://registry.npmjs.org/detect-node set size:14548 disposed:false
6161 http cache https://registry.npmjs.org/obuf 16ms (cache hit)
6162 silly packumentCache full:https://registry.npmjs.org/obuf set size:14024 disposed:false
6163 http cache https://registry.npmjs.org/hpack.js 17ms (cache hit)
6164 silly packumentCache full:https://registry.npmjs.org/hpack.js set size:15353 disposed:false
6165 http cache https://registry.npmjs.org/wbuf 17ms (cache hit)
6166 silly packumentCache full:https://registry.npmjs.org/wbuf set size:20540 disposed:false
6167 http cache https://registry.npmjs.org/readable-stream 25ms (cache hit)
6168 silly packumentCache full:https://registry.npmjs.org/readable-stream set size:261096 disposed:false
6169 silly placeDep ROOT detect-node@2.1.0 OK for: spdy-transport@3.0.0 want: ^2.0.4
6170 silly placeDep ROOT hpack.js@2.1.6 OK for: spdy-transport@3.0.0 want: ^2.1.6
6171 silly placeDep ROOT obuf@1.1.2 OK for: spdy-transport@3.0.0 want: ^1.1.2
6172 silly placeDep ROOT readable-stream@3.6.2 OK for: spdy-transport@3.0.0 want: ^3.0.6
6173 silly placeDep ROOT wbuf@1.7.3 OK for: spdy-transport@3.0.0 want: ^1.7.3
6174 silly fetch manifest obuf@^1.0.0
6175 silly packumentCache full:https://registry.npmjs.org/obuf cache-hit
6176 silly fetch manifest readable-stream@^2.0.1
6177 silly packumentCache full:https://registry.npmjs.org/readable-stream cache-hit
6178 silly fetch manifest wbuf@^1.1.0
6179 silly packumentCache full:https://registry.npmjs.org/wbuf cache-hit
6180 silly fetch manifest string_decoder@^1.1.1
6181 silly packumentCache full:https://registry.npmjs.org/string_decoder cache-miss
6182 silly fetch manifest minimalistic-assert@^1.0.0
6183 silly packumentCache full:https://registry.npmjs.org/minimalistic-assert cache-miss
6184 http cache https://registry.npmjs.org/minimalistic-assert 11ms (cache hit)
6185 silly packumentCache full:https://registry.npmjs.org/minimalistic-assert set size:3465 disposed:false
6186 http cache https://registry.npmjs.org/string_decoder 12ms (cache hit)
6187 silly packumentCache full:https://registry.npmjs.org/string_decoder set size:28441 disposed:false
6188 silly placeDep node_modules/hpack.js readable-stream@2.3.8 OK for: hpack.js@2.1.6 want: ^2.0.1
6189 silly fetch manifest isarray@~1.0.0
6190 silly packumentCache full:https://registry.npmjs.org/isarray cache-hit
6191 silly fetch manifest safe-buffer@~5.1.1
6192 silly packumentCache full:https://registry.npmjs.org/safe-buffer cache-hit
6193 silly fetch manifest core-util-is@~1.0.0
6194 silly packumentCache full:https://registry.npmjs.org/core-util-is cache-miss
6195 silly fetch manifest string_decoder@~1.1.1
6196 silly packumentCache full:https://registry.npmjs.org/string_decoder cache-hit
6197 silly fetch manifest process-nextick-args@~2.0.0
6198 silly packumentCache full:https://registry.npmjs.org/process-nextick-args cache-miss
6199 http cache https://registry.npmjs.org/core-util-is 9ms (cache hit)
6200 silly packumentCache full:https://registry.npmjs.org/core-util-is set size:7163 disposed:false
6201 http cache https://registry.npmjs.org/process-nextick-args 11ms (cache hit)
6202 silly packumentCache full:https://registry.npmjs.org/process-nextick-args set size:15428 disposed:false
6203 silly placeDep ROOT string_decoder@1.3.0 OK for: readable-stream@3.6.2 want: ^1.1.1
6204 silly placeDep ROOT media-typer@0.3.0 OK for: type-is@1.6.18 want: 0.3.0
6205 silly placeDep ROOT minimalistic-assert@1.0.1 OK for: wbuf@1.7.3 want: ^1.0.0
6206 silly placeDep node_modules/webpack-manifest-plugin webpack-sources@2.3.1 OK for: webpack-manifest-plugin@4.1.1 want: ^2.2.0
6207 silly fetch manifest source-list-map@^2.0.1
6208 silly packumentCache full:https://registry.npmjs.org/source-list-map cache-miss
6209 http cache https://registry.npmjs.org/source-list-map 8ms (cache hit)
6210 silly packumentCache full:https://registry.npmjs.org/source-list-map set size:26925 disposed:false
6211 silly placeDep ROOT http-parser-js@0.5.10 OK for: websocket-driver@0.7.4 want: >=0.5.1
6212 silly placeDep ROOT websocket-extensions@0.1.4 OK for: websocket-driver@0.7.4 want: >=0.1.1
6213 silly placeDep node_modules/whatwg-encoding iconv-lite@0.4.24 OK for: whatwg-encoding@1.0.5 want: 0.4.24
6214 silly placeDep ROOT tr46@2.1.0 OK for: whatwg-url@8.7.0 want: ^2.1.0
6215 silly placeDep ROOT isexe@2.0.0 OK for: which@2.0.2 want: ^2.0.0
6216 silly placeDep ROOT is-bigint@1.1.0 OK for: which-boxed-primitive@1.1.1 want: ^1.1.0
6217 silly placeDep ROOT is-boolean-object@1.2.2 OK for: which-boxed-primitive@1.1.1 want: ^1.2.1
6218 silly placeDep ROOT is-number-object@1.1.1 OK for: which-boxed-primitive@1.1.1 want: ^1.1.1
6219 silly placeDep ROOT is-async-function@2.1.1 OK for: which-builtin-type@1.2.1 want: ^2.0.0
6220 silly placeDep ROOT is-finalizationregistry@1.1.1 OK for: which-builtin-type@1.2.1 want: ^1.1.0
6221 silly placeDep ROOT is-generator-function@1.1.2 OK for: which-builtin-type@1.2.1 want: ^1.0.10
6222 silly placeDep ROOT which-collection@1.0.2 OK for: which-builtin-type@1.2.1 want: ^1.0.2
6223 silly fetch manifest async-function@^1.0.0
6224 silly packumentCache full:https://registry.npmjs.org/async-function cache-miss
6225 silly fetch manifest generator-function@^2.0.0
6226 silly packumentCache full:https://registry.npmjs.org/generator-function cache-miss
6227 silly fetch manifest is-map@^2.0.3
6228 silly packumentCache full:https://registry.npmjs.org/is-map cache-miss
6229 silly fetch manifest is-weakmap@^2.0.2
6230 silly packumentCache full:https://registry.npmjs.org/is-weakmap cache-miss
6231 silly fetch manifest is-weakset@^2.0.3
6232 silly packumentCache full:https://registry.npmjs.org/is-weakset cache-miss
6233 http cache https://registry.npmjs.org/async-function 15ms (cache hit)
6234 silly packumentCache full:https://registry.npmjs.org/async-function set size:7150 disposed:false
6235 http cache https://registry.npmjs.org/generator-function 16ms (cache hit)
6236 silly packumentCache full:https://registry.npmjs.org/generator-function set size:10401 disposed:false
6237 http cache https://registry.npmjs.org/is-weakset 16ms (cache hit)
6238 silly packumentCache full:https://registry.npmjs.org/is-weakset set size:21965 disposed:false
6239 http cache https://registry.npmjs.org/is-map 18ms (cache hit)
6240 silly packumentCache full:https://registry.npmjs.org/is-map set size:18079 disposed:false
6241 http cache https://registry.npmjs.org/is-weakmap 19ms (cache hit)
6242 silly packumentCache full:https://registry.npmjs.org/is-weakmap set size:15163 disposed:false
6243 silly placeDep ROOT async-function@1.0.0 OK for: is-async-function@2.1.1 want: ^1.0.0
6244 silly placeDep ROOT generator-function@2.0.1 OK for: is-generator-function@1.1.2 want: ^2.0.0
6245 silly placeDep ROOT is-map@2.0.3 OK for: which-collection@1.0.2 want: ^2.0.3
6246 silly placeDep ROOT is-weakmap@2.0.2 OK for: which-collection@1.0.2 want: ^2.0.2
6247 silly placeDep ROOT is-weakset@2.0.4 OK for: which-collection@1.0.2 want: ^2.0.3
6248 silly placeDep ROOT pretty-bytes@5.6.0 OK for: workbox-webpack-plugin@6.6.0 want: ^5.4.1
6249 silly placeDep ROOT upath@1.2.0 OK for: workbox-webpack-plugin@6.6.0 want: ^1.2.0
6250 silly placeDep node_modules/workbox-webpack-plugin webpack-sources@1.4.3 OK for: workbox-webpack-plugin@6.6.0 want: ^1.4.3
6251 silly placeDep ROOT workbox-build@6.6.0 OK for: workbox-webpack-plugin@6.6.0 want: 6.6.0
6252 silly fetch manifest source-list-map@^2.0.0
6253 silly packumentCache full:https://registry.npmjs.org/source-list-map cache-hit
6254 silly fetch manifest ajv@^8.6.0
6255 silly packumentCache full:https://registry.npmjs.org/ajv cache-miss
6256 silly fetch manifest tempy@^0.6.0
6257 silly packumentCache full:https://registry.npmjs.org/tempy cache-miss
6258 silly fetch manifest rollup@^2.43.1
6259 silly packumentCache full:https://registry.npmjs.org/rollup cache-miss
6260 silly fetch manifest fs-extra@^9.0.1
6261 silly packumentCache full:https://registry.npmjs.org/fs-extra cache-hit
6262 silly fetch manifest source-map@^0.8.0-beta.0
6263 silly packumentCache full:https://registry.npmjs.org/source-map cache-hit
6264 silly fetch manifest workbox-sw@6.6.0
6265 silly packumentCache full:https://registry.npmjs.org/workbox-sw cache-miss
6266 silly fetch manifest common-tags@^1.8.0
6267 silly packumentCache full:https://registry.npmjs.org/common-tags cache-miss
6268 silly fetch manifest workbox-core@6.6.0
6269 silly packumentCache full:https://registry.npmjs.org/workbox-core cache-miss
6270 silly fetch manifest strip-comments@^2.0.1
6271 silly packumentCache full:https://registry.npmjs.org/strip-comments cache-miss
6272 silly fetch manifest workbox-window@6.6.0
6273 silly packumentCache full:https://registry.npmjs.org/workbox-window cache-miss
6274 silly fetch manifest workbox-recipes@6.6.0
6275 silly packumentCache full:https://registry.npmjs.org/workbox-recipes cache-miss
6276 silly fetch manifest workbox-routing@6.6.0
6277 silly packumentCache full:https://registry.npmjs.org/workbox-routing cache-miss
6278 silly fetch manifest workbox-streams@6.6.0
6279 silly packumentCache full:https://registry.npmjs.org/workbox-streams cache-miss
6280 http cache https://registry.npmjs.org/ajv 35ms (cache hit)
6281 silly packumentCache full:https://registry.npmjs.org/ajv set size:1120197 disposed:false
6282 silly fetch manifest stringify-object@^3.3.0
6283 silly packumentCache full:https://registry.npmjs.org/stringify-object cache-miss
6284 http cache https://registry.npmjs.org/tempy 48ms (cache hit)
6285 silly packumentCache full:https://registry.npmjs.org/tempy set size:47063 disposed:false
6286 silly fetch manifest workbox-expiration@6.6.0
6287 silly packumentCache full:https://registry.npmjs.org/workbox-expiration cache-miss
6288 http cache https://registry.npmjs.org/workbox-window 50ms (cache hit)
6289 silly packumentCache full:https://registry.npmjs.org/workbox-window set size:172054 disposed:false
6290 silly fetch manifest workbox-precaching@6.6.0
6291 silly packumentCache full:https://registry.npmjs.org/workbox-precaching cache-miss
6292 http cache https://registry.npmjs.org/workbox-sw 57ms (cache hit)
6293 silly packumentCache full:https://registry.npmjs.org/workbox-sw set size:250131 disposed:false
6294 silly fetch manifest workbox-strategies@6.6.0
6295 silly packumentCache full:https://registry.npmjs.org/workbox-strategies cache-miss
6296 http cache https://registry.npmjs.org/workbox-core 62ms (cache hit)
6297 silly packumentCache full:https://registry.npmjs.org/workbox-core set size:220289 disposed:false
6298 silly fetch manifest @rollup/plugin-babel@^5.2.0
6299 silly packumentCache full:https://registry.npmjs.org/@rollup%2fplugin-babel cache-miss
6300 http cache https://registry.npmjs.org/rollup 82ms (cache hit)
6301 silly packumentCache full:https://registry.npmjs.org/rollup set size:6157860 disposed:false
6302 silly fetch manifest rollup-plugin-terser@^7.0.0
6303 silly packumentCache full:https://registry.npmjs.org/rollup-plugin-terser cache-miss
6304 http cache https://registry.npmjs.org/workbox-recipes 170ms (cache hit)
6305 silly packumentCache full:https://registry.npmjs.org/workbox-recipes set size:84061 disposed:false
6306 silly fetch manifest @rollup/plugin-replace@^2.4.1
6307 silly packumentCache full:https://registry.npmjs.org/@rollup%2fplugin-replace cache-miss
6308 http cache https://registry.npmjs.org/common-tags 177ms (cache hit)
6309 silly packumentCache full:https://registry.npmjs.org/common-tags set size:170537 disposed:false
6310 silly fetch manifest workbox-range-requests@6.6.0
6311 silly packumentCache full:https://registry.npmjs.org/workbox-range-requests cache-miss
6312 http cache https://registry.npmjs.org/workbox-streams 199ms (cache hit)
6313 silly packumentCache full:https://registry.npmjs.org/workbox-streams set size:200299 disposed:false
6314 silly fetch manifest workbox-background-sync@6.6.0
6315 silly packumentCache full:https://registry.npmjs.org/workbox-background-sync cache-miss
6316 http cache https://registry.npmjs.org/workbox-routing 203ms (cache hit)
6317 silly packumentCache full:https://registry.npmjs.org/workbox-routing set size:243261 disposed:false
6318 silly fetch manifest workbox-broadcast-update@6.6.0
6319 silly packumentCache full:https://registry.npmjs.org/workbox-broadcast-update cache-miss
6320 http cache https://registry.npmjs.org/strip-comments 214ms (cache hit)
6321 silly packumentCache full:https://registry.npmjs.org/strip-comments set size:50316 disposed:false
6322 silly fetch manifest workbox-google-analytics@6.6.0
6323 silly packumentCache full:https://registry.npmjs.org/workbox-google-analytics cache-miss
6324 http cache https://registry.npmjs.org/stringify-object 200ms (cache hit)
6325 silly packumentCache full:https://registry.npmjs.org/stringify-object set size:60566 disposed:false
6326 silly fetch manifest @apideck/better-ajv-errors@^0.3.1
6327 silly packumentCache full:https://registry.npmjs.org/@apideck%2fbetter-ajv-errors cache-miss
6328 http cache https://registry.npmjs.org/workbox-expiration 200ms (cache hit)
6329 silly packumentCache full:https://registry.npmjs.org/workbox-expiration set size:162507 disposed:false
6330 silly fetch manifest workbox-cacheable-response@6.6.0
6331 silly packumentCache full:https://registry.npmjs.org/workbox-cacheable-response cache-miss
6332 http cache https://registry.npmjs.org/rollup-plugin-terser 85ms (cache hit)
6333 silly packumentCache full:https://registry.npmjs.org/rollup-plugin-terser set size:93631 disposed:false
6334 silly fetch manifest workbox-navigation-preload@6.6.0
6335 silly packumentCache full:https://registry.npmjs.org/workbox-navigation-preload cache-miss
6336 http cache https://registry.npmjs.org/workbox-precaching 200ms (cache hit)
6337 silly packumentCache full:https://registry.npmjs.org/workbox-precaching set size:243877 disposed:false
6338 silly fetch manifest @rollup/plugin-node-resolve@^11.2.1
6339 silly packumentCache full:https://registry.npmjs.org/@rollup%2fplugin-node-resolve cache-miss
6340 http cache https://registry.npmjs.org/workbox-strategies 199ms (cache hit)
6341 silly packumentCache full:https://registry.npmjs.org/workbox-strategies set size:222682 disposed:false
6342 silly fetch manifest @surma/rollup-plugin-off-main-thread@^2.2.3
6343 silly packumentCache full:https://registry.npmjs.org/@surma%2frollup-plugin-off-main-thread cache-miss
6344 http cache https://registry.npmjs.org/@rollup%2fplugin-babel 200ms (cache hit)
6345 silly packumentCache full:https://registry.npmjs.org/@rollup%2fplugin-babel set size:91407 disposed:false
6346 http cache https://registry.npmjs.org/workbox-range-requests 90ms (cache hit)
6347 silly packumentCache full:https://registry.npmjs.org/workbox-range-requests set size:239350 disposed:false
6348 http cache https://registry.npmjs.org/@rollup%2fplugin-replace 100ms (cache hit)
6349 silly packumentCache full:https://registry.npmjs.org/@rollup%2fplugin-replace set size:99018 disposed:false
6350 http cache https://registry.npmjs.org/workbox-background-sync 74ms (cache hit)
6351 silly packumentCache full:https://registry.npmjs.org/workbox-background-sync set size:257447 disposed:false
6352 http cache https://registry.npmjs.org/workbox-broadcast-update 70ms (cache hit)
6353 silly packumentCache full:https://registry.npmjs.org/workbox-broadcast-update set size:166163 disposed:false
6354 http cache https://registry.npmjs.org/workbox-google-analytics 69ms (cache hit)
6355 silly packumentCache full:https://registry.npmjs.org/workbox-google-analytics set size:276492 disposed:false
6356 http cache https://registry.npmjs.org/@apideck%2fbetter-ajv-errors 50ms (cache hit)
6357 silly packumentCache full:https://registry.npmjs.org/@apideck%2fbetter-ajv-errors set size:74443 disposed:false
6358 http cache https://registry.npmjs.org/workbox-cacheable-response 50ms (cache hit)
6359 silly packumentCache full:https://registry.npmjs.org/workbox-cacheable-response set size:252932 disposed:false
6360 http cache https://registry.npmjs.org/@surma%2frollup-plugin-off-main-thread 39ms (cache hit)
6361 silly packumentCache full:https://registry.npmjs.org/@surma%2frollup-plugin-off-main-thread set size:38427 disposed:false
6362 http cache https://registry.npmjs.org/workbox-navigation-preload 51ms (cache hit)
6363 silly packumentCache full:https://registry.npmjs.org/workbox-navigation-preload set size:195242 disposed:false
6364 http cache https://registry.npmjs.org/@rollup%2fplugin-node-resolve 49ms (cache hit)
6365 silly packumentCache full:https://registry.npmjs.org/@rollup%2fplugin-node-resolve set size:210808 disposed:false
6366 silly fetch manifest @babel/core@^7.11.1
6367 silly packumentCache full:https://registry.npmjs.org/@babel%2fcore cache-hit
6368 silly fetch manifest @types/babel__core@^7.1.9
6369 silly packumentCache full:https://registry.npmjs.org/@types%2fbabel__core cache-hit
6370 silly placeDep node_modules/workbox-build @apideck/better-ajv-errors@0.3.7 OK for: workbox-build@6.6.0 want: ^0.3.1
6371 silly placeDep node_modules/workbox-build ajv@8.18.0 OK for: @apideck/better-ajv-errors@0.3.7 want: >=8
6372 silly placeDep ROOT @rollup/plugin-babel@5.3.1 OK for: workbox-build@6.6.0 want: ^5.2.0
6373 silly placeDep ROOT rollup@2.80.0 OK for: @rollup/plugin-babel@5.3.1 want: ^1.20.0||^2.0.0
6374 silly placeDep ROOT @rollup/plugin-node-resolve@11.2.1 OK for: workbox-build@6.6.0 want: ^11.2.1
6375 silly placeDep ROOT @rollup/plugin-replace@2.4.2 OK for: workbox-build@6.6.0 want: ^2.4.1
6376 silly placeDep ROOT @surma/rollup-plugin-off-main-thread@2.2.3 OK for: workbox-build@6.6.0 want: ^2.2.3
6377 silly placeDep ROOT common-tags@1.8.2 OK for: workbox-build@6.6.0 want: ^1.8.0
6378 silly placeDep node_modules/workbox-build fs-extra@9.1.0 OK for: workbox-build@6.6.0 want: ^9.0.1
6379 silly placeDep ROOT rollup-plugin-terser@7.0.2 OK for: workbox-build@6.6.0 want: ^7.0.0
6380 silly placeDep node_modules/workbox-build source-map@0.8.0-beta.0 OK for: workbox-build@6.6.0 want: ^0.8.0-beta.0
6381 silly placeDep ROOT stringify-object@3.3.0 OK for: workbox-build@6.6.0 want: ^3.3.0
6382 silly placeDep ROOT strip-comments@2.0.1 OK for: workbox-build@6.6.0 want: ^2.0.1
6383 silly placeDep ROOT tempy@0.6.0 OK for: workbox-build@6.6.0 want: ^0.6.0
6384 silly placeDep ROOT workbox-background-sync@6.6.0 OK for: workbox-build@6.6.0 want: 6.6.0
6385 silly placeDep ROOT workbox-broadcast-update@6.6.0 OK for: workbox-build@6.6.0 want: 6.6.0
6386 silly placeDep ROOT workbox-cacheable-response@6.6.0 OK for: workbox-build@6.6.0 want: 6.6.0
6387 silly placeDep ROOT workbox-core@6.6.0 OK for: workbox-build@6.6.0 want: 6.6.0
6388 silly placeDep ROOT workbox-expiration@6.6.0 OK for: workbox-build@6.6.0 want: 6.6.0
6389 silly placeDep ROOT workbox-google-analytics@6.6.0 OK for: workbox-build@6.6.0 want: 6.6.0
6390 silly placeDep ROOT workbox-navigation-preload@6.6.0 OK for: workbox-build@6.6.0 want: 6.6.0
6391 silly placeDep ROOT workbox-precaching@6.6.0 OK for: workbox-build@6.6.0 want: 6.6.0
6392 silly placeDep ROOT workbox-range-requests@6.6.0 OK for: workbox-build@6.6.0 want: 6.6.0
6393 silly placeDep ROOT workbox-recipes@6.6.0 OK for: workbox-build@6.6.0 want: 6.6.0
6394 silly placeDep ROOT workbox-routing@6.6.0 OK for: workbox-build@6.6.0 want: 6.6.0
6395 silly placeDep ROOT workbox-strategies@6.6.0 OK for: workbox-build@6.6.0 want: 6.6.0
6396 silly placeDep ROOT workbox-streams@6.6.0 OK for: workbox-build@6.6.0 want: 6.6.0
6397 silly placeDep ROOT workbox-sw@6.6.0 OK for: workbox-build@6.6.0 want: 6.6.0
6398 silly placeDep ROOT workbox-window@6.6.0 OK for: workbox-build@6.6.0 want: 6.6.0
6399 silly fetch manifest jsonpointer@^5.0.1
6400 silly packumentCache full:https://registry.npmjs.org/jsonpointer cache-miss
6401 silly fetch manifest @rollup/pluginutils@^3.1.0
6402 silly packumentCache full:https://registry.npmjs.org/@rollup%2fpluginutils cache-miss
6403 silly fetch manifest is-module@^1.0.0
6404 silly packumentCache full:https://registry.npmjs.org/is-module cache-miss
6405 silly fetch manifest @types/resolve@1.17.1
6406 silly packumentCache full:https://registry.npmjs.org/@types%2fresolve cache-miss
6407 silly fetch manifest builtin-modules@^3.1.0
6408 silly packumentCache full:https://registry.npmjs.org/builtin-modules cache-miss
6409 silly fetch manifest @rollup/pluginutils@^3.1.0
6410 silly packumentCache full:https://registry.npmjs.org/@rollup%2fpluginutils cache-miss
6411 silly fetch manifest magic-string@^0.25.7
6412 silly packumentCache full:https://registry.npmjs.org/magic-string cache-miss
6413 silly fetch manifest @rollup/pluginutils@^3.1.0
6414 silly packumentCache full:https://registry.npmjs.org/@rollup%2fpluginutils cache-miss
6415 silly fetch manifest ejs@^3.1.6
6416 silly packumentCache full:https://registry.npmjs.org/ejs cache-miss
6417 silly fetch manifest magic-string@^0.25.0
6418 silly packumentCache full:https://registry.npmjs.org/magic-string cache-miss
6419 silly fetch manifest string.prototype.matchall@^4.0.6
6420 silly packumentCache full:https://registry.npmjs.org/string.prototype.matchall cache-hit
6421 silly fetch manifest jest-worker@^26.2.1
6422 silly packumentCache full:https://registry.npmjs.org/jest-worker cache-hit
6423 silly fetch manifest serialize-javascript@^4.0.0
6424 silly packumentCache full:https://registry.npmjs.org/serialize-javascript cache-hit
6425 silly fetch manifest whatwg-url@^7.0.0
6426 silly packumentCache full:https://registry.npmjs.org/whatwg-url cache-hit
6427 silly fetch manifest is-obj@^1.0.1
6428 silly packumentCache full:https://registry.npmjs.org/is-obj cache-miss
6429 http cache https://registry.npmjs.org/is-module 31ms (cache hit)
6430 silly packumentCache full:https://registry.npmjs.org/is-module set size:4216 disposed:false
6431 silly fetch manifest is-regexp@^1.0.0
6432 silly packumentCache full:https://registry.npmjs.org/is-regexp cache-miss
6433 http cache https://registry.npmjs.org/builtin-modules 31ms (cache hit)
6434 silly packumentCache full:https://registry.npmjs.org/builtin-modules set size:23673 disposed:false
6435 silly fetch manifest get-own-enumerable-property-symbols@^3.0.0
6436 silly packumentCache full:https://registry.npmjs.org/get-own-enumerable-property-symbols cache-miss
6437 http cache https://registry.npmjs.org/jsonpointer 36ms (cache hit)
6438 silly packumentCache full:https://registry.npmjs.org/jsonpointer set size:22257 disposed:false
6439 silly fetch manifest temp-dir@^2.0.0
6440 silly packumentCache full:https://registry.npmjs.org/temp-dir cache-miss
6441 http cache https://registry.npmjs.org/@rollup%2fpluginutils 37ms (cache hit)
6442 silly packumentCache full:https://registry.npmjs.org/@rollup%2fpluginutils set size:118597 disposed:false
6443 silly fetch manifest type-fest@^0.16.0
6444 silly packumentCache full:https://registry.npmjs.org/type-fest cache-hit
6445 silly fetch manifest unique-string@^2.0.0
6446 silly packumentCache full:https://registry.npmjs.org/unique-string cache-miss
6447 http cache https://registry.npmjs.org/@types%2fresolve 43ms (cache hit)
6448 silly packumentCache full:https://registry.npmjs.org/@types%2fresolve set size:36189 disposed:false
6449 silly fetch manifest idb@^7.0.1
6450 silly packumentCache full:https://registry.npmjs.org/idb cache-miss
6451 http cache https://registry.npmjs.org/@rollup%2fpluginutils 45ms (cache hit)
6452 silly packumentCache full:https://registry.npmjs.org/@rollup%2fpluginutils set size:118597 disposed:false
6453 silly packumentCache full:https://registry.npmjs.org/@rollup%2fpluginutils dispose
6454 silly fetch manifest idb@^7.0.1
6455 silly packumentCache full:https://registry.npmjs.org/idb cache-miss
6456 http cache https://registry.npmjs.org/@rollup%2fpluginutils 48ms (cache hit)
6457 silly packumentCache full:https://registry.npmjs.org/@rollup%2fpluginutils set size:118597 disposed:true
6458 silly packumentCache full:https://registry.npmjs.org/@rollup%2fpluginutils dispose
6459 silly fetch manifest @types/trusted-types@^2.0.2
6460 silly packumentCache full:https://registry.npmjs.org/@types%2ftrusted-types cache-miss
6461 http cache https://registry.npmjs.org/magic-string 50ms (cache hit)
6462 silly packumentCache full:https://registry.npmjs.org/magic-string set size:331817 disposed:false
6463 http cache https://registry.npmjs.org/ejs 56ms (cache hit)
6464 silly packumentCache full:https://registry.npmjs.org/ejs set size:147175 disposed:false
6465 http cache https://registry.npmjs.org/magic-string 61ms (cache hit)
6466 silly packumentCache full:https://registry.npmjs.org/magic-string set size:331817 disposed:false
6467 silly packumentCache full:https://registry.npmjs.org/magic-string dispose
6468 http cache https://registry.npmjs.org/is-obj 61ms (cache hit)
6469 silly packumentCache full:https://registry.npmjs.org/is-obj set size:9560 disposed:false
6470 http cache https://registry.npmjs.org/get-own-enumerable-property-symbols 68ms (cache hit)
6471 silly packumentCache full:https://registry.npmjs.org/get-own-enumerable-property-symbols set size:19236 disposed:false
6472 http cache https://registry.npmjs.org/is-regexp 73ms (cache hit)
6473 silly packumentCache full:https://registry.npmjs.org/is-regexp set size:12459 disposed:false
6474 http cache https://registry.npmjs.org/temp-dir 70ms (cache hit)
6475 silly packumentCache full:https://registry.npmjs.org/temp-dir set size:8337 disposed:false
6476 http cache https://registry.npmjs.org/@types%2ftrusted-types 57ms (cache hit)
6477 silly packumentCache full:https://registry.npmjs.org/@types%2ftrusted-types set size:37046 disposed:false
6478 http cache https://registry.npmjs.org/unique-string 67ms (cache hit)
6479 silly packumentCache full:https://registry.npmjs.org/unique-string set size:8164 disposed:false
6480 http cache https://registry.npmjs.org/idb 66ms (cache hit)
6481 silly packumentCache full:https://registry.npmjs.org/idb set size:170881 disposed:false
6482 http cache https://registry.npmjs.org/idb 69ms (cache hit)
6483 silly packumentCache full:https://registry.npmjs.org/idb set size:170881 disposed:false
6484 silly packumentCache full:https://registry.npmjs.org/idb dispose
6485 silly fetch manifest rollup@^1.20.0||^2.0.0
6486 silly packumentCache full:https://registry.npmjs.org/rollup cache-miss
6487 http cache https://registry.npmjs.org/rollup 21ms (cache hit)
6488 silly packumentCache full:https://registry.npmjs.org/rollup set size:6157860 disposed:false
6489 silly placeDep ROOT @rollup/pluginutils@3.1.0 OK for: @rollup/plugin-babel@5.3.1 want: ^3.1.0
6490 silly fetch manifest @types/estree@0.0.39
6491 silly packumentCache full:https://registry.npmjs.org/@types%2festree cache-hit
6492 silly fetch manifest estree-walker@^1.0.1
6493 silly packumentCache full:https://registry.npmjs.org/estree-walker cache-miss
6494 http cache https://registry.npmjs.org/estree-walker 12ms (cache hit)
6495 silly packumentCache full:https://registry.npmjs.org/estree-walker set size:60887 disposed:false
6496 silly placeDep ROOT @types/resolve@1.17.1 OK for: @rollup/plugin-node-resolve@11.2.1 want: 1.17.1
6497 silly placeDep ROOT builtin-modules@3.3.0 OK for: @rollup/plugin-node-resolve@11.2.1 want: ^3.1.0
6498 silly placeDep ROOT is-module@1.0.0 OK for: @rollup/plugin-node-resolve@11.2.1 want: ^1.0.0
6499 silly placeDep ROOT magic-string@0.25.9 OK for: @rollup/plugin-replace@2.4.2 want: ^0.25.7
6500 silly fetch manifest sourcemap-codec@^1.4.8
6501 silly packumentCache full:https://registry.npmjs.org/sourcemap-codec cache-miss
6502 http cache https://registry.npmjs.org/sourcemap-codec 12ms (cache hit)
6503 silly packumentCache full:https://registry.npmjs.org/sourcemap-codec set size:45470 disposed:false
6504 silly placeDep node_modules/@rollup/pluginutils @types/estree@0.0.39 OK for: @rollup/pluginutils@3.1.0 want: 0.0.39
6505 silly placeDep ROOT estree-walker@1.0.1 OK for: @rollup/pluginutils@3.1.0 want: ^1.0.1
6506 silly placeDep ROOT ejs@3.1.10 OK for: @surma/rollup-plugin-off-main-thread@2.2.3 want: ^3.1.6
6507 silly placeDep ROOT string.prototype.matchall@4.0.12 OK for: @surma/rollup-plugin-off-main-thread@2.2.3 want: ^4.0.6
6508 silly fetch manifest jake@^10.8.5
6509 silly packumentCache full:https://registry.npmjs.org/jake cache-miss
6510 http cache https://registry.npmjs.org/jake 17ms (cache hit)
6511 silly packumentCache full:https://registry.npmjs.org/jake set size:258686 disposed:false
6512 silly placeDep ROOT jake@10.9.4 OK for: ejs@3.1.10 want: ^10.8.5
6513 silly fetch manifest async@^3.2.6
6514 silly packumentCache full:https://registry.npmjs.org/async cache-miss
6515 silly fetch manifest filelist@^1.0.4
6516 silly packumentCache full:https://registry.npmjs.org/filelist cache-miss
6517 http cache https://registry.npmjs.org/filelist 12ms (cache hit)
6518 silly packumentCache full:https://registry.npmjs.org/filelist set size:25930 disposed:false
6519 http cache https://registry.npmjs.org/async 15ms (cache hit)
6520 silly packumentCache full:https://registry.npmjs.org/async set size:230496 disposed:false
6521 silly placeDep ROOT async@3.2.6 OK for: jake@10.9.4 want: ^3.2.6
6522 silly placeDep ROOT filelist@1.0.6 OK for: jake@10.9.4 want: ^1.0.4
6523 silly fetch manifest minimatch@^5.0.1
6524 silly packumentCache full:https://registry.npmjs.org/minimatch cache-hit
6525 silly placeDep node_modules/filelist minimatch@5.1.9 OK for: filelist@1.0.6 want: ^5.0.1
6526 silly fetch manifest brace-expansion@^2.0.1
6527 silly packumentCache full:https://registry.npmjs.org/brace-expansion cache-hit
6528 silly placeDep ROOT sourcemap-codec@1.4.8 OK for: magic-string@0.25.9 want: ^1.4.8
6529 silly placeDep node_modules/rollup-plugin-terser jest-worker@26.6.2 OK for: rollup-plugin-terser@7.0.2 want: ^26.2.1
6530 silly placeDep node_modules/rollup-plugin-terser serialize-javascript@4.0.0 OK for: rollup-plugin-terser@7.0.2 want: ^4.0.0
6531 silly placeDep ROOT get-own-enumerable-property-symbols@3.0.2 OK for: stringify-object@3.3.0 want: ^3.0.0
6532 silly placeDep ROOT is-obj@1.0.1 OK for: stringify-object@3.3.0 want: ^1.0.1
6533 silly placeDep ROOT is-regexp@1.0.0 OK for: stringify-object@3.3.0 want: ^1.0.0
6534 silly placeDep ROOT temp-dir@2.0.0 OK for: tempy@0.6.0 want: ^2.0.0
6535 silly placeDep node_modules/tempy type-fest@0.16.0 OK for: tempy@0.6.0 want: ^0.16.0
6536 silly placeDep ROOT unique-string@2.0.0 OK for: tempy@0.6.0 want: ^2.0.0
6537 silly fetch manifest crypto-random-string@^2.0.0
6538 silly packumentCache full:https://registry.npmjs.org/crypto-random-string cache-miss
6539 http cache https://registry.npmjs.org/crypto-random-string 13ms (cache hit)
6540 silly packumentCache full:https://registry.npmjs.org/crypto-random-string set size:31541 disposed:false
6541 silly placeDep ROOT crypto-random-string@2.0.0 OK for: unique-string@2.0.0 want: ^2.0.0
6542 silly placeDep ROOT idb@7.1.1 OK for: workbox-background-sync@6.6.0 want: ^7.0.1
6543 silly placeDep ROOT @types/trusted-types@2.0.7 OK for: workbox-window@6.6.0 want: ^2.0.2
6544 silly placeDep ROOT is-typedarray@1.0.0 OK for: write-file-atomic@3.0.3 want: ^1.0.0
6545 silly placeDep ROOT typedarray-to-buffer@3.1.5 OK for: write-file-atomic@3.0.3 want: ^3.1.5
6546 silly placeDep ROOT cliui@7.0.4 OK for: yargs@16.2.0 want: ^7.0.2
6547 silly placeDep ROOT get-caller-file@2.0.5 OK for: yargs@16.2.0 want: ^2.0.5
6548 silly placeDep ROOT require-directory@2.1.1 OK for: yargs@16.2.0 want: ^2.1.1
6549 silly placeDep ROOT string-width@4.2.3 OK for: yargs@16.2.0 want: ^4.2.0
6550 silly placeDep ROOT y18n@5.0.8 OK for: yargs@16.2.0 want: ^5.0.5
6551 silly placeDep ROOT yargs-parser@20.2.9 OK for: yargs@16.2.0 want: ^20.2.2
6552 silly fetch manifest wrap-ansi@^7.0.0
6553 silly packumentCache full:https://registry.npmjs.org/wrap-ansi cache-miss
6554 silly fetch manifest emoji-regex@^8.0.0
6555 silly packumentCache full:https://registry.npmjs.org/emoji-regex cache-hit
6556 silly fetch manifest is-fullwidth-code-point@^3.0.0
6557 silly packumentCache full:https://registry.npmjs.org/is-fullwidth-code-point cache-miss
6558 http cache https://registry.npmjs.org/wrap-ansi 10ms (cache hit)
6559 silly packumentCache full:https://registry.npmjs.org/wrap-ansi set size:55299 disposed:false
6560 http cache https://registry.npmjs.org/is-fullwidth-code-point 11ms (cache hit)
6561 silly packumentCache full:https://registry.npmjs.org/is-fullwidth-code-point set size:14578 disposed:false
6562 silly placeDep ROOT wrap-ansi@7.0.0 OK for: cliui@7.0.4 want: ^7.0.0
6563 silly placeDep node_modules/string-width emoji-regex@8.0.0 OK for: string-width@4.2.3 want: ^8.0.0
6564 silly placeDep ROOT is-fullwidth-code-point@3.0.0 OK for: string-width@4.2.3 want: ^3.0.0
6565 silly placeDep node_modules/@eslint/eslintrc argparse@2.0.1 OK for: js-yaml@4.1.1 want: ^2.0.1
6566 silly placeDep node_modules/@nicolo-ribaudo/eslint-scope-5-internals estraverse@4.3.0 OK for: eslint-scope@5.1.1 want: ^4.1.1
6567 silly placeDep ROOT @types/mime@1.3.5 OK for: @types/send@0.17.6 want: ^1
6568 silly placeDep node_modules/@typescript-eslint/utils estraverse@4.3.0 OK for: eslint-scope@5.1.1 want: ^4.1.1
6569 silly placeDep ROOT fast-uri@3.1.0 OK for: ajv@8.18.0 want: ^3.0.1
6570 silly placeDep node_modules/ajv-formats json-schema-traverse@1.0.0 OK for: ajv@8.18.0 want: ^1.0.0
6571 silly placeDep ROOT require-from-string@2.0.2 OK for: ajv@8.18.0 want: ^2.0.2
6572 silly placeDep ROOT ajv-keywords@3.5.2 OK for: schema-utils@2.7.1 want: ^3.5.2
6573 silly placeDep node_modules/body-parser ms@2.0.0 OK for: debug@2.6.9 want: 2.0.0
6574 silly placeDep node_modules/coa ansi-styles@3.2.1 OK for: chalk@2.4.2 want: ^3.2.1
6575 silly placeDep node_modules/coa escape-string-regexp@1.0.5 OK for: chalk@2.4.2 want: ^1.0.5
6576 silly placeDep node_modules/coa supports-color@5.5.0 OK for: chalk@2.4.2 want: ^5.3.0
6577 silly fetch manifest color-convert@^1.9.0
6578 silly packumentCache full:https://registry.npmjs.org/color-convert cache-hit
6579 silly fetch manifest has-flag@^3.0.0
6580 silly packumentCache full:https://registry.npmjs.org/has-flag cache-hit
6581 silly placeDep node_modules/coa color-convert@1.9.3 OK for: ansi-styles@3.2.1 want: ^1.9.0
6582 silly fetch manifest color-name@1.1.3
6583 silly packumentCache full:https://registry.npmjs.org/color-name cache-hit
6584 silly placeDep node_modules/coa color-name@1.1.3 OK for: color-convert@1.9.3 want: 1.1.3
6585 silly placeDep node_modules/coa has-flag@3.0.0 OK for: supports-color@5.5.0 want: ^3.0.0
6586 silly placeDep node_modules/compression ms@2.0.0 OK for: debug@2.6.9 want: 2.0.0
6587 silly placeDep node_modules/csso mdn-data@2.0.14 OK for: css-tree@1.1.3 want: 2.0.14
6588 silly placeDep node_modules/csso source-map@0.6.1 OK for: css-tree@1.1.3 want: ^0.6.1
6589 silly placeDep node_modules/detect-port-alt ms@2.0.0 OK for: debug@2.6.9 want: 2.0.0
6590 silly placeDep ROOT array.prototype.findlast@1.2.5 OK for: eslint-plugin-react@7.37.5 want: ^1.2.5
6591 silly placeDep ROOT array.prototype.tosorted@1.1.4 OK for: eslint-plugin-react@7.37.5 want: ^1.1.4
6592 silly placeDep node_modules/eslint-config-react-app doctrine@2.1.0 OK for: eslint-plugin-react@7.37.5 want: ^2.1.0
6593 silly placeDep ROOT es-iterator-helpers@1.3.2 OK for: eslint-plugin-react@7.37.5 want: ^1.2.1
6594 silly placeDep ROOT object.entries@1.1.9 OK for: eslint-plugin-react@7.37.5 want: ^1.1.9
6595 silly placeDep ROOT prop-types@15.8.1 OK for: eslint-plugin-react@7.37.5 want: ^15.8.1
6596 silly placeDep node_modules/eslint-config-react-app resolve@2.0.0-next.6 OK for: eslint-plugin-react@7.37.5 want: ^2.0.0-next.5
6597 silly placeDep node_modules/eslint-config-react-app semver@6.3.1 OK for: eslint-plugin-react@7.37.5 want: ^6.3.1
6598 silly placeDep ROOT string.prototype.repeat@1.0.0 OK for: eslint-plugin-react@7.37.5 want: ^1.0.0
6599 silly fetch manifest iterator.prototype@^1.1.5
6600 silly packumentCache full:https://registry.npmjs.org/iterator.prototype cache-miss
6601 silly fetch manifest react-is@^16.13.1
6602 silly packumentCache full:https://registry.npmjs.org/react-is cache-miss
6603 silly fetch manifest node-exports-info@^1.6.0
6604 silly packumentCache full:https://registry.npmjs.org/node-exports-info cache-miss
6605 http cache https://registry.npmjs.org/iterator.prototype 17ms (cache hit)
6606 silly packumentCache full:https://registry.npmjs.org/iterator.prototype set size:26870 disposed:false
6607 http cache https://registry.npmjs.org/react-is 30ms (cache hit)
6608 silly packumentCache full:https://registry.npmjs.org/react-is set size:5339981 disposed:false
6609 http cache https://registry.npmjs.org/node-exports-info 65ms (cache hit)
6610 silly packumentCache full:https://registry.npmjs.org/node-exports-info set size:58723 disposed:false
6611 silly placeDep ROOT iterator.prototype@1.1.5 OK for: es-iterator-helpers@1.3.2 want: ^1.1.5
6612 silly placeDep node_modules/prop-types react-is@16.13.1 OK for: prop-types@15.8.1 want: ^16.13.1
6613 silly placeDep ROOT node-exports-info@1.6.0 OK for: resolve@2.0.0-next.6 want: ^1.6.0
6614 silly placeDep node_modules/node-exports-info semver@6.3.1 OK for: node-exports-info@1.6.0 want: ^6.3.1
6615 silly placeDep node_modules/eslint-plugin-import resolve@2.0.0-next.6 OK for: eslint-import-resolver-node@0.3.10 want: ^2.0.0-next.6
6616 silly placeDep node_modules/eslint-webpack-plugin supports-color@8.1.1 OK for: jest-worker@28.1.3 want: ^8.0.0
6617 silly placeDep node_modules/eslint locate-path@6.0.0 OK for: find-up@5.0.0 want: ^6.0.0
6618 silly fetch manifest p-locate@^5.0.0
6619 silly packumentCache full:https://registry.npmjs.org/p-locate cache-hit
6620 silly placeDep node_modules/eslint argparse@2.0.1 OK for: js-yaml@4.1.1 want: ^2.0.1
6621 silly placeDep node_modules/eslint p-locate@5.0.0 OK for: locate-path@6.0.0 want: ^5.0.0
6622 silly fetch manifest p-limit@^3.0.2
6623 silly packumentCache full:https://registry.npmjs.org/p-limit cache-hit
6624 silly placeDep node_modules/eslint p-limit@3.1.0 OK for: p-locate@5.0.0 want: ^3.0.2
6625 silly fetch manifest yocto-queue@^0.1.0
6626 silly packumentCache full:https://registry.npmjs.org/yocto-queue cache-miss
6627 http cache https://registry.npmjs.org/yocto-queue 13ms (cache hit)
6628 silly packumentCache full:https://registry.npmjs.org/yocto-queue set size:20256 disposed:false
6629 silly placeDep ROOT yocto-queue@0.1.0 OK for: p-limit@3.1.0 want: ^0.1.0
6630 silly placeDep node_modules/express ms@2.0.0 OK for: debug@2.6.9 want: 2.0.0
6631 silly placeDep node_modules/filelist brace-expansion@2.1.0 OK for: minimatch@5.1.9 want: ^2.0.1
6632 silly placeDep node_modules/finalhandler ms@2.0.0 OK for: debug@2.6.9 want: 2.0.0
6633 silly placeDep ROOT at-least-node@1.0.0 OK for: fs-extra@9.1.0 want: ^1.0.0
6634 silly placeDep ROOT core-util-is@1.0.3 OK for: readable-stream@2.3.8 want: ~1.0.0
6635 silly placeDep node_modules/hpack.js isarray@1.0.0 OK for: readable-stream@2.3.8 want: ~1.0.0
6636 silly placeDep ROOT process-nextick-args@2.0.1 OK for: readable-stream@2.3.8 want: ~2.0.0
6637 silly placeDep node_modules/hpack.js safe-buffer@5.1.2 OK for: readable-stream@2.3.8 want: ~5.1.1
6638 silly placeDep node_modules/hpack.js string_decoder@1.1.1 OK for: readable-stream@2.3.8 want: ~1.1.1
6639 silly placeDep node_modules/jest-watch-typeahead @jest/test-result@28.1.3 OK for: jest-watcher@28.1.3 want: ^28.1.3
6640 silly placeDep node_modules/jest-watch-typeahead @jest/types@28.1.3 OK for: jest-watcher@28.1.3 want: ^28.1.3
6641 silly placeDep node_modules/jest-watch-typeahead emittery@0.10.2 OK for: jest-watcher@28.1.3 want: ^0.10.2
6642 silly placeDep node_modules/jest-watch-typeahead jest-util@28.1.3 OK for: jest-watcher@28.1.3 want: ^28.1.3
6643 silly placeDep node_modules/jest-watch-typeahead/node_modules/jest-watcher string-length@4.0.2 OK for: jest-watcher@28.1.3 want: ^4.0.1
6644 silly fetch manifest @jest/console@^28.1.3
6645 silly packumentCache full:https://registry.npmjs.org/@jest%2fconsole cache-hit
6646 silly fetch manifest @types/yargs@^17.0.8
6647 silly packumentCache full:https://registry.npmjs.org/@types%2fyargs cache-hit
6648 silly fetch manifest @jest/schemas@^28.1.3
6649 silly packumentCache full:https://registry.npmjs.org/@jest%2fschemas cache-miss
6650 silly fetch manifest strip-ansi@^6.0.0
6651 silly packumentCache full:https://registry.npmjs.org/strip-ansi cache-hit
6652 http cache https://registry.npmjs.org/@jest%2fschemas 12ms (cache hit)
6653 silly packumentCache full:https://registry.npmjs.org/@jest%2fschemas set size:68580 disposed:false
6654 silly placeDep node_modules/jest-watch-typeahead @jest/console@28.1.3 OK for: @jest/test-result@28.1.3 want: ^28.1.3
6655 silly fetch manifest jest-message-util@^28.1.3
6656 silly packumentCache full:https://registry.npmjs.org/jest-message-util cache-hit
6657 silly placeDep node_modules/jest-watch-typeahead jest-message-util@28.1.3 OK for: @jest/console@28.1.3 want: ^28.1.3
6658 silly placeDep node_modules/jest-watch-typeahead/node_modules/@jest/console slash@3.0.0 OK for: @jest/console@28.1.3 want: ^3.0.0
6659 silly fetch manifest pretty-format@^28.1.3
6660 silly packumentCache full:https://registry.npmjs.org/pretty-format cache-hit
6661 silly placeDep ROOT @jest/schemas@28.1.3 OK for: @jest/types@28.1.3 want: ^28.1.3
6662 silly placeDep node_modules/jest-watch-typeahead @types/yargs@17.0.35 OK for: @jest/types@28.1.3 want: ^17.0.8
6663 silly fetch manifest @sinclair/typebox@^0.24.1
6664 silly packumentCache full:https://registry.npmjs.org/@sinclair%2ftypebox cache-miss
6665 http cache https://registry.npmjs.org/@sinclair%2ftypebox 23ms (cache hit)
6666 silly packumentCache full:https://registry.npmjs.org/@sinclair%2ftypebox set size:1230117 disposed:false
6667 silly placeDep ROOT @sinclair/typebox@0.24.51 OK for: @jest/schemas@28.1.3 want: ^0.24.1
6668 silly placeDep node_modules/jest-watch-typeahead pretty-format@28.1.3 OK for: jest-message-util@28.1.3 want: ^28.1.3
6669 silly placeDep node_modules/jest-watch-typeahead/node_modules/jest-message-util slash@3.0.0 OK for: jest-message-util@28.1.3 want: ^3.0.0
6670 silly fetch manifest react-is@^18.0.0
6671 silly packumentCache full:https://registry.npmjs.org/react-is cache-miss
6672 http cache https://registry.npmjs.org/react-is 27ms (cache hit)
6673 silly packumentCache full:https://registry.npmjs.org/react-is set size:5339981 disposed:false
6674 silly placeDep node_modules/jest-watch-typeahead ansi-styles@5.2.0 OK for: pretty-format@28.1.3 want: ^5.0.0
6675 silly placeDep node_modules/jest-watch-typeahead react-is@18.3.1 OK for: pretty-format@28.1.3 want: ^18.0.0
6676 silly placeDep node_modules/jest-watch-typeahead/node_modules/string-length char-regex@2.0.2 OK for: string-length@5.0.1 want: ^2.0.0
6677 silly placeDep node_modules/jest-watch-typeahead/node_modules/strip-ansi ansi-regex@6.2.2 OK for: strip-ansi@7.2.0 want: ^6.2.2
6678 silly placeDep node_modules/pkg-up locate-path@3.0.0 OK for: find-up@3.0.0 want: ^3.0.0
6679 silly fetch manifest p-locate@^3.0.0
6680 silly packumentCache full:https://registry.npmjs.org/p-locate cache-hit
6681 silly fetch manifest path-exists@^3.0.0
6682 silly packumentCache full:https://registry.npmjs.org/path-exists cache-hit
6683 silly placeDep node_modules/pkg-up p-locate@3.0.0 OK for: locate-path@3.0.0 want: ^3.0.0
6684 silly placeDep node_modules/pkg-up path-exists@3.0.0 OK for: locate-path@3.0.0 want: ^3.0.0
6685 silly placeDep node_modules/postcss-svgo commander@7.2.0 OK for: svgo@2.8.2 want: ^7.2.0
6686 silly placeDep node_modules/postcss-svgo css-tree@1.1.3 OK for: svgo@2.8.2 want: ^1.1.3
6687 silly placeDep node_modules/postcss-svgo sax@1.6.0 OK for: svgo@2.8.2 want: ^1.5.0
6688 silly placeDep node_modules/postcss-svgo mdn-data@2.0.14 OK for: css-tree@1.1.3 want: 2.0.14
6689 silly placeDep node_modules/postcss-svgo source-map@0.6.1 OK for: css-tree@1.1.3 want: ^0.6.1
6690 silly placeDep node_modules/react-dev-utils locate-path@6.0.0 OK for: find-up@5.0.0 want: ^6.0.0
6691 silly placeDep node_modules/react-dev-utils p-locate@5.0.0 OK for: locate-path@6.0.0 want: ^5.0.0
6692 silly placeDep node_modules/react-dev-utils p-limit@3.1.0 OK for: p-locate@5.0.0 want: ^3.0.2
6693 silly placeDep node_modules/resolve-url-loader picocolors@0.2.1 OK for: postcss@7.0.39 want: ^0.2.1
6694 silly placeDep node_modules/schema-utils json-schema-traverse@1.0.0 OK for: ajv@8.18.0 want: ^1.0.0
6695 silly placeDep node_modules/send/node_modules/debug ms@2.0.0 OK for: debug@2.6.9 want: 2.0.0
6696 silly placeDep node_modules/serve-index ms@2.0.0 OK for: debug@2.6.9 want: 2.0.0
6697 silly placeDep node_modules/serve-index depd@1.1.2 OK for: http-errors@1.8.1 want: ~1.1.2
6698 silly placeDep node_modules/serve-index statuses@1.5.0 OK for: http-errors@1.8.1 want: >= 1.5.0 < 2
6699 silly placeDep node_modules/svgo ansi-styles@3.2.1 OK for: chalk@2.4.2 want: ^3.2.1
6700 silly placeDep node_modules/svgo escape-string-regexp@1.0.5 OK for: chalk@2.4.2 want: ^1.0.5
6701 silly placeDep node_modules/svgo supports-color@5.5.0 OK for: chalk@2.4.2 want: ^5.3.0
6702 silly placeDep node_modules/svgo color-convert@1.9.3 OK for: ansi-styles@3.2.1 want: ^1.9.0
6703 silly placeDep node_modules/svgo color-name@1.1.3 OK for: color-convert@1.9.3 want: 1.1.3
6704 silly placeDep node_modules/svgo css-what@3.4.2 OK for: css-select@2.1.0 want: ^3.2.1
6705 silly placeDep node_modules/svgo domutils@1.7.0 OK for: css-select@2.1.0 want: ^1.7.0
6706 silly placeDep node_modules/svgo nth-check@1.0.2 OK for: css-select@2.1.0 want: ^1.0.2
6707 silly fetch manifest dom-serializer@0
6708 silly packumentCache full:https://registry.npmjs.org/dom-serializer cache-hit
6709 silly fetch manifest domelementtype@1
6710 silly packumentCache full:https://registry.npmjs.org/domelementtype cache-hit
6711 silly placeDep node_modules/svgo dom-serializer@0.2.2 OK for: domutils@1.7.0 want: 0
6712 silly placeDep node_modules/svgo/node_modules/domutils domelementtype@1.3.1 OK for: domutils@1.7.0 want: 1
6713 silly placeDep node_modules/svgo has-flag@3.0.0 OK for: supports-color@5.5.0 want: ^3.0.0
6714 silly placeDep ROOT source-list-map@2.0.1 OK for: webpack-sources@2.3.1 want: ^2.0.1
6715 silly placeDep node_modules/webpack-manifest-plugin source-map@0.6.1 OK for: webpack-sources@2.3.1 want: ^0.6.1
6716 silly placeDep node_modules/webpack estraverse@4.3.0 OK for: eslint-scope@5.1.1 want: ^4.1.1
6717 silly placeDep ROOT jsonpointer@5.0.1 OK for: @apideck/better-ajv-errors@0.3.7 want: ^5.0.1
6718 silly placeDep node_modules/workbox-build json-schema-traverse@1.0.0 OK for: ajv@8.18.0 want: ^1.0.0
6719 silly placeDep node_modules/workbox-build whatwg-url@7.1.0 OK for: source-map@0.8.0-beta.0 want: ^7.0.0
6720 silly fetch manifest tr46@^1.0.1
6721 silly packumentCache full:https://registry.npmjs.org/tr46 cache-hit
6722 silly fetch manifest lodash.sortby@^4.7.0
6723 silly packumentCache full:https://registry.npmjs.org/lodash.sortby cache-miss
6724 silly fetch manifest webidl-conversions@^4.0.2
6725 silly packumentCache full:https://registry.npmjs.org/webidl-conversions cache-hit
6726 http cache https://registry.npmjs.org/lodash.sortby 18ms (cache hit)
6727 silly packumentCache full:https://registry.npmjs.org/lodash.sortby set size:62703 disposed:false
6728 silly placeDep ROOT lodash.sortby@4.7.0 OK for: whatwg-url@7.1.0 want: ^4.7.0
6729 silly placeDep node_modules/workbox-build tr46@1.0.1 OK for: whatwg-url@7.1.0 want: ^1.0.1
6730 silly placeDep node_modules/workbox-build webidl-conversions@4.0.2 OK for: whatwg-url@7.1.0 want: ^4.0.2
6731 silly placeDep node_modules/workbox-webpack-plugin source-map@0.6.1 OK for: webpack-sources@1.4.3 want: ~0.6.1
6732 silly placeDep node_modules/jest-watch-typeahead/node_modules/jest-watcher strip-ansi@6.0.1 OK for: string-length@4.0.2 want: ^6.0.0
6733 silly reify mark retired [
6733 silly reify   'C:\\Facility_Service_Management\\frontend_react\\node_modules\\eslint-import-resolver-node'
6733 silly reify ]
6734 silly reify mark retired [
6734 silly reify   'C:\\Facility_Service_Management\\frontend_react\\node_modules\\eslint-plugin-react'
6734 silly reify ]
6735 silly reify moves {
6735 silly reify   'C:\\Facility_Service_Management\\frontend_react\\node_modules\\eslint-import-resolver-node': 'C:\\Facility_Service_Management\\frontend_react\\node_modules\\.eslint-import-resolver-node-DI2Q5abl',
6735 silly reify   'C:\\Facility_Service_Management\\frontend_react\\node_modules\\eslint-plugin-react': 'C:\\Facility_Service_Management\\frontend_react\\node_modules\\.eslint-plugin-react-i4BfvNOW'
6735 silly reify }
6736 http cache lodash.sortby@https://registry.npmjs.org/lodash.sortby/-/lodash.sortby-4.7.0.tgz 0ms (cache hit)
6737 http cache jsonpointer@https://registry.npmjs.org/jsonpointer/-/jsonpointer-5.0.1.tgz 0ms (cache hit)
6738 http cache @sinclair/typebox@https://registry.npmjs.org/@sinclair/typebox/-/typebox-0.24.51.tgz 0ms (cache hit)
6739 http cache @jest/schemas@https://registry.npmjs.org/@jest/schemas/-/schemas-28.1.3.tgz 0ms (cache hit)
6740 http cache source-list-map@https://registry.npmjs.org/source-list-map/-/source-list-map-2.0.1.tgz 0ms (cache hit)
6741 http cache process-nextick-args@https://registry.npmjs.org/process-nextick-args/-/process-nextick-args-2.0.1.tgz 0ms (cache hit)
6742 http cache core-util-is@https://registry.npmjs.org/core-util-is/-/core-util-is-1.0.3.tgz 0ms (cache hit)
6743 http cache yocto-queue@https://registry.npmjs.org/yocto-queue/-/yocto-queue-0.1.0.tgz 0ms (cache hit)
6744 http cache at-least-node@https://registry.npmjs.org/at-least-node/-/at-least-node-1.0.0.tgz 0ms (cache hit)
6745 http cache iterator.prototype@https://registry.npmjs.org/iterator.prototype/-/iterator.prototype-1.1.5.tgz 0ms (cache hit)
6746 http cache node-exports-info@https://registry.npmjs.org/node-exports-info/-/node-exports-info-1.6.0.tgz 0ms (cache hit)
6747 http cache string.prototype.repeat@https://registry.npmjs.org/string.prototype.repeat/-/string.prototype.repeat-1.0.0.tgz 0ms (cache hit)
6748 http cache object.entries@https://registry.npmjs.org/object.entries/-/object.entries-1.1.9.tgz 0ms (cache hit)
6749 http cache prop-types@https://registry.npmjs.org/prop-types/-/prop-types-15.8.1.tgz 0ms (cache hit)
6750 http cache es-iterator-helpers@https://registry.npmjs.org/es-iterator-helpers/-/es-iterator-helpers-1.3.2.tgz 0ms (cache hit)
6751 http cache array.prototype.tosorted@https://registry.npmjs.org/array.prototype.tosorted/-/array.prototype.tosorted-1.1.4.tgz 0ms (cache hit)
6752 http cache array.prototype.findlast@https://registry.npmjs.org/array.prototype.findlast/-/array.prototype.findlast-1.2.5.tgz 0ms (cache hit)
6753 http cache @types/mime@https://registry.npmjs.org/@types/mime/-/mime-1.3.5.tgz 0ms (cache hit)
6754 http cache fast-uri@https://registry.npmjs.org/fast-uri/-/fast-uri-3.1.0.tgz 0ms (cache hit)
6755 http cache ajv-keywords@https://registry.npmjs.org/ajv-keywords/-/ajv-keywords-3.5.2.tgz 0ms (cache hit)
6756 http cache require-from-string@https://registry.npmjs.org/require-from-string/-/require-from-string-2.0.2.tgz 0ms (cache hit)
6757 http cache wrap-ansi@https://registry.npmjs.org/wrap-ansi/-/wrap-ansi-7.0.0.tgz 0ms (cache hit)
6758 http cache is-fullwidth-code-point@https://registry.npmjs.org/is-fullwidth-code-point/-/is-fullwidth-code-point-3.0.0.tgz 0ms (cache hit)
6759 http cache yargs-parser@https://registry.npmjs.org/yargs-parser/-/yargs-parser-20.2.9.tgz 0ms (cache hit)
6760 http cache string-width@https://registry.npmjs.org/string-width/-/string-width-4.2.3.tgz 0ms (cache hit)
6761 http cache y18n@https://registry.npmjs.org/y18n/-/y18n-5.0.8.tgz 0ms (cache hit)
6762 http cache @types/trusted-types@https://registry.npmjs.org/@types/trusted-types/-/trusted-types-2.0.7.tgz 0ms (cache hit)
6763 http cache require-directory@https://registry.npmjs.org/require-directory/-/require-directory-2.1.1.tgz 0ms (cache hit)
6764 http cache get-caller-file@https://registry.npmjs.org/get-caller-file/-/get-caller-file-2.0.5.tgz 0ms (cache hit)
6765 http cache typedarray-to-buffer@https://registry.npmjs.org/typedarray-to-buffer/-/typedarray-to-buffer-3.1.5.tgz 0ms (cache hit)
6766 http cache crypto-random-string@https://registry.npmjs.org/crypto-random-string/-/crypto-random-string-2.0.0.tgz 0ms (cache hit)
6767 http cache is-typedarray@https://registry.npmjs.org/is-typedarray/-/is-typedarray-1.0.0.tgz 0ms (cache hit)
6768 http cache idb@https://registry.npmjs.org/idb/-/idb-7.1.1.tgz 0ms (cache hit)
6769 http cache cliui@https://registry.npmjs.org/cliui/-/cliui-7.0.4.tgz 0ms (cache hit)
6770 http cache is-regexp@https://registry.npmjs.org/is-regexp/-/is-regexp-1.0.0.tgz 0ms (cache hit)
6771 http cache unique-string@https://registry.npmjs.org/unique-string/-/unique-string-2.0.0.tgz 0ms (cache hit)
6772 http cache temp-dir@https://registry.npmjs.org/temp-dir/-/temp-dir-2.0.0.tgz 0ms (cache hit)
6773 http cache sourcemap-codec@https://registry.npmjs.org/sourcemap-codec/-/sourcemap-codec-1.4.8.tgz 0ms (cache hit)
6774 http cache get-own-enumerable-property-symbols@https://registry.npmjs.org/get-own-enumerable-property-symbols/-/get-own-enumerable-property-symbols-3.0.2.tgz 0ms (cache hit)
6775 http cache filelist@https://registry.npmjs.org/filelist/-/filelist-1.0.6.tgz 0ms (cache hit)
6776 http cache is-obj@https://registry.npmjs.org/is-obj/-/is-obj-1.0.1.tgz 1ms (cache hit)
6777 http cache async@https://registry.npmjs.org/async/-/async-3.2.6.tgz 0ms (cache hit)
6778 http cache string.prototype.matchall@https://registry.npmjs.org/string.prototype.matchall/-/string.prototype.matchall-4.0.12.tgz 0ms (cache hit)
6779 http cache jake@https://registry.npmjs.org/jake/-/jake-10.9.4.tgz 0ms (cache hit)
6780 http cache is-module@https://registry.npmjs.org/is-module/-/is-module-1.0.0.tgz 0ms (cache hit)
6781 http cache ejs@https://registry.npmjs.org/ejs/-/ejs-3.1.10.tgz 0ms (cache hit)
6782 http cache estree-walker@https://registry.npmjs.org/estree-walker/-/estree-walker-1.0.1.tgz 0ms (cache hit)
6783 http cache magic-string@https://registry.npmjs.org/magic-string/-/magic-string-0.25.9.tgz 0ms (cache hit)
6784 http cache @types/resolve@https://registry.npmjs.org/@types/resolve/-/resolve-1.17.1.tgz 0ms (cache hit)
6785 http cache builtin-modules@https://registry.npmjs.org/builtin-modules/-/builtin-modules-3.3.0.tgz 0ms (cache hit)
6786 http cache @rollup/pluginutils@https://registry.npmjs.org/@rollup/pluginutils/-/pluginutils-3.1.0.tgz 0ms (cache hit)
6787 http cache workbox-window@https://registry.npmjs.org/workbox-window/-/workbox-window-6.6.0.tgz 0ms (cache hit)
6788 http cache workbox-recipes@https://registry.npmjs.org/workbox-recipes/-/workbox-recipes-6.6.0.tgz 0ms (cache hit)
6789 http cache workbox-streams@https://registry.npmjs.org/workbox-streams/-/workbox-streams-6.6.0.tgz 0ms (cache hit)
6790 http cache workbox-routing@https://registry.npmjs.org/workbox-routing/-/workbox-routing-6.6.0.tgz 0ms (cache hit)
6791 http cache workbox-range-requests@https://registry.npmjs.org/workbox-range-requests/-/workbox-range-requests-6.6.0.tgz 0ms (cache hit)
6792 http cache workbox-navigation-preload@https://registry.npmjs.org/workbox-navigation-preload/-/workbox-navigation-preload-6.6.0.tgz 0ms (cache hit)
6793 http cache workbox-google-analytics@https://registry.npmjs.org/workbox-google-analytics/-/workbox-google-analytics-6.6.0.tgz 0ms (cache hit)
6794 http cache workbox-expiration@https://registry.npmjs.org/workbox-expiration/-/workbox-expiration-6.6.0.tgz 0ms (cache hit)
6795 http cache workbox-precaching@https://registry.npmjs.org/workbox-precaching/-/workbox-precaching-6.6.0.tgz 0ms (cache hit)
6796 http cache workbox-core@https://registry.npmjs.org/workbox-core/-/workbox-core-6.6.0.tgz 0ms (cache hit)
6797 http cache workbox-broadcast-update@https://registry.npmjs.org/workbox-broadcast-update/-/workbox-broadcast-update-6.6.0.tgz 0ms (cache hit)
6798 http cache workbox-sw@https://registry.npmjs.org/workbox-sw/-/workbox-sw-6.6.0.tgz 0ms (cache hit)
6799 http cache workbox-strategies@https://registry.npmjs.org/workbox-strategies/-/workbox-strategies-6.6.0.tgz 0ms (cache hit)
6800 http cache workbox-cacheable-response@https://registry.npmjs.org/workbox-cacheable-response/-/workbox-cacheable-response-6.6.0.tgz 0ms (cache hit)
6801 http cache tempy@https://registry.npmjs.org/tempy/-/tempy-0.6.0.tgz 0ms (cache hit)
6802 http cache workbox-background-sync@https://registry.npmjs.org/workbox-background-sync/-/workbox-background-sync-6.6.0.tgz 0ms (cache hit)
6803 http cache stringify-object@https://registry.npmjs.org/stringify-object/-/stringify-object-3.3.0.tgz 0ms (cache hit)
6804 http cache @rollup/plugin-replace@https://registry.npmjs.org/@rollup/plugin-replace/-/plugin-replace-2.4.2.tgz 0ms (cache hit)
6805 http cache @surma/rollup-plugin-off-main-thread@https://registry.npmjs.org/@surma/rollup-plugin-off-main-thread/-/rollup-plugin-off-main-thread-2.2.3.tgz 0ms (cache hit)
6806 http cache @rollup/plugin-node-resolve@https://registry.npmjs.org/@rollup/plugin-node-resolve/-/plugin-node-resolve-11.2.1.tgz 0ms (cache hit)
6807 http cache strip-comments@https://registry.npmjs.org/strip-comments/-/strip-comments-2.0.1.tgz 0ms (cache hit)
6808 http cache @rollup/plugin-babel@https://registry.npmjs.org/@rollup/plugin-babel/-/plugin-babel-5.3.1.tgz 0ms (cache hit)
6809 http cache rollup-plugin-terser@https://registry.npmjs.org/rollup-plugin-terser/-/rollup-plugin-terser-7.0.2.tgz 1ms (cache hit)
6810 http cache common-tags@https://registry.npmjs.org/common-tags/-/common-tags-1.8.2.tgz 0ms (cache hit)
6811 http cache pretty-bytes@https://registry.npmjs.org/pretty-bytes/-/pretty-bytes-5.6.0.tgz 0ms (cache hit)
6812 http cache workbox-build@https://registry.npmjs.org/workbox-build/-/workbox-build-6.6.0.tgz 0ms (cache hit)
6813 http cache is-weakset@https://registry.npmjs.org/is-weakset/-/is-weakset-2.0.4.tgz 0ms (cache hit)
6814 http cache is-map@https://registry.npmjs.org/is-map/-/is-map-2.0.3.tgz 0ms (cache hit)
6815 http cache upath@https://registry.npmjs.org/upath/-/upath-1.2.0.tgz 0ms (cache hit)
6816 http cache async-function@https://registry.npmjs.org/async-function/-/async-function-1.0.0.tgz 0ms (cache hit)
6817 http cache is-weakmap@https://registry.npmjs.org/is-weakmap/-/is-weakmap-2.0.2.tgz 0ms (cache hit)
6818 http cache generator-function@https://registry.npmjs.org/generator-function/-/generator-function-2.0.1.tgz 0ms (cache hit)
6819 http cache is-generator-function@https://registry.npmjs.org/is-generator-function/-/is-generator-function-1.1.2.tgz 0ms (cache hit)
6820 http cache which-collection@https://registry.npmjs.org/which-collection/-/which-collection-1.0.2.tgz 0ms (cache hit)
6821 http cache is-finalizationregistry@https://registry.npmjs.org/is-finalizationregistry/-/is-finalizationregistry-1.1.1.tgz 0ms (cache hit)
6822 http cache is-number-object@https://registry.npmjs.org/is-number-object/-/is-number-object-1.1.1.tgz 0ms (cache hit)
6823 http cache is-bigint@https://registry.npmjs.org/is-bigint/-/is-bigint-1.1.0.tgz 0ms (cache hit)
6824 http cache rollup@https://registry.npmjs.org/rollup/-/rollup-2.80.0.tgz 0ms (cache hit)
6825 http cache isexe@https://registry.npmjs.org/isexe/-/isexe-2.0.0.tgz 0ms (cache hit)
6826 http cache is-boolean-object@https://registry.npmjs.org/is-boolean-object/-/is-boolean-object-1.2.2.tgz 0ms (cache hit)
6827 http cache http-parser-js@https://registry.npmjs.org/http-parser-js/-/http-parser-js-0.5.10.tgz 0ms (cache hit)
6828 http cache is-async-function@https://registry.npmjs.org/is-async-function/-/is-async-function-2.1.1.tgz 0ms (cache hit)
6829 http cache websocket-extensions@https://registry.npmjs.org/websocket-extensions/-/websocket-extensions-0.1.4.tgz 0ms (cache hit)
6830 http cache media-typer@https://registry.npmjs.org/media-typer/-/media-typer-0.3.0.tgz 0ms (cache hit)
6831 http cache wbuf@https://registry.npmjs.org/wbuf/-/wbuf-1.7.3.tgz 0ms (cache hit)
6832 http cache string_decoder@https://registry.npmjs.org/string_decoder/-/string_decoder-1.3.0.tgz 0ms (cache hit)
6833 http cache tr46@https://registry.npmjs.org/tr46/-/tr46-2.1.0.tgz 0ms (cache hit)
6834 http cache minimalistic-assert@https://registry.npmjs.org/minimalistic-assert/-/minimalistic-assert-1.0.1.tgz 0ms (cache hit)
6835 http cache readable-stream@https://registry.npmjs.org/readable-stream/-/readable-stream-3.6.2.tgz 0ms (cache hit)
6836 http cache obuf@https://registry.npmjs.org/obuf/-/obuf-1.1.2.tgz 0ms (cache hit)
6837 http cache select-hose@https://registry.npmjs.org/select-hose/-/select-hose-2.0.0.tgz 0ms (cache hit)
6838 http cache spdy-transport@https://registry.npmjs.org/spdy-transport/-/spdy-transport-3.0.0.tgz 0ms (cache hit)
6839 http cache detect-node@https://registry.npmjs.org/detect-node/-/detect-node-2.1.0.tgz 0ms (cache hit)
6840 http cache hpack.js@https://registry.npmjs.org/hpack.js/-/hpack.js-2.1.6.tgz 0ms (cache hit)
6841 http cache http-deceiver@https://registry.npmjs.org/http-deceiver/-/http-deceiver-1.2.7.tgz 0ms (cache hit)
6842 http cache batch@https://registry.npmjs.org/batch/-/batch-0.6.1.tgz 0ms (cache hit)
6843 http cache uuid@https://registry.npmjs.org/uuid/-/uuid-8.3.2.tgz 0ms (cache hit)
6844 http cache websocket-driver@https://registry.npmjs.org/websocket-driver/-/websocket-driver-0.7.4.tgz 0ms (cache hit)
6845 http cache forwarded@https://registry.npmjs.org/forwarded/-/forwarded-0.2.0.tgz 0ms (cache hit)
6846 http cache handle-thing@https://registry.npmjs.org/handle-thing/-/handle-thing-2.0.1.tgz 0ms (cache hit)
6847 http cache @types/node-forge@https://registry.npmjs.org/@types/node-forge/-/node-forge-1.3.14.tgz 0ms (cache hit)
6848 http cache mime@https://registry.npmjs.org/mime/-/mime-1.6.0.tgz 0ms (cache hit)
6849 http cache @types/retry@https://registry.npmjs.org/@types/retry/-/retry-0.12.0.tgz 0ms (cache hit)
6850 http cache faye-websocket@https://registry.npmjs.org/faye-websocket/-/faye-websocket-0.11.4.tgz 0ms (cache hit)
6851 http cache ee-first@https://registry.npmjs.org/ee-first/-/ee-first-1.1.1.tgz 0ms (cache hit)
6852 http cache retry@https://registry.npmjs.org/retry/-/retry-0.13.1.tgz 0ms (cache hit)
6853 http cache node-forge@https://registry.npmjs.org/node-forge/-/node-forge-1.4.0.tgz 0ms (cache hit)
6854 http cache @leichtgewicht/ip-codec@https://registry.npmjs.org/@leichtgewicht/ip-codec/-/ip-codec-2.0.5.tgz 0ms (cache hit)
6855 http cache thunky@https://registry.npmjs.org/thunky/-/thunky-1.1.0.tgz 0ms (cache hit)
6856 http cache follow-redirects@https://registry.npmjs.org/follow-redirects/-/follow-redirects-1.15.11.tgz 0ms (cache hit)
6857 http cache @types/http-proxy@https://registry.npmjs.org/@types/http-proxy/-/http-proxy-1.17.17.tgz 0ms (cache hit)
6858 http cache dns-packet@https://registry.npmjs.org/dns-packet/-/dns-packet-5.6.1.tgz 0ms (cache hit)
6859 http cache eventemitter3@https://registry.npmjs.org/eventemitter3/-/eventemitter3-4.0.7.tgz 0ms (cache hit)
6860 http cache http-proxy@https://registry.npmjs.org/http-proxy/-/http-proxy-1.18.1.tgz 0ms (cache hit)
6861 http cache is-plain-obj@https://registry.npmjs.org/is-plain-obj/-/is-plain-obj-3.0.0.tgz 0ms (cache hit)
6862 http cache toidentifier@https://registry.npmjs.org/toidentifier/-/toidentifier-1.0.1.tgz 0ms (cache hit)
6863 http cache utils-merge@https://registry.npmjs.org/utils-merge/-/utils-merge-1.0.1.tgz 0ms (cache hit)
6864 http cache unpipe@https://registry.npmjs.org/unpipe/-/unpipe-1.0.0.tgz 0ms (cache hit)
6865 http cache destroy@https://registry.npmjs.org/destroy/-/destroy-1.2.0.tgz 0ms (cache hit)
6866 http cache statuses@https://registry.npmjs.org/statuses/-/statuses-2.0.2.tgz 0ms (cache hit)
6867 http cache setprototypeof@https://registry.npmjs.org/setprototypeof/-/setprototypeof-1.2.0.tgz 0ms (cache hit)
6868 http cache raw-body@https://registry.npmjs.org/raw-body/-/raw-body-2.5.3.tgz 0ms (cache hit)
6869 http cache range-parser@https://registry.npmjs.org/range-parser/-/range-parser-1.2.1.tgz 0ms (cache hit)
6870 http cache type-is@https://registry.npmjs.org/type-is/-/type-is-1.6.18.tgz 0ms (cache hit)
6871 http cache serve-static@https://registry.npmjs.org/serve-static/-/serve-static-1.16.3.tgz 0ms (cache hit)
6872 http cache proxy-addr@https://registry.npmjs.org/proxy-addr/-/proxy-addr-2.0.7.tgz 0ms (cache hit)
6873 http cache path-to-regexp@https://registry.npmjs.org/path-to-regexp/-/path-to-regexp-0.1.13.tgz 0ms (cache hit)
6874 http cache send@https://registry.npmjs.org/send/-/send-0.19.2.tgz 0ms (cache hit)
6875 http cache parseurl@https://registry.npmjs.org/parseurl/-/parseurl-1.3.3.tgz 0ms (cache hit)
6876 http cache qs@https://registry.npmjs.org/qs/-/qs-6.14.2.tgz 0ms (cache hit)
6877 http cache on-finished@https://registry.npmjs.org/on-finished/-/on-finished-2.4.1.tgz 0ms (cache hit)
6878 http cache http-errors@https://registry.npmjs.org/http-errors/-/http-errors-2.0.1.tgz 0ms (cache hit)
6879 http cache merge-descriptors@https://registry.npmjs.org/merge-descriptors/-/merge-descriptors-1.0.3.tgz 0ms (cache hit)
6880 http cache etag@https://registry.npmjs.org/etag/-/etag-1.8.1.tgz 0ms (cache hit)
6881 http cache finalhandler@https://registry.npmjs.org/finalhandler/-/finalhandler-1.3.2.tgz 0ms (cache hit)
6882 http cache fresh@https://registry.npmjs.org/fresh/-/fresh-0.5.2.tgz 0ms (cache hit)
6883 http cache escape-html@https://registry.npmjs.org/escape-html/-/escape-html-1.0.3.tgz 0ms (cache hit)
6884 http cache encodeurl@https://registry.npmjs.org/encodeurl/-/encodeurl-2.0.0.tgz 0ms (cache hit)
6885 http cache methods@https://registry.npmjs.org/methods/-/methods-1.1.2.tgz 0ms (cache hit)
6886 http cache content-disposition@https://registry.npmjs.org/content-disposition/-/content-disposition-0.5.4.tgz 0ms (cache hit)
6887 http cache depd@https://registry.npmjs.org/depd/-/depd-2.0.0.tgz 0ms (cache hit)
6888 http cache cookie@https://registry.npmjs.org/cookie/-/cookie-0.7.2.tgz 0ms (cache hit)
6889 http cache content-type@https://registry.npmjs.org/content-type/-/content-type-1.0.5.tgz 0ms (cache hit)
6890 http cache cookie-signature@https://registry.npmjs.org/cookie-signature/-/cookie-signature-1.0.7.tgz 0ms (cache hit)
6891 http cache array-flatten@https://registry.npmjs.org/array-flatten/-/array-flatten-1.1.1.tgz 0ms (cache hit)
6892 http cache accepts@https://registry.npmjs.org/accepts/-/accepts-1.3.8.tgz 0ms (cache hit)
6893 http cache vary@https://registry.npmjs.org/vary/-/vary-1.1.2.tgz 0ms (cache hit)
6894 http cache body-parser@https://registry.npmjs.org/body-parser/-/body-parser-1.20.4.tgz 0ms (cache hit)
6895 http cache negotiator@https://registry.npmjs.org/negotiator/-/negotiator-0.6.4.tgz 0ms (cache hit)
6896 http cache compressible@https://registry.npmjs.org/compressible/-/compressible-2.0.18.tgz 0ms (cache hit)
6897 http cache bytes@https://registry.npmjs.org/bytes/-/bytes-3.1.2.tgz 0ms (cache hit)
6898 http cache multicast-dns@https://registry.npmjs.org/multicast-dns/-/multicast-dns-7.2.5.tgz 0ms (cache hit)
6899 http cache @types/http-errors@https://registry.npmjs.org/@types/http-errors/-/http-errors-2.0.5.tgz 0ms (cache hit)
6900 http cache @types/connect@https://registry.npmjs.org/@types/connect/-/connect-3.4.38.tgz 0ms (cache hit)
6901 http cache @types/send@https://registry.npmjs.org/@types/send/-/send-1.2.1.tgz 0ms (cache hit)
6902 http cache on-headers@https://registry.npmjs.org/on-headers/-/on-headers-1.1.0.tgz 0ms (cache hit)
6903 http cache @types/range-parser@https://registry.npmjs.org/@types/range-parser/-/range-parser-1.2.7.tgz 0ms (cache hit)
6904 http cache @types/qs@https://registry.npmjs.org/@types/qs/-/qs-6.15.0.tgz 0ms (cache hit)
6905 http cache @types/body-parser@https://registry.npmjs.org/@types/body-parser/-/body-parser-1.19.6.tgz 0ms (cache hit)
6906 http cache sockjs@https://registry.npmjs.org/sockjs/-/sockjs-0.3.24.tgz 0ms (cache hit)
6907 http cache spdy@https://registry.npmjs.org/spdy/-/spdy-4.0.2.tgz 0ms (cache hit)
6908 http cache @types/express-serve-static-core@https://registry.npmjs.org/@types/express-serve-static-core/-/express-serve-static-core-5.1.1.tgz 0ms (cache hit)
6909 http cache webpack-dev-middleware@https://registry.npmjs.org/webpack-dev-middleware/-/webpack-dev-middleware-5.3.4.tgz 0ms (cache hit)
6910 http cache serve-index@https://registry.npmjs.org/serve-index/-/serve-index-1.9.2.tgz 0ms (cache hit)
6911 http cache selfsigned@https://registry.npmjs.org/selfsigned/-/selfsigned-2.4.1.tgz 0ms (cache hit)
6912 http cache launch-editor@https://registry.npmjs.org/launch-editor/-/launch-editor-2.13.2.tgz 0ms (cache hit)
6913 http cache p-retry@https://registry.npmjs.org/p-retry/-/p-retry-4.6.2.tgz 0ms (cache hit)
6914 http cache ipaddr.js@https://registry.npmjs.org/ipaddr.js/-/ipaddr.js-2.3.0.tgz 0ms (cache hit)
6915 http cache express@https://registry.npmjs.org/express/-/express-4.22.1.tgz 0ms (cache hit)
6916 http cache http-proxy-middleware@https://registry.npmjs.org/http-proxy-middleware/-/http-proxy-middleware-2.0.9.tgz 0ms (cache hit)
6917 http cache compression@https://registry.npmjs.org/compression/-/compression-1.8.1.tgz 0ms (cache hit)
6918 http cache @types/ws@https://registry.npmjs.org/@types/ws/-/ws-8.18.1.tgz 0ms (cache hit)
6919 http cache @types/sockjs@https://registry.npmjs.org/@types/sockjs/-/sockjs-0.3.36.tgz 0ms (cache hit)
6920 http cache default-gateway@https://registry.npmjs.org/default-gateway/-/default-gateway-6.0.3.tgz 0ms (cache hit)
6921 http cache bonjour-service@https://registry.npmjs.org/bonjour-service/-/bonjour-service-1.3.0.tgz 0ms (cache hit)
6922 http cache colorette@https://registry.npmjs.org/colorette/-/colorette-2.0.20.tgz 0ms (cache hit)
6923 http cache ansi-html-community@https://registry.npmjs.org/ansi-html-community/-/ansi-html-community-0.0.8.tgz 0ms (cache hit)
6924 http cache @types/express@https://registry.npmjs.org/@types/express/-/express-4.17.25.tgz 0ms (cache hit)
6925 http cache @types/serve-index@https://registry.npmjs.org/@types/serve-index/-/serve-index-1.9.4.tgz 0ms (cache hit)
6926 http cache @types/serve-static@https://registry.npmjs.org/@types/serve-static/-/serve-static-1.15.10.tgz 0ms (cache hit)
6927 http cache @xtuc/ieee754@https://registry.npmjs.org/@xtuc/ieee754/-/ieee754-1.2.0.tgz 0ms (cache hit)
6928 http cache @types/connect-history-api-fallback@https://registry.npmjs.org/@types/connect-history-api-fallback/-/connect-history-api-fallback-1.5.4.tgz 0ms (cache hit)
6929 http cache @types/bonjour@https://registry.npmjs.org/@types/bonjour/-/bonjour-3.5.13.tgz 0ms (cache hit)
6930 http cache @webassemblyjs/utf8@https://registry.npmjs.org/@webassemblyjs/utf8/-/utf8-1.13.2.tgz 0ms (cache hit)
6931 http cache @webassemblyjs/leb128@https://registry.npmjs.org/@webassemblyjs/leb128/-/leb128-1.13.2.tgz 0ms (cache hit)
6932 http cache @webassemblyjs/wast-printer@https://registry.npmjs.org/@webassemblyjs/wast-printer/-/wast-printer-1.14.1.tgz 0ms (cache hit)
6933 http cache @webassemblyjs/ieee754@https://registry.npmjs.org/@webassemblyjs/ieee754/-/ieee754-1.13.2.tgz 0ms (cache hit)
6934 http cache @webassemblyjs/wasm-opt@https://registry.npmjs.org/@webassemblyjs/wasm-opt/-/wasm-opt-1.14.1.tgz 0ms (cache hit)
6935 http cache @webassemblyjs/helper-wasm-section@https://registry.npmjs.org/@webassemblyjs/helper-wasm-section/-/helper-wasm-section-1.14.1.tgz 0ms (cache hit)
6936 http cache @xtuc/long@https://registry.npmjs.org/@xtuc/long/-/long-4.2.2.tgz 0ms (cache hit)
6937 http cache @webassemblyjs/wasm-gen@https://registry.npmjs.org/@webassemblyjs/wasm-gen/-/wasm-gen-1.14.1.tgz 0ms (cache hit)
6938 http cache @webassemblyjs/helper-buffer@https://registry.npmjs.org/@webassemblyjs/helper-buffer/-/helper-buffer-1.14.1.tgz 0ms (cache hit)
6939 http cache connect-history-api-fallback@https://registry.npmjs.org/connect-history-api-fallback/-/connect-history-api-fallback-2.0.0.tgz 0ms (cache hit)
6940 http cache webpack-sources@https://registry.npmjs.org/webpack-sources/-/webpack-sources-3.3.4.tgz 0ms (cache hit)
6941 http cache watchpack@https://registry.npmjs.org/watchpack/-/watchpack-2.5.1.tgz 0ms (cache hit)
6942 http cache @webassemblyjs/helper-api-error@https://registry.npmjs.org/@webassemblyjs/helper-api-error/-/helper-api-error-1.13.2.tgz 0ms (cache hit)
6943 http cache @webassemblyjs/floating-point-hex-parser@https://registry.npmjs.org/@webassemblyjs/floating-point-hex-parser/-/floating-point-hex-parser-1.13.2.tgz 0ms (cache hit)
6944 http cache events@https://registry.npmjs.org/events/-/events-3.3.0.tgz 0ms (cache hit)
6945 http cache @webassemblyjs/helper-numbers@https://registry.npmjs.org/@webassemblyjs/helper-numbers/-/helper-numbers-1.13.2.tgz 0ms (cache hit)
6946 http cache es-module-lexer@https://registry.npmjs.org/es-module-lexer/-/es-module-lexer-2.0.0.tgz 0ms (cache hit)
6947 http cache @webassemblyjs/helper-wasm-bytecode@https://registry.npmjs.org/@webassemblyjs/helper-wasm-bytecode/-/helper-wasm-bytecode-1.13.2.tgz 0ms (cache hit)
6948 http cache enhanced-resolve@https://registry.npmjs.org/enhanced-resolve/-/enhanced-resolve-5.20.1.tgz 0ms (cache hit)
6949 http cache chrome-trace-event@https://registry.npmjs.org/chrome-trace-event/-/chrome-trace-event-1.0.4.tgz 0ms (cache hit)
6950 http cache acorn-import-phases@https://registry.npmjs.org/acorn-import-phases/-/acorn-import-phases-1.0.4.tgz 0ms (cache hit)
6951 http cache loader-runner@https://registry.npmjs.org/loader-runner/-/loader-runner-4.3.1.tgz 0ms (cache hit)
6952 http cache glob-to-regexp@https://registry.npmjs.org/glob-to-regexp/-/glob-to-regexp-0.4.1.tgz 0ms (cache hit)
6953 http cache tmpl@https://registry.npmjs.org/tmpl/-/tmpl-1.0.5.tgz 0ms (cache hit)
6954 http cache @types/eslint-scope@https://registry.npmjs.org/@types/eslint-scope/-/eslint-scope-3.7.7.tgz 0ms (cache hit)
6955 http cache @webassemblyjs/wasm-parser@https://registry.npmjs.org/@webassemblyjs/wasm-parser/-/wasm-parser-1.14.1.tgz 0ms (cache hit)
6956 http cache @webassemblyjs/wasm-edit@https://registry.npmjs.org/@webassemblyjs/wasm-edit/-/wasm-edit-1.14.1.tgz 0ms (cache hit)
6957 http cache @webassemblyjs/ast@https://registry.npmjs.org/@webassemblyjs/ast/-/ast-1.14.1.tgz 0ms (cache hit)
6958 http cache browser-process-hrtime@https://registry.npmjs.org/browser-process-hrtime/-/browser-process-hrtime-1.0.0.tgz 0ms (cache hit)
6959 http cache es-array-method-boxes-properly@https://registry.npmjs.org/es-array-method-boxes-properly/-/es-array-method-boxes-properly-1.0.0.tgz 0ms (cache hit)
6960 http cache array.prototype.reduce@https://registry.npmjs.org/array.prototype.reduce/-/array.prototype.reduce-1.0.8.tgz 0ms (cache hit)
6961 http cache makeerror@https://registry.npmjs.org/makeerror/-/makeerror-1.0.12.tgz 0ms (cache hit)
6962 http cache querystringify@https://registry.npmjs.org/querystringify/-/querystringify-2.2.0.tgz 0ms (cache hit)
6963 http cache object.getownpropertydescriptors@https://registry.npmjs.org/object.getownpropertydescriptors/-/object.getownpropertydescriptors-2.1.9.tgz 0ms (cache hit)
6964 http cache requires-port@https://registry.npmjs.org/requires-port/-/requires-port-1.0.0.tgz 0ms (cache hit)
6965 http cache unicode-property-aliases-ecmascript@https://registry.npmjs.org/unicode-property-aliases-ecmascript/-/unicode-property-aliases-ecmascript-2.2.0.tgz 0ms (cache hit)
6966 http cache which-boxed-primitive@https://registry.npmjs.org/which-boxed-primitive/-/which-boxed-primitive-1.1.1.tgz 0ms (cache hit)
6967 http cache escalade@https://registry.npmjs.org/escalade/-/escalade-3.2.0.tgz 0ms (cache hit)
6968 http cache has-bigints@https://registry.npmjs.org/has-bigints/-/has-bigints-1.1.0.tgz 0ms (cache hit)
6969 http cache unicode-canonical-property-names-ecmascript@https://registry.npmjs.org/unicode-canonical-property-names-ecmascript/-/unicode-canonical-property-names-ecmascript-2.0.1.tgz 0ms (cache hit)
6970 http cache @types/json5@https://registry.npmjs.org/@types/json5/-/json5-0.0.29.tgz 0ms (cache hit)
6971 http cache for-each@https://registry.npmjs.org/for-each/-/for-each-0.3.5.tgz 0ms (cache hit)
6972 http cache reflect.getprototypeof@https://registry.npmjs.org/reflect.getprototypeof/-/reflect.getprototypeof-1.0.10.tgz 0ms (cache hit)
6973 http cache which-builtin-type@https://registry.npmjs.org/which-builtin-type/-/which-builtin-type-1.2.1.tgz 0ms (cache hit)
6974 http cache @jridgewell/source-map@https://registry.npmjs.org/@jridgewell/source-map/-/source-map-0.3.11.tgz 0ms (cache hit)
6975 http cache punycode@https://registry.npmjs.org/punycode/-/punycode-2.3.1.tgz 0ms (cache hit)
6976 http cache url-parse@https://registry.npmjs.org/url-parse/-/url-parse-1.5.10.tgz 0ms (cache hit)
6977 http cache thenify@https://registry.npmjs.org/thenify/-/thenify-3.3.1.tgz 0ms (cache hit)
6978 http cache is-number@https://registry.npmjs.org/is-number/-/is-number-7.0.0.tgz 0ms (cache hit)
6979 http cache supports-hyperlinks@https://registry.npmjs.org/supports-hyperlinks/-/supports-hyperlinks-2.3.0.tgz 0ms (cache hit)
6980 http cache psl@https://registry.npmjs.org/psl/-/psl-1.15.0.tgz 0ms (cache hit)
6981 http cache thenify-all@https://registry.npmjs.org/thenify-all/-/thenify-all-1.6.0.tgz 0ms (cache hit)
6982 http cache tinyglobby@https://registry.npmjs.org/tinyglobby/-/tinyglobby-0.2.16.tgz 0ms (cache hit)
6983 http cache ts-interface-checker@https://registry.npmjs.org/ts-interface-checker/-/ts-interface-checker-0.1.13.tgz 0ms (cache hit)
6984 http cache mz@https://registry.npmjs.org/mz/-/mz-2.7.0.tgz 0ms (cache hit)
6985 http cache pify@https://registry.npmjs.org/pify/-/pify-2.3.0.tgz 0ms (cache hit)
6986 http cache any-promise@https://registry.npmjs.org/any-promise/-/any-promise-1.3.0.tgz 0ms (cache hit)
6987 http cache camelcase-css@https://registry.npmjs.org/camelcase-css/-/camelcase-css-2.0.1.tgz 0ms (cache hit)
6988 http cache read-cache@https://registry.npmjs.org/read-cache/-/read-cache-1.0.0.tgz 0ms (cache hit)
6989 http cache sucrase@https://registry.npmjs.org/sucrase/-/sucrase-3.35.1.tgz 0ms (cache hit)
6990 http cache jiti@https://registry.npmjs.org/jiti/-/jiti-1.21.7.tgz 0ms (cache hit)
6991 http cache postcss-js@https://registry.npmjs.org/postcss-js/-/postcss-js-4.1.0.tgz 0ms (cache hit)
6992 http cache postcss-nested@https://registry.npmjs.org/postcss-nested/-/postcss-nested-6.2.0.tgz 0ms (cache hit)
6993 http cache object-hash@https://registry.npmjs.org/object-hash/-/object-hash-3.0.0.tgz 0ms (cache hit)
6994 http cache postcss-import@https://registry.npmjs.org/postcss-import/-/postcss-import-15.1.0.tgz 0ms (cache hit)
6995 http cache @alloc/quick-lru@https://registry.npmjs.org/@alloc/quick-lru/-/quick-lru-5.2.0.tgz 0ms (cache hit)
6996 http cache arg@https://registry.npmjs.org/arg/-/arg-5.0.2.tgz 0ms (cache hit)
6997 http cache dlv@https://registry.npmjs.org/dlv/-/dlv-1.1.3.tgz 0ms (cache hit)
6998 http cache didyoumean@https://registry.npmjs.org/didyoumean/-/didyoumean-1.2.2.tgz 0ms (cache hit)
6999 http cache @types/q@https://registry.npmjs.org/@types/q/-/q-1.5.8.tgz 0ms (cache hit)
7000 http cache minimist@https://registry.npmjs.org/minimist/-/minimist-1.2.8.tgz 0ms (cache hit)
7001 http cache mdn-data@https://registry.npmjs.org/mdn-data/-/mdn-data-2.0.4.tgz 0ms (cache hit)
7002 http cache unquote@https://registry.npmjs.org/unquote/-/unquote-1.1.1.tgz 0ms (cache hit)
7003 http cache stable@https://registry.npmjs.org/stable/-/stable-0.1.8.tgz 0ms (cache hit)
7004 http cache q@https://registry.npmjs.org/q/-/q-1.5.1.tgz 0ms (cache hit)
7005 http cache sax@https://registry.npmjs.org/sax/-/sax-1.2.4.tgz 0ms (cache hit)
7006 http cache util.promisify@https://registry.npmjs.org/util.promisify/-/util.promisify-1.0.1.tgz 0ms (cache hit)
7007 http cache mkdirp@https://registry.npmjs.org/mkdirp/-/mkdirp-0.5.6.tgz 0ms (cache hit)
7008 http cache css-select-base-adapter@https://registry.npmjs.org/css-select-base-adapter/-/css-select-base-adapter-0.1.1.tgz 0ms (cache hit)
7009 http cache coa@https://registry.npmjs.org/coa/-/coa-2.0.2.tgz 0ms (cache hit)
7010 http cache csso@https://registry.npmjs.org/csso/-/csso-4.2.0.tgz 0ms (cache hit)
7011 http cache css-tree@https://registry.npmjs.org/css-tree/-/css-tree-1.0.0-alpha.37.tgz 0ms (cache hit)
7012 http cache has-flag@https://registry.npmjs.org/has-flag/-/has-flag-4.0.0.tgz 0ms (cache hit)
7013 http cache safer-buffer@https://registry.npmjs.org/safer-buffer/-/safer-buffer-2.1.2.tgz 0ms (cache hit)
7014 http cache iconv-lite@https://registry.npmjs.org/iconv-lite/-/iconv-lite-0.6.3.tgz 0ms (cache hit)
7015 http cache buffer-from@https://registry.npmjs.org/buffer-from/-/buffer-from-1.1.2.tgz 0ms (cache hit)
7016 http cache side-channel-map@https://registry.npmjs.org/side-channel-map/-/side-channel-map-1.0.1.tgz 0ms (cache hit)
7017 http cache char-regex@https://registry.npmjs.org/char-regex/-/char-regex-1.0.2.tgz 0ms (cache hit)
7018 http cache side-channel-weakmap@https://registry.npmjs.org/side-channel-weakmap/-/side-channel-weakmap-1.0.2.tgz 0ms (cache hit)
7019 http cache side-channel-list@https://registry.npmjs.org/side-channel-list/-/side-channel-list-1.0.1.tgz 0ms (cache hit)
7020 http cache shebang-regex@https://registry.npmjs.org/shebang-regex/-/shebang-regex-3.0.0.tgz 0ms (cache hit)
7021 http cache safe-buffer@https://registry.npmjs.org/safe-buffer/-/safe-buffer-5.2.1.tgz 0ms (cache hit)
7022 http cache randombytes@https://registry.npmjs.org/randombytes/-/randombytes-2.1.0.tgz 0ms (cache hit)
7023 http cache xmlchars@https://registry.npmjs.org/xmlchars/-/xmlchars-2.2.0.tgz 0ms (cache hit)
7024 http cache ajv-formats@https://registry.npmjs.org/ajv-formats/-/ajv-formats-2.1.1.tgz 0ms (cache hit)
7025 http cache queue-microtask@https://registry.npmjs.org/queue-microtask/-/queue-microtask-1.2.3.tgz 0ms (cache hit)
7026 http cache regex-parser@https://registry.npmjs.org/regex-parser/-/regex-parser-2.3.1.tgz 0ms (cache hit)
7027 http cache isarray@https://registry.npmjs.org/isarray/-/isarray-2.0.5.tgz 0ms (cache hit)
7028 http cache adjust-sourcemap-loader@https://registry.npmjs.org/adjust-sourcemap-loader/-/adjust-sourcemap-loader-4.0.0.tgz 0ms (cache hit)
7029 http cache supports-preserve-symlinks-flag@https://registry.npmjs.org/supports-preserve-symlinks-flag/-/supports-preserve-symlinks-flag-1.0.0.tgz 0ms (cache hit)
7030 http cache path-parse@https://registry.npmjs.org/path-parse/-/path-parse-1.0.7.tgz 0ms (cache hit)
7031 http cache dom-serializer@https://registry.npmjs.org/dom-serializer/-/dom-serializer-1.4.1.tgz 0ms (cache hit)
7032 http cache entities@https://registry.npmjs.org/entities/-/entities-2.2.0.tgz 0ms (cache hit)
7033 http cache domelementtype@https://registry.npmjs.org/domelementtype/-/domelementtype-2.3.0.tgz 0ms (cache hit)
7034 http cache neo-async@https://registry.npmjs.org/neo-async/-/neo-async-2.6.2.tgz 0ms (cache hit)
7035 http cache nth-check@https://registry.npmjs.org/nth-check/-/nth-check-2.1.1.tgz 0ms (cache hit)
7036 http cache utila@https://registry.npmjs.org/utila/-/utila-0.4.0.tgz 0ms (cache hit)
7037 http cache domutils@https://registry.npmjs.org/domutils/-/domutils-2.8.0.tgz 0ms (cache hit)
7038 http cache domhandler@https://registry.npmjs.org/domhandler/-/domhandler-4.3.1.tgz 0ms (cache hit)
7039 http cache css-what@https://registry.npmjs.org/css-what/-/css-what-6.2.2.tgz 0ms (cache hit)
7040 http cache htmlparser2@https://registry.npmjs.org/htmlparser2/-/htmlparser2-6.1.0.tgz 0ms (cache hit)
7041 http cache boolbase@https://registry.npmjs.org/boolbase/-/boolbase-1.0.0.tgz 0ms (cache hit)
7042 http cache dom-converter@https://registry.npmjs.org/dom-converter/-/dom-converter-0.2.0.tgz 0ms (cache hit)
7043 http cache css-select@https://registry.npmjs.org/css-select/-/css-select-4.3.0.tgz 0ms (cache hit)
7044 http cache unicode-match-property-value-ecmascript@https://registry.npmjs.org/unicode-match-property-value-ecmascript/-/unicode-match-property-value-ecmascript-2.2.1.tgz 0ms (cache hit)
7045 http cache regjsparser@https://registry.npmjs.org/regjsparser/-/regjsparser-0.13.1.tgz 0ms (cache hit)
7046 http cache unicode-match-property-ecmascript@https://registry.npmjs.org/unicode-match-property-ecmascript/-/unicode-match-property-ecmascript-2.0.0.tgz 0ms (cache hit)
7047 http cache regjsgen@https://registry.npmjs.org/regjsgen/-/regjsgen-0.8.0.tgz 0ms (cache hit)
7048 http cache regenerate-unicode-properties@https://registry.npmjs.org/regenerate-unicode-properties/-/regenerate-unicode-properties-10.2.2.tgz 0ms (cache hit)
7049 http cache set-function-name@https://registry.npmjs.org/set-function-name/-/set-function-name-2.0.2.tgz 0ms (cache hit)
7050 http cache is-wsl@https://registry.npmjs.org/is-wsl/-/is-wsl-2.2.0.tgz 0ms (cache hit)
7051 http cache is-docker@https://registry.npmjs.org/is-docker/-/is-docker-2.2.1.tgz 0ms (cache hit)
7052 http cache regenerate@https://registry.npmjs.org/regenerate/-/regenerate-1.4.2.tgz 0ms (cache hit)
7053 http cache define-lazy-prop@https://registry.npmjs.org/define-lazy-prop/-/define-lazy-prop-2.0.0.tgz 0ms (cache hit)
7054 http cache fs-monkey@https://registry.npmjs.org/fs-monkey/-/fs-monkey-1.1.0.tgz 0ms (cache hit)
7055 http cache binary-extensions@https://registry.npmjs.org/binary-extensions/-/binary-extensions-2.3.0.tgz 0ms (cache hit)
7056 http cache duplexer@https://registry.npmjs.org/duplexer/-/duplexer-0.1.2.tgz 0ms (cache hit)
7057 http cache kind-of@https://registry.npmjs.org/kind-of/-/kind-of-6.0.3.tgz 0ms (cache hit)
7058 http cache ini@https://registry.npmjs.org/ini/-/ini-1.3.8.tgz 0ms (cache hit)
7059 http cache readdirp@https://registry.npmjs.org/readdirp/-/readdirp-3.6.0.tgz 0ms (cache hit)
7060 http cache global-prefix@https://registry.npmjs.org/global-prefix/-/global-prefix-3.0.0.tgz 0ms (cache hit)
7061 http cache is-binary-path@https://registry.npmjs.org/is-binary-path/-/is-binary-path-2.1.0.tgz 0ms (cache hit)
7062 http cache memfs@https://registry.npmjs.org/memfs/-/memfs-3.5.3.tgz 0ms (cache hit)
7063 http cache react-error-overlay@https://registry.npmjs.org/react-error-overlay/-/react-error-overlay-6.1.0.tgz 0ms (cache hit)
7064 http cache shell-quote@https://registry.npmjs.org/shell-quote/-/shell-quote-1.8.3.tgz 0ms (cache hit)
7065 http cache recursive-readdir@https://registry.npmjs.org/recursive-readdir/-/recursive-readdir-2.2.3.tgz 0ms (cache hit)
7066 http cache chokidar@https://registry.npmjs.org/chokidar/-/chokidar-3.6.0.tgz 0ms (cache hit)
7067 http cache pkg-up@https://registry.npmjs.org/pkg-up/-/pkg-up-3.1.0.tgz 0ms (cache hit)
7068 http cache open@https://registry.npmjs.org/open/-/open-8.4.2.tgz 0ms (cache hit)
7069 http cache immer@https://registry.npmjs.org/immer/-/immer-9.0.21.tgz 0ms (cache hit)
7070 http cache is-root@https://registry.npmjs.org/is-root/-/is-root-2.1.0.tgz 0ms (cache hit)
7071 http cache typescript@https://registry.npmjs.org/typescript/-/typescript-4.9.5.tgz 0ms (cache hit)
7072 http cache global-modules@https://registry.npmjs.org/global-modules/-/global-modules-2.0.0.tgz 0ms (cache hit)
7073 http cache fork-ts-checker-webpack-plugin@https://registry.npmjs.org/fork-ts-checker-webpack-plugin/-/fork-ts-checker-webpack-plugin-6.5.3.tgz 0ms (cache hit)
7074 http cache detect-port-alt@https://registry.npmjs.org/detect-port-alt/-/detect-port-alt-1.1.6.tgz 0ms (cache hit)
7075 http cache gzip-size@https://registry.npmjs.org/gzip-size/-/gzip-size-6.0.0.tgz 0ms (cache hit)
7076 http cache address@https://registry.npmjs.org/address/-/address-1.2.2.tgz 0ms (cache hit)
7077 http cache performance-now@https://registry.npmjs.org/performance-now/-/performance-now-2.1.0.tgz 0ms (cache hit)
7078 http cache filesize@https://registry.npmjs.org/filesize/-/filesize-8.0.7.tgz 0ms (cache hit)
7079 http cache promise@https://registry.npmjs.org/promise/-/promise-8.3.0.tgz 0ms (cache hit)
7080 http cache asap@https://registry.npmjs.org/asap/-/asap-2.0.6.tgz 0ms (cache hit)
7081 http cache raf@https://registry.npmjs.org/raf/-/raf-3.4.1.tgz 0ms (cache hit)
7082 http cache regenerator-runtime@https://registry.npmjs.org/regenerator-runtime/-/regenerator-runtime-0.13.11.tgz 0ms (cache hit)
7083 http cache object-assign@https://registry.npmjs.org/object-assign/-/object-assign-4.1.1.tgz 0ms (cache hit)
7084 http cache core-js@https://registry.npmjs.org/core-js/-/core-js-3.49.0.tgz 0ms (cache hit)
7085 http cache sisteransi@https://registry.npmjs.org/sisteransi/-/sisteransi-1.0.5.tgz 0ms (cache hit)
7086 http cache whatwg-fetch@https://registry.npmjs.org/whatwg-fetch/-/whatwg-fetch-3.6.20.tgz 0ms (cache hit)
7087 http cache ansi-regex@https://registry.npmjs.org/ansi-regex/-/ansi-regex-5.0.1.tgz 0ms (cache hit)
7088 http cache kleur@https://registry.npmjs.org/kleur/-/kleur-3.0.3.tgz 0ms (cache hit)
7089 http cache react-is@https://registry.npmjs.org/react-is/-/react-is-17.0.2.tgz 0ms (cache hit)
7090 http cache renderkid@https://registry.npmjs.org/renderkid/-/renderkid-3.0.0.tgz 0ms (cache hit)
7091 http cache util-deprecate@https://registry.npmjs.org/util-deprecate/-/util-deprecate-1.0.2.tgz 0ms (cache hit)
7092 http cache @csstools/selector-specificity@https://registry.npmjs.org/@csstools/selector-specificity/-/selector-specificity-2.2.0.tgz 0ms (cache hit)
7093 http cache cssesc@https://registry.npmjs.org/cssesc/-/cssesc-3.0.0.tgz 0ms (cache hit)
7094 http cache postcss-selector-not@https://registry.npmjs.org/postcss-selector-not/-/postcss-selector-not-6.0.1.tgz 0ms (cache hit)
7095 http cache postcss-replace-overflow-wrap@https://registry.npmjs.org/postcss-replace-overflow-wrap/-/postcss-replace-overflow-wrap-4.0.0.tgz 0ms (cache hit)
7096 http cache fraction.js@https://registry.npmjs.org/fraction.js/-/fraction.js-5.3.4.tgz 0ms (cache hit)
7097 http cache postcss-pseudo-class-any-link@https://registry.npmjs.org/postcss-pseudo-class-any-link/-/postcss-pseudo-class-any-link-7.1.6.tgz 0ms (cache hit)
7098 http cache postcss-place@https://registry.npmjs.org/postcss-place/-/postcss-place-7.0.5.tgz 0ms (cache hit)
7099 http cache postcss-page-break@https://registry.npmjs.org/postcss-page-break/-/postcss-page-break-3.0.4.tgz 0ms (cache hit)
7100 http cache postcss-opacity-percentage@https://registry.npmjs.org/postcss-opacity-percentage/-/postcss-opacity-percentage-1.1.3.tgz 0ms (cache hit)
7101 http cache postcss-nesting@https://registry.npmjs.org/postcss-nesting/-/postcss-nesting-10.2.0.tgz 0ms (cache hit)
7102 http cache postcss-media-minmax@https://registry.npmjs.org/postcss-media-minmax/-/postcss-media-minmax-5.0.0.tgz 0ms (cache hit)
7103 http cache postcss-logical@https://registry.npmjs.org/postcss-logical/-/postcss-logical-5.0.4.tgz 0ms (cache hit)
7104 http cache postcss-overflow-shorthand@https://registry.npmjs.org/postcss-overflow-shorthand/-/postcss-overflow-shorthand-3.0.4.tgz 0ms (cache hit)
7105 http cache postcss-gap-properties@https://registry.npmjs.org/postcss-gap-properties/-/postcss-gap-properties-3.0.5.tgz 0ms (cache hit)
7106 http cache postcss-initial@https://registry.npmjs.org/postcss-initial/-/postcss-initial-4.0.1.tgz 0ms (cache hit)
7107 http cache postcss-image-set-function@https://registry.npmjs.org/postcss-image-set-function/-/postcss-image-set-function-4.0.7.tgz 0ms (cache hit)
7108 http cache postcss-font-variant@https://registry.npmjs.org/postcss-font-variant/-/postcss-font-variant-5.0.0.tgz 0ms (cache hit)
7109 http cache postcss-focus-within@https://registry.npmjs.org/postcss-focus-within/-/postcss-focus-within-5.0.4.tgz 0ms (cache hit)
7110 http cache postcss-focus-visible@https://registry.npmjs.org/postcss-focus-visible/-/postcss-focus-visible-6.0.4.tgz 0ms (cache hit)
7111 http cache postcss-double-position-gradients@https://registry.npmjs.org/postcss-double-position-gradients/-/postcss-double-position-gradients-3.1.2.tgz 0ms (cache hit)
7112 http cache postcss-dir-pseudo-class@https://registry.npmjs.org/postcss-dir-pseudo-class/-/postcss-dir-pseudo-class-6.0.5.tgz 0ms (cache hit)
7113 http cache postcss-custom-properties@https://registry.npmjs.org/postcss-custom-properties/-/postcss-custom-properties-12.1.11.tgz 0ms (cache hit)
7114 http cache postcss-env-function@https://registry.npmjs.org/postcss-env-function/-/postcss-env-function-4.0.6.tgz 0ms (cache hit)
7115 http cache postcss-lab-function@https://registry.npmjs.org/postcss-lab-function/-/postcss-lab-function-4.2.1.tgz 0ms (cache hit)
7116 http cache postcss-color-rebeccapurple@https://registry.npmjs.org/postcss-color-rebeccapurple/-/postcss-color-rebeccapurple-7.1.1.tgz 0ms (cache hit)
7117 http cache postcss-custom-selectors@https://registry.npmjs.org/postcss-custom-selectors/-/postcss-custom-selectors-6.0.3.tgz 0ms (cache hit)
7118 http cache postcss-color-hex-alpha@https://registry.npmjs.org/postcss-color-hex-alpha/-/postcss-color-hex-alpha-8.0.4.tgz 0ms (cache hit)
7119 http cache postcss-custom-media@https://registry.npmjs.org/postcss-custom-media/-/postcss-custom-media-8.0.2.tgz 0ms (cache hit)
7120 http cache postcss-clamp@https://registry.npmjs.org/postcss-clamp/-/postcss-clamp-4.1.0.tgz 0ms (cache hit)
7121 http cache postcss-attribute-case-insensitive@https://registry.npmjs.org/postcss-attribute-case-insensitive/-/postcss-attribute-case-insensitive-5.0.2.tgz 0ms (cache hit)
7122 http cache cssdb@https://registry.npmjs.org/cssdb/-/cssdb-7.11.2.tgz 0ms (cache hit)
7123 http cache postcss-color-functional-notation@https://registry.npmjs.org/postcss-color-functional-notation/-/postcss-color-functional-notation-4.2.4.tgz 0ms (cache hit)
7124 http cache @csstools/postcss-unset-value@https://registry.npmjs.org/@csstools/postcss-unset-value/-/postcss-unset-value-1.0.2.tgz 0ms (cache hit)
7125 http cache @csstools/postcss-trigonometric-functions@https://registry.npmjs.org/@csstools/postcss-trigonometric-functions/-/postcss-trigonometric-functions-1.0.2.tgz 0ms (cache hit)
7126 http cache css-blank-pseudo@https://registry.npmjs.org/css-blank-pseudo/-/css-blank-pseudo-3.0.3.tgz 0ms (cache hit)
7127 http cache autoprefixer@https://registry.npmjs.org/autoprefixer/-/autoprefixer-10.4.27.tgz 0ms (cache hit)
7128 http cache css-has-pseudo@https://registry.npmjs.org/css-has-pseudo/-/css-has-pseudo-3.0.4.tgz 0ms (cache hit)
7129 http cache css-prefers-color-scheme@https://registry.npmjs.org/css-prefers-color-scheme/-/css-prefers-color-scheme-6.0.3.tgz 0ms (cache hit)
7130 http cache @csstools/postcss-progressive-custom-properties@https://registry.npmjs.org/@csstools/postcss-progressive-custom-properties/-/postcss-progressive-custom-properties-1.3.0.tgz 0ms (cache hit)
7131 http cache @csstools/postcss-text-decoration-shorthand@https://registry.npmjs.org/@csstools/postcss-text-decoration-shorthand/-/postcss-text-decoration-shorthand-1.0.0.tgz 0ms (cache hit)
7132 http cache @csstools/postcss-oklab-function@https://registry.npmjs.org/@csstools/postcss-oklab-function/-/postcss-oklab-function-1.1.1.tgz 0ms (cache hit)
7133 http cache @csstools/postcss-nested-calc@https://registry.npmjs.org/@csstools/postcss-nested-calc/-/postcss-nested-calc-1.0.0.tgz 0ms (cache hit)
7134 http cache @csstools/postcss-normalize-display-values@https://registry.npmjs.org/@csstools/postcss-normalize-display-values/-/postcss-normalize-display-values-1.0.1.tgz 0ms (cache hit)
7135 http cache @csstools/postcss-stepped-value-functions@https://registry.npmjs.org/@csstools/postcss-stepped-value-functions/-/postcss-stepped-value-functions-1.0.1.tgz 0ms (cache hit)
7136 http cache @csstools/postcss-ic-unit@https://registry.npmjs.org/@csstools/postcss-ic-unit/-/postcss-ic-unit-1.0.1.tgz 0ms (cache hit)
7137 http cache @csstools/postcss-hwb-function@https://registry.npmjs.org/@csstools/postcss-hwb-function/-/postcss-hwb-function-1.0.2.tgz 0ms (cache hit)
7138 http cache @csstools/postcss-is-pseudo-class@https://registry.npmjs.org/@csstools/postcss-is-pseudo-class/-/postcss-is-pseudo-class-2.0.7.tgz 0ms (cache hit)
7139 http cache postcss-browser-comments@https://registry.npmjs.org/postcss-browser-comments/-/postcss-browser-comments-4.0.0.tgz 0ms (cache hit)
7140 http cache sanitize.css@https://registry.npmjs.org/sanitize.css/-/sanitize.css-13.0.0.tgz 0ms (cache hit)
7141 http cache @csstools/postcss-cascade-layers@https://registry.npmjs.org/@csstools/postcss-cascade-layers/-/postcss-cascade-layers-1.1.1.tgz 0ms (cache hit)
7142 http cache normalize-url@https://registry.npmjs.org/normalize-url/-/normalize-url-6.1.0.tgz 0ms (cache hit)
7143 http cache @csstools/postcss-font-format-keywords@https://registry.npmjs.org/@csstools/postcss-font-format-keywords/-/postcss-font-format-keywords-1.0.1.tgz 0ms (cache hit)
7144 http cache @csstools/postcss-color-function@https://registry.npmjs.org/@csstools/postcss-color-function/-/postcss-color-function-1.1.1.tgz 0ms (cache hit)
7145 http cache @csstools/normalize.css@https://registry.npmjs.org/@csstools/normalize.css/-/normalize.css-12.1.1.tgz 0ms (cache hit)
7146 http cache klona@https://registry.npmjs.org/klona/-/klona-2.0.6.tgz 0ms (cache hit)
7147 http cache lodash.memoize@https://registry.npmjs.org/lodash.memoize/-/lodash.memoize-4.1.2.tgz 0ms (cache hit)
7148 http cache colord@https://registry.npmjs.org/colord/-/colord-2.9.3.tgz 0ms (cache hit)
7149 http cache postcss-selector-parser@https://registry.npmjs.org/postcss-selector-parser/-/postcss-selector-parser-6.1.2.tgz 0ms (cache hit)
7150 http cache stylehacks@https://registry.npmjs.org/stylehacks/-/stylehacks-5.1.1.tgz 0ms (cache hit)
7151 http cache caniuse-api@https://registry.npmjs.org/caniuse-api/-/caniuse-api-3.0.0.tgz 0ms (cache hit)
7152 http cache source-map-js@https://registry.npmjs.org/source-map-js/-/source-map-js-1.2.1.tgz 0ms (cache hit)
7153 http cache nanoid@https://registry.npmjs.org/nanoid/-/nanoid-3.3.11.tgz 0ms (cache hit)
7154 http cache is-arrayish@https://registry.npmjs.org/is-arrayish/-/is-arrayish-0.2.1.tgz 0ms (cache hit)
7155 http cache error-ex@https://registry.npmjs.org/error-ex/-/error-ex-1.3.4.tgz 0ms (cache hit)
7156 http cache lines-and-columns@https://registry.npmjs.org/lines-and-columns/-/lines-and-columns-1.2.4.tgz 0ms (cache hit)
7157 http cache dot-case@https://registry.npmjs.org/dot-case/-/dot-case-3.0.4.tgz 1ms (cache hit)
7158 http cache lower-case@https://registry.npmjs.org/lower-case/-/lower-case-2.0.2.tgz 0ms (cache hit)
7159 http cache p-try@https://registry.npmjs.org/p-try/-/p-try-2.2.0.tgz 0ms (cache hit)
7160 http cache no-case@https://registry.npmjs.org/no-case/-/no-case-3.0.4.tgz 0ms (cache hit)
7161 http cache lodash.uniq@https://registry.npmjs.org/lodash.uniq/-/lodash.uniq-4.5.0.tgz 0ms (cache hit)
7162 http cache json-parse-even-better-errors@https://registry.npmjs.org/json-parse-even-better-errors/-/json-parse-even-better-errors-2.3.1.tgz 0ms (cache hit)
7163 http cache fast-levenshtein@https://registry.npmjs.org/fast-levenshtein/-/fast-levenshtein-2.0.6.tgz 0ms (cache hit)
7164 http cache p-limit@https://registry.npmjs.org/p-limit/-/p-limit-2.3.0.tgz 0ms (cache hit)
7165 http cache mimic-fn@https://registry.npmjs.org/mimic-fn/-/mimic-fn-2.1.0.tgz 0ms (cache hit)
7166 http cache brace-expansion@https://registry.npmjs.org/brace-expansion/-/brace-expansion-1.1.14.tgz 0ms (cache hit)
7167 http cache word-wrap@https://registry.npmjs.org/word-wrap/-/word-wrap-1.2.5.tgz 0ms (cache hit)
7168 http cache concat-map@https://registry.npmjs.org/concat-map/-/concat-map-0.0.1.tgz 0ms (cache hit)
7169 http cache balanced-match@https://registry.npmjs.org/balanced-match/-/balanced-match-1.0.2.tgz 0ms (cache hit)
7170 http cache deep-is@https://registry.npmjs.org/deep-is/-/deep-is-0.1.4.tgz 0ms (cache hit)
7171 http cache to-regex-range@https://registry.npmjs.org/to-regex-range/-/to-regex-range-5.0.1.tgz 0ms (cache hit)
7172 http cache fill-range@https://registry.npmjs.org/fill-range/-/fill-range-7.1.1.tgz 0ms (cache hit)
7173 http cache mime-db@https://registry.npmjs.org/mime-db/-/mime-db-1.52.0.tgz 0ms (cache hit)
7174 http cache yallist@https://registry.npmjs.org/yallist/-/yallist-3.1.1.tgz 0ms (cache hit)
7175 http cache p-locate@https://registry.npmjs.org/p-locate/-/p-locate-4.1.0.tgz 0ms (cache hit)
7176 http cache big.js@https://registry.npmjs.org/big.js/-/big.js-5.2.2.tgz 0ms (cache hit)
7177 http cache braces@https://registry.npmjs.org/braces/-/braces-3.0.3.tgz 0ms (cache hit)
7178 http cache prelude-ls@https://registry.npmjs.org/prelude-ls/-/prelude-ls-1.2.1.tgz 0ms (cache hit)
7179 http cache emojis-list@https://registry.npmjs.org/emojis-list/-/emojis-list-3.0.0.tgz 0ms (cache hit)
7180 http cache language-subtag-registry@https://registry.npmjs.org/language-subtag-registry/-/language-subtag-registry-0.3.23.tgz 0ms (cache hit)
7181 http cache agent-base@https://registry.npmjs.org/agent-base/-/agent-base-6.0.2.tgz 0ms (cache hit)
7182 http cache underscore@https://registry.npmjs.org/underscore/-/underscore-1.13.6.tgz 0ms (cache hit)
7183 http cache @tootallnate/once@https://registry.npmjs.org/@tootallnate/once/-/once-1.1.2.tgz 0ms (cache hit)
7184 http cache json-buffer@https://registry.npmjs.org/json-buffer/-/json-buffer-3.0.1.tgz 0ms (cache hit)
7185 http cache delayed-stream@https://registry.npmjs.org/delayed-stream/-/delayed-stream-1.0.0.tgz 0ms (cache hit)
7186 http cache type-check@https://registry.npmjs.org/type-check/-/type-check-0.4.0.tgz 0ms (cache hit)
7187 http cache mime-types@https://registry.npmjs.org/mime-types/-/mime-types-2.1.35.tgz 0ms (cache hit)
7188 http cache acorn-walk@https://registry.npmjs.org/acorn-walk/-/acorn-walk-7.2.0.tgz 0ms (cache hit)
7189 http cache combined-stream@https://registry.npmjs.org/combined-stream/-/combined-stream-1.0.8.tgz 0ms (cache hit)
7190 http cache static-eval@https://registry.npmjs.org/static-eval/-/static-eval-2.1.1.tgz 0ms (cache hit)
7191 http cache asynckit@https://registry.npmjs.org/asynckit/-/asynckit-0.4.0.tgz 0ms (cache hit)
7192 http cache xml-name-validator@https://registry.npmjs.org/xml-name-validator/-/xml-name-validator-3.0.0.tgz 0ms (cache hit)
7193 http cache whatwg-encoding@https://registry.npmjs.org/whatwg-encoding/-/whatwg-encoding-1.0.5.tgz 0ms (cache hit)
7194 http cache whatwg-mimetype@https://registry.npmjs.org/whatwg-mimetype/-/whatwg-mimetype-2.3.0.tgz 0ms (cache hit)
7195 http cache whatwg-url@https://registry.npmjs.org/whatwg-url/-/whatwg-url-8.7.0.tgz 0ms (cache hit)
7196 http cache webidl-conversions@https://registry.npmjs.org/webidl-conversions/-/webidl-conversions-6.1.0.tgz 0ms (cache hit)
7197 http cache ws@https://registry.npmjs.org/ws/-/ws-7.5.10.tgz 0ms (cache hit)
7198 http cache w3c-xmlserializer@https://registry.npmjs.org/w3c-xmlserializer/-/w3c-xmlserializer-2.0.0.tgz 0ms (cache hit)
7199 http cache symbol-tree@https://registry.npmjs.org/symbol-tree/-/symbol-tree-3.2.4.tgz 0ms (cache hit)
7200 http cache w3c-hr-time@https://registry.npmjs.org/w3c-hr-time/-/w3c-hr-time-1.0.2.tgz 0ms (cache hit)
7201 http cache saxes@https://registry.npmjs.org/saxes/-/saxes-5.0.1.tgz 0ms (cache hit)
7202 http cache nwsapi@https://registry.npmjs.org/nwsapi/-/nwsapi-2.2.23.tgz 0ms (cache hit)
7203 http cache tough-cookie@https://registry.npmjs.org/tough-cookie/-/tough-cookie-4.1.4.tgz 0ms (cache hit)
7204 http cache https-proxy-agent@https://registry.npmjs.org/https-proxy-agent/-/https-proxy-agent-5.0.1.tgz 0ms (cache hit)
7205 http cache http-proxy-agent@https://registry.npmjs.org/http-proxy-agent/-/http-proxy-agent-4.0.1.tgz 0ms (cache hit)
7206 http cache parse5@https://registry.npmjs.org/parse5/-/parse5-6.0.1.tgz 0ms (cache hit)
7207 http cache form-data@https://registry.npmjs.org/form-data/-/form-data-3.0.4.tgz 0ms (cache hit)
7208 http cache is-potential-custom-element-name@https://registry.npmjs.org/is-potential-custom-element-name/-/is-potential-custom-element-name-1.0.1.tgz 0ms (cache hit)
7209 http cache html-encoding-sniffer@https://registry.npmjs.org/html-encoding-sniffer/-/html-encoding-sniffer-2.0.1.tgz 0ms (cache hit)
7210 http cache escodegen@https://registry.npmjs.org/escodegen/-/escodegen-2.1.0.tgz 0ms (cache hit)
7211 http cache decimal.js@https://registry.npmjs.org/decimal.js/-/decimal.js-10.6.0.tgz 0ms (cache hit)
7212 http cache domexception@https://registry.npmjs.org/domexception/-/domexception-2.0.1.tgz 0ms (cache hit)
7213 http cache data-urls@https://registry.npmjs.org/data-urls/-/data-urls-2.0.0.tgz 0ms (cache hit)
7214 http cache cssom@https://registry.npmjs.org/cssom/-/cssom-0.4.4.tgz 0ms (cache hit)
7215 http cache cssstyle@https://registry.npmjs.org/cssstyle/-/cssstyle-2.3.0.tgz 0ms (cache hit)
7216 http cache acorn-globals@https://registry.npmjs.org/acorn-globals/-/acorn-globals-6.0.0.tgz 0ms (cache hit)
7217 http cache esprima@https://registry.npmjs.org/esprima/-/esprima-4.0.1.tgz 0ms (cache hit)
7218 http cache sprintf-js@https://registry.npmjs.org/sprintf-js/-/sprintf-js-1.0.3.tgz 0ms (cache hit)
7219 http cache abab@https://registry.npmjs.org/abab/-/abab-2.0.6.tgz 0ms (cache hit)
7220 http cache @types/prettier@https://registry.npmjs.org/@types/prettier/-/prettier-2.7.3.tgz 0ms (cache hit)
7221 http cache argparse@https://registry.npmjs.org/argparse/-/argparse-1.0.10.tgz 0ms (cache hit)
7222 http cache leven@https://registry.npmjs.org/leven/-/leven-3.1.0.tgz 0ms (cache hit)
7223 http cache cjs-module-lexer@https://registry.npmjs.org/cjs-module-lexer/-/cjs-module-lexer-1.4.3.tgz 0ms (cache hit)
7224 http cache jest-leak-detector@https://registry.npmjs.org/jest-leak-detector/-/jest-leak-detector-27.5.1.tgz 0ms (cache hit)
7225 http cache @jest/globals@https://registry.npmjs.org/@jest/globals/-/globals-27.5.1.tgz 0ms (cache hit)
7226 http cache strip-bom@https://registry.npmjs.org/strip-bom/-/strip-bom-4.0.0.tgz 0ms (cache hit)
7227 http cache detect-newline@https://registry.npmjs.org/detect-newline/-/detect-newline-3.1.0.tgz 0ms (cache hit)
7228 http cache source-map-support@https://registry.npmjs.org/source-map-support/-/source-map-support-0.5.21.tgz 0ms (cache hit)
7229 http cache @types/stack-utils@https://registry.npmjs.org/@types/stack-utils/-/stack-utils-2.0.3.tgz 0ms (cache hit)
7230 http cache jest-pnp-resolver@https://registry.npmjs.org/jest-pnp-resolver/-/jest-pnp-resolver-1.2.3.tgz 0ms (cache hit)
7231 http cache resolve.exports@https://registry.npmjs.org/resolve.exports/-/resolve.exports-1.1.1.tgz 0ms (cache hit)
7232 http cache jest-docblock@https://registry.npmjs.org/jest-docblock/-/jest-docblock-27.5.1.tgz 0ms (cache hit)
7233 http cache jest-diff@https://registry.npmjs.org/jest-diff/-/jest-diff-27.5.1.tgz 0ms (cache hit)
7234 http cache callsites@https://registry.npmjs.org/callsites/-/callsites-3.1.0.tgz 0ms (cache hit)
7235 http cache node-int64@https://registry.npmjs.org/node-int64/-/node-int64-0.4.0.tgz 0ms (cache hit)
7236 http cache diff-sequences@https://registry.npmjs.org/diff-sequences/-/diff-sequences-27.5.1.tgz 0ms (cache hit)
7237 http cache @jest/source-map@https://registry.npmjs.org/@jest/source-map/-/source-map-27.5.1.tgz 0ms (cache hit)
7238 http cache bser@https://registry.npmjs.org/bser/-/bser-2.1.1.tgz 0ms (cache hit)
7239 http cache picomatch@https://registry.npmjs.org/picomatch/-/picomatch-2.3.2.tgz 0ms (cache hit)
7240 http cache anymatch@https://registry.npmjs.org/anymatch/-/anymatch-3.1.3.tgz 0ms (cache hit)
7241 http cache jest-serializer@https://registry.npmjs.org/jest-serializer/-/jest-serializer-27.5.1.tgz 0ms (cache hit)
7242 http cache @types/graceful-fs@https://registry.npmjs.org/@types/graceful-fs/-/graceful-fs-4.1.9.tgz 0ms (cache hit)
7243 http cache walker@https://registry.npmjs.org/walker/-/walker-1.0.8.tgz 0ms (cache hit)
7244 http cache fb-watchman@https://registry.npmjs.org/fb-watchman/-/fb-watchman-2.0.2.tgz 0ms (cache hit)
7245 http cache type-detect@https://registry.npmjs.org/type-detect/-/type-detect-4.0.8.tgz 0ms (cache hit)
7246 http cache @sinonjs/commons@https://registry.npmjs.org/@sinonjs/commons/-/commons-1.8.6.tgz 0ms (cache hit)
7247 http cache jsdom@https://registry.npmjs.org/jsdom/-/jsdom-16.7.0.tgz 0ms (cache hit)
7248 http cache @sinonjs/fake-timers@https://registry.npmjs.org/@sinonjs/fake-timers/-/fake-timers-8.1.0.tgz 0ms (cache hit)
7249 http cache @jest/fake-timers@https://registry.npmjs.org/@jest/fake-timers/-/fake-timers-27.5.1.tgz 0ms (cache hit)
7250 http cache stack-utils@https://registry.npmjs.org/stack-utils/-/stack-utils-2.0.6.tgz 0ms (cache hit)
7251 http cache jest-mock@https://registry.npmjs.org/jest-mock/-/jest-mock-27.5.1.tgz 0ms (cache hit)
7252 http cache jest-each@https://registry.npmjs.org/jest-each/-/jest-each-27.5.1.tgz 0ms (cache hit)
7253 http cache expect@https://registry.npmjs.org/expect/-/expect-27.5.1.tgz 0ms (cache hit)
7254 http cache @jest/environment@https://registry.npmjs.org/@jest/environment/-/environment-27.5.1.tgz 0ms (cache hit)
7255 http cache dedent@https://registry.npmjs.org/dedent/-/dedent-0.7.0.tgz 0ms (cache hit)
7256 http cache is-generator-fn@https://registry.npmjs.org/is-generator-fn/-/is-generator-fn-2.1.0.tgz 0ms (cache hit)
7257 http cache co@https://registry.npmjs.org/co/-/co-4.6.0.tgz 0ms (cache hit)
7258 http cache pretty-format@https://registry.npmjs.org/pretty-format/-/pretty-format-27.5.1.tgz 0ms (cache hit)
7259 http cache jest-get-type@https://registry.npmjs.org/jest-get-type/-/jest-get-type-27.5.1.tgz 0ms (cache hit)
7260 http cache jest-environment-node@https://registry.npmjs.org/jest-environment-node/-/jest-environment-node-27.5.1.tgz 0ms (cache hit)
7261 http cache jest-matcher-utils@https://registry.npmjs.org/jest-matcher-utils/-/jest-matcher-utils-27.5.1.tgz 0ms (cache hit)
7262 http cache jest-jasmine2@https://registry.npmjs.org/jest-jasmine2/-/jest-jasmine2-27.5.1.tgz 0ms (cache hit)
7263 http cache @jest/test-sequencer@https://registry.npmjs.org/@jest/test-sequencer/-/test-sequencer-27.5.1.tgz 0ms (cache hit)
7264 http cache jest-environment-jsdom@https://registry.npmjs.org/jest-environment-jsdom/-/jest-environment-jsdom-27.5.1.tgz 0ms (cache hit)
7265 http cache ci-info@https://registry.npmjs.org/ci-info/-/ci-info-3.9.0.tgz 0ms (cache hit)
7266 http cache signal-exit@https://registry.npmjs.org/signal-exit/-/signal-exit-3.0.7.tgz 0ms (cache hit)
7267 http cache strip-final-newline@https://registry.npmjs.org/strip-final-newline/-/strip-final-newline-2.0.0.tgz 0ms (cache hit)
7268 http cache yargs@https://registry.npmjs.org/yargs/-/yargs-16.2.0.tgz 0ms (cache hit)
7269 http cache npm-run-path@https://registry.npmjs.org/npm-run-path/-/npm-run-path-4.0.1.tgz 0ms (cache hit)
7270 http cache jest-circus@https://registry.npmjs.org/jest-circus/-/jest-circus-27.5.1.tgz 0ms (cache hit)
7271 http cache onetime@https://registry.npmjs.org/onetime/-/onetime-5.1.2.tgz 0ms (cache hit)
7272 http cache is-stream@https://registry.npmjs.org/is-stream/-/is-stream-2.0.1.tgz 0ms (cache hit)
7273 http cache human-signals@https://registry.npmjs.org/human-signals/-/human-signals-2.1.0.tgz 0ms (cache hit)
7274 http cache throat@https://registry.npmjs.org/throat/-/throat-6.0.2.tgz 0ms (cache hit)
7275 http cache html-escaper@https://registry.npmjs.org/html-escaper/-/html-escaper-2.0.2.tgz 0ms (cache hit)
7276 http cache merge-stream@https://registry.npmjs.org/merge-stream/-/merge-stream-2.0.0.tgz 0ms (cache hit)
7277 http cache path-is-absolute@https://registry.npmjs.org/path-is-absolute/-/path-is-absolute-1.0.1.tgz 0ms (cache hit)
7278 http cache resolve-cwd@https://registry.npmjs.org/resolve-cwd/-/resolve-cwd-3.0.0.tgz 0ms (cache hit)
7279 http cache wrappy@https://registry.npmjs.org/wrappy/-/wrappy-1.0.2.tgz 0ms (cache hit)
7280 http cache get-stream@https://registry.npmjs.org/get-stream/-/get-stream-6.0.1.tgz 0ms (cache hit)
7281 http cache inflight@https://registry.npmjs.org/inflight/-/inflight-1.0.6.tgz 0ms (cache hit)
7282 http cache once@https://registry.npmjs.org/once/-/once-1.4.0.tgz 0ms (cache hit)
7283 http cache v8-to-istanbul@https://registry.npmjs.org/v8-to-istanbul/-/v8-to-istanbul-8.1.1.tgz 0ms (cache hit)
7284 http cache execa@https://registry.npmjs.org/execa/-/execa-5.1.1.tgz 0ms (cache hit)
7285 http cache inherits@https://registry.npmjs.org/inherits/-/inherits-2.0.4.tgz 0ms (cache hit)
7286 http cache fs.realpath@https://registry.npmjs.org/fs.realpath/-/fs.realpath-1.0.0.tgz 0ms (cache hit)
7287 http cache terminal-link@https://registry.npmjs.org/terminal-link/-/terminal-link-2.1.1.tgz 0ms (cache hit)
7288 http cache istanbul-reports@https://registry.npmjs.org/istanbul-reports/-/istanbul-reports-3.2.0.tgz 0ms (cache hit)
7289 http cache string-length@https://registry.npmjs.org/string-length/-/string-length-4.0.2.tgz 0ms (cache hit)
7290 http cache istanbul-lib-source-maps@https://registry.npmjs.org/istanbul-lib-source-maps/-/istanbul-lib-source-maps-4.0.1.tgz 0ms (cache hit)
7291 http cache istanbul-lib-report@https://registry.npmjs.org/istanbul-lib-report/-/istanbul-lib-report-3.0.1.tgz 0ms (cache hit)
7292 http cache @bcoe/v8-coverage@https://registry.npmjs.org/@bcoe/v8-coverage/-/v8-coverage-0.2.3.tgz 0ms (cache hit)
7293 http cache collect-v8-coverage@https://registry.npmjs.org/collect-v8-coverage/-/collect-v8-coverage-1.0.3.tgz 0ms (cache hit)
7294 http cache glob@https://registry.npmjs.org/glob/-/glob-7.2.3.tgz 0ms (cache hit)
7295 http cache jest-watcher@https://registry.npmjs.org/jest-watcher/-/jest-watcher-27.5.1.tgz 0ms (cache hit)
7296 http cache jest-validate@https://registry.npmjs.org/jest-validate/-/jest-validate-27.5.1.tgz 0ms (cache hit)
7297 http cache jest-config@https://registry.npmjs.org/jest-config/-/jest-config-27.5.1.tgz 0ms (cache hit)
7298 http cache jest-runtime@https://registry.npmjs.org/jest-runtime/-/jest-runtime-27.5.1.tgz 0ms (cache hit)
7299 http cache jest-runner@https://registry.npmjs.org/jest-runner/-/jest-runner-27.5.1.tgz 0ms (cache hit)
7300 http cache jest-resolve-dependencies@https://registry.npmjs.org/jest-resolve-dependencies/-/jest-resolve-dependencies-27.5.1.tgz 0ms (cache hit)
7301 http cache jest-changed-files@https://registry.npmjs.org/jest-changed-files/-/jest-changed-files-27.5.1.tgz 0ms (cache hit)
7302 http cache jest-snapshot@https://registry.npmjs.org/jest-snapshot/-/jest-snapshot-27.5.1.tgz 0ms (cache hit)
7303 http cache @jest/test-result@https://registry.npmjs.org/@jest/test-result/-/test-result-27.5.1.tgz 0ms (cache hit)
7304 http cache jest-message-util@https://registry.npmjs.org/jest-message-util/-/jest-message-util-27.5.1.tgz 0ms (cache hit)
7305 http cache emittery@https://registry.npmjs.org/emittery/-/emittery-0.8.1.tgz 0ms (cache hit)
7306 http cache @jest/reporters@https://registry.npmjs.org/@jest/reporters/-/reporters-27.5.1.tgz 0ms (cache hit)
7307 http cache ansi-escapes@https://registry.npmjs.org/ansi-escapes/-/ansi-escapes-4.3.2.tgz 0ms (cache hit)
7308 http cache jest-cli@https://registry.npmjs.org/jest-cli/-/jest-cli-27.5.1.tgz 0ms (cache hit)
7309 http cache @jest/console@https://registry.npmjs.org/@jest/console/-/console-27.5.1.tgz 0ms (cache hit)
7310 http cache exit@https://registry.npmjs.org/exit/-/exit-0.1.2.tgz 0ms (cache hit)
7311 http cache @jest/core@https://registry.npmjs.org/@jest/core/-/core-27.5.1.tgz 0ms (cache hit)
7312 http cache is-extglob@https://registry.npmjs.org/is-extglob/-/is-extglob-2.1.1.tgz 0ms (cache hit)
7313 http cache import-local@https://registry.npmjs.org/import-local/-/import-local-3.2.0.tgz 0ms (cache hit)
7314 http cache side-channel@https://registry.npmjs.org/side-channel/-/side-channel-1.1.0.tgz 0ms (cache hit)
7315 http cache istanbul-lib-coverage@https://registry.npmjs.org/istanbul-lib-coverage/-/istanbul-lib-coverage-3.2.2.tgz 0ms (cache hit)
7316 http cache harmony-reflect@https://registry.npmjs.org/harmony-reflect/-/harmony-reflect-1.6.2.tgz 0ms (cache hit)
7317 http cache parent-module@https://registry.npmjs.org/parent-module/-/parent-module-1.0.1.tgz 0ms (cache hit)
7318 http cache tslib@https://registry.npmjs.org/tslib/-/tslib-2.8.1.tgz 0ms (cache hit)
7319 http cache param-case@https://registry.npmjs.org/param-case/-/param-case-3.0.4.tgz 0ms (cache hit)
7320 http cache pascal-case@https://registry.npmjs.org/pascal-case/-/pascal-case-3.1.2.tgz 0ms (cache hit)
7321 http cache relateurl@https://registry.npmjs.org/relateurl/-/relateurl-0.2.7.tgz 0ms (cache hit)
7322 http cache terser@https://registry.npmjs.org/terser/-/terser-5.46.1.tgz 0ms (cache hit)
7323 http cache commander@https://registry.npmjs.org/commander/-/commander-8.3.0.tgz 0ms (cache hit)
7324 http cache @types/html-minifier-terser@https://registry.npmjs.org/@types/html-minifier-terser/-/html-minifier-terser-6.1.0.tgz 0ms (cache hit)
7325 http cache camel-case@https://registry.npmjs.org/camel-case/-/camel-case-4.1.2.tgz 0ms (cache hit)
7326 http cache he@https://registry.npmjs.org/he/-/he-1.2.0.tgz 0ms (cache hit)
7327 http cache tapable@https://registry.npmjs.org/tapable/-/tapable-2.3.2.tgz 0ms (cache hit)
7328 http cache clean-css@https://registry.npmjs.org/clean-css/-/clean-css-5.3.3.tgz 0ms (cache hit)
7329 http cache pretty-error@https://registry.npmjs.org/pretty-error/-/pretty-error-4.0.0.tgz 0ms (cache hit)
7330 http cache dir-glob@https://registry.npmjs.org/dir-glob/-/dir-glob-3.0.1.tgz 0ms (cache hit)
7331 http cache fast-glob@https://registry.npmjs.org/fast-glob/-/fast-glob-3.3.3.tgz 0ms (cache hit)
7332 http cache type-fest@https://registry.npmjs.org/type-fest/-/type-fest-0.20.2.tgz 0ms (cache hit)
7333 http cache html-minifier-terser@https://registry.npmjs.org/html-minifier-terser/-/html-minifier-terser-6.1.0.tgz 0ms (cache hit)
7334 http cache dunder-proto@https://registry.npmjs.org/dunder-proto/-/dunder-proto-1.0.1.tgz 0ms (cache hit)
7335 http cache array-union@https://registry.npmjs.org/array-union/-/array-union-2.1.0.tgz 0ms (cache hit)
7336 http cache merge2@https://registry.npmjs.org/merge2/-/merge2-1.4.1.tgz 0ms (cache hit)
7337 http cache jsonfile@https://registry.npmjs.org/jsonfile/-/jsonfile-6.2.0.tgz 0ms (cache hit)
7338 http cache path-exists@https://registry.npmjs.org/path-exists/-/path-exists-4.0.0.tgz 0ms (cache hit)
7339 http cache rimraf@https://registry.npmjs.org/rimraf/-/rimraf-3.0.2.tgz 0ms (cache hit)
7340 http cache keyv@https://registry.npmjs.org/keyv/-/keyv-4.5.4.tgz 0ms (cache hit)
7341 http cache flatted@https://registry.npmjs.org/flatted/-/flatted-3.4.2.tgz 0ms (cache hit)
7342 http cache pkg-dir@https://registry.npmjs.org/pkg-dir/-/pkg-dir-4.2.0.tgz 0ms (cache hit)
7343 http cache locate-path@https://registry.npmjs.org/locate-path/-/locate-path-5.0.0.tgz 0ms (cache hit)
7344 http cache commondir@https://registry.npmjs.org/commondir/-/commondir-1.0.1.tgz 0ms (cache hit)
7345 http cache universalify@https://registry.npmjs.org/universalify/-/universalify-2.0.1.tgz 0ms (cache hit)
7346 http cache functions-have-names@https://registry.npmjs.org/functions-have-names/-/functions-have-names-1.2.3.tgz 0ms (cache hit)
7347 http cache @types/estree@https://registry.npmjs.org/@types/estree/-/estree-1.0.8.tgz 0ms (cache hit)
7348 http cache reusify@https://registry.npmjs.org/reusify/-/reusify-1.1.0.tgz 0ms (cache hit)
7349 http cache @types/eslint@https://registry.npmjs.org/@types/eslint/-/eslint-8.56.12.tgz 0ms (cache hit)
7350 http cache acorn-jsx@https://registry.npmjs.org/acorn-jsx/-/acorn-jsx-5.3.2.tgz 0ms (cache hit)
7351 http cache normalize-path@https://registry.npmjs.org/normalize-path/-/normalize-path-3.0.0.tgz 0ms (cache hit)
7352 http cache estraverse@https://registry.npmjs.org/estraverse/-/estraverse-5.3.0.tgz 0ms (cache hit)
7353 http cache flat-cache@https://registry.npmjs.org/flat-cache/-/flat-cache-3.2.0.tgz 0ms (cache hit)
7354 http cache esrecurse@https://registry.npmjs.org/esrecurse/-/esrecurse-4.3.0.tgz 0ms (cache hit)
7355 http cache acorn@https://registry.npmjs.org/acorn/-/acorn-8.16.0.tgz 0ms (cache hit)
7356 http cache string.prototype.includes@https://registry.npmjs.org/string.prototype.includes/-/string.prototype.includes-2.0.1.tgz 0ms (cache hit)
7357 http cache damerau-levenshtein@https://registry.npmjs.org/damerau-levenshtein/-/damerau-levenshtein-1.0.8.tgz 0ms (cache hit)
7358 http cache emoji-regex@https://registry.npmjs.org/emoji-regex/-/emoji-regex-9.2.2.tgz 0ms (cache hit)
7359 http cache jsx-ast-utils@https://registry.npmjs.org/jsx-ast-utils/-/jsx-ast-utils-3.3.5.tgz 0ms (cache hit)
7360 http cache axobject-query@https://registry.npmjs.org/axobject-query/-/axobject-query-4.1.0.tgz 0ms (cache hit)
7361 http cache axe-core@https://registry.npmjs.org/axe-core/-/axe-core-4.11.2.tgz 0ms (cache hit)
7362 http cache ast-types-flow@https://registry.npmjs.org/ast-types-flow/-/ast-types-flow-0.0.8.tgz 0ms (cache hit)
7363 http cache @typescript-eslint/experimental-utils@https://registry.npmjs.org/@typescript-eslint/experimental-utils/-/experimental-utils-5.62.0.tgz 0ms (cache hit)
7364 http cache language-tags@https://registry.npmjs.org/language-tags/-/language-tags-1.0.9.tgz 0ms (cache hit)
7365 http cache aria-query@https://registry.npmjs.org/aria-query/-/aria-query-5.3.2.tgz 0ms (cache hit)
7366 http cache has-tostringtag@https://registry.npmjs.org/has-tostringtag/-/has-tostringtag-1.0.2.tgz 0ms (cache hit)
7367 http cache possible-typed-array-names@https://registry.npmjs.org/possible-typed-array-names/-/possible-typed-array-names-1.1.0.tgz 0ms (cache hit)
7368 http cache which-typed-array@https://registry.npmjs.org/which-typed-array/-/which-typed-array-1.1.20.tgz 0ms (cache hit)
7369 http cache typed-array-byte-offset@https://registry.npmjs.org/typed-array-byte-offset/-/typed-array-byte-offset-1.0.4.tgz 0ms (cache hit)
7370 http cache typed-array-length@https://registry.npmjs.org/typed-array-length/-/typed-array-length-1.0.7.tgz 0ms (cache hit)
7371 http cache unbox-primitive@https://registry.npmjs.org/unbox-primitive/-/unbox-primitive-1.1.0.tgz 0ms (cache hit)
7372 http cache is-symbol@https://registry.npmjs.org/is-symbol/-/is-symbol-1.1.1.tgz 0ms (cache hit)
7373 http cache string.prototype.trimstart@https://registry.npmjs.org/string.prototype.trimstart/-/string.prototype.trimstart-1.0.8.tgz 0ms (cache hit)
7374 http cache string.prototype.trim@https://registry.npmjs.org/string.prototype.trim/-/string.prototype.trim-1.2.10.tgz 0ms (cache hit)
7375 http cache typed-array-buffer@https://registry.npmjs.org/typed-array-buffer/-/typed-array-buffer-1.0.3.tgz 0ms (cache hit)
7376 http cache typed-array-byte-length@https://registry.npmjs.org/typed-array-byte-length/-/typed-array-byte-length-1.0.3.tgz 0ms (cache hit)
7377 http cache stop-iteration-iterator@https://registry.npmjs.org/stop-iteration-iterator/-/stop-iteration-iterator-1.1.0.tgz 0ms (cache hit)
7378 http cache is-date-object@https://registry.npmjs.org/is-date-object/-/is-date-object-1.1.0.tgz 0ms (cache hit)
7379 http cache set-proto@https://registry.npmjs.org/set-proto/-/set-proto-1.0.0.tgz 0ms (cache hit)
7380 http cache safe-regex-test@https://registry.npmjs.org/safe-regex-test/-/safe-regex-test-1.1.0.tgz 0ms (cache hit)
7381 http cache regexp.prototype.flags@https://registry.npmjs.org/regexp.prototype.flags/-/regexp.prototype.flags-1.5.4.tgz 0ms (cache hit)
7382 http cache safe-push-apply@https://registry.npmjs.org/safe-push-apply/-/safe-push-apply-1.0.0.tgz 0ms (cache hit)
7383 http cache object.assign@https://registry.npmjs.org/object.assign/-/object.assign-4.1.7.tgz 0ms (cache hit)
7384 http cache object-inspect@https://registry.npmjs.org/object-inspect/-/object-inspect-1.13.4.tgz 0ms (cache hit)
7385 http cache safe-array-concat@https://registry.npmjs.org/safe-array-concat/-/safe-array-concat-1.1.3.tgz 0ms (cache hit)
7386 http cache own-keys@https://registry.npmjs.org/own-keys/-/own-keys-1.0.1.tgz 0ms (cache hit)
7387 http cache is-typed-array@https://registry.npmjs.org/is-typed-array/-/is-typed-array-1.1.15.tgz 0ms (cache hit)
7388 http cache is-set@https://registry.npmjs.org/is-set/-/is-set-2.0.3.tgz 0ms (cache hit)
7389 http cache is-shared-array-buffer@https://registry.npmjs.org/is-shared-array-buffer/-/is-shared-array-buffer-1.0.4.tgz 0ms (cache hit)
7390 http cache is-negative-zero@https://registry.npmjs.org/is-negative-zero/-/is-negative-zero-2.0.3.tgz 0ms (cache hit)
7391 http cache is-data-view@https://registry.npmjs.org/is-data-view/-/is-data-view-1.0.2.tgz 0ms (cache hit)
7392 http cache is-regex@https://registry.npmjs.org/is-regex/-/is-regex-1.2.1.tgz 0ms (cache hit)
7393 http cache is-weakref@https://registry.npmjs.org/is-weakref/-/is-weakref-1.1.1.tgz 0ms (cache hit)
7394 http cache is-array-buffer@https://registry.npmjs.org/is-array-buffer/-/is-array-buffer-3.0.5.tgz 0ms (cache hit)
7395 http cache internal-slot@https://registry.npmjs.org/internal-slot/-/internal-slot-1.1.0.tgz 0ms (cache hit)
7396 http cache is-callable@https://registry.npmjs.org/is-callable/-/is-callable-1.2.7.tgz 0ms (cache hit)
7397 http cache has-symbols@https://registry.npmjs.org/has-symbols/-/has-symbols-1.1.0.tgz 0ms (cache hit)
7398 http cache globalthis@https://registry.npmjs.org/globalthis/-/globalthis-1.0.4.tgz 0ms (cache hit)
7399 http cache function.prototype.name@https://registry.npmjs.org/function.prototype.name/-/function.prototype.name-1.1.8.tgz 0ms (cache hit)
7400 http cache get-proto@https://registry.npmjs.org/get-proto/-/get-proto-1.0.1.tgz 0ms (cache hit)
7401 http cache es-to-primitive@https://registry.npmjs.org/es-to-primitive/-/es-to-primitive-1.3.0.tgz 0ms (cache hit)
7402 http cache has-proto@https://registry.npmjs.org/has-proto/-/has-proto-1.2.0.tgz 0ms (cache hit)
7403 http cache data-view-byte-offset@https://registry.npmjs.org/data-view-byte-offset/-/data-view-byte-offset-1.0.1.tgz 0ms (cache hit)
7404 http cache available-typed-arrays@https://registry.npmjs.org/available-typed-arrays/-/available-typed-arrays-1.0.7.tgz 0ms (cache hit)
7405 http cache arraybuffer.prototype.slice@https://registry.npmjs.org/arraybuffer.prototype.slice/-/arraybuffer.prototype.slice-1.0.4.tgz 0ms (cache hit)
7406 http cache get-symbol-description@https://registry.npmjs.org/get-symbol-description/-/get-symbol-description-1.1.0.tgz 0ms (cache hit)
7407 http cache data-view-byte-length@https://registry.npmjs.org/data-view-byte-length/-/data-view-byte-length-1.0.2.tgz 0ms (cache hit)
7408 http cache gopd@https://registry.npmjs.org/gopd/-/gopd-1.2.0.tgz 0ms (cache hit)
7409 http cache es-set-tostringtag@https://registry.npmjs.org/es-set-tostringtag/-/es-set-tostringtag-2.1.0.tgz 0ms (cache hit)
7410 http cache has-property-descriptors@https://registry.npmjs.org/has-property-descriptors/-/has-property-descriptors-1.0.2.tgz 0ms (cache hit)
7411 http cache data-view-buffer@https://registry.npmjs.org/data-view-buffer/-/data-view-buffer-1.0.2.tgz 0ms (cache hit)
7412 http cache object-keys@https://registry.npmjs.org/object-keys/-/object-keys-1.1.1.tgz 0ms (cache hit)
7413 http cache define-data-property@https://registry.npmjs.org/define-data-property/-/define-data-property-1.1.4.tgz 0ms (cache hit)
7414 http cache es-define-property@https://registry.npmjs.org/es-define-property/-/es-define-property-1.0.1.tgz 0ms (cache hit)
7415 http cache call-bind-apply-helpers@https://registry.npmjs.org/call-bind-apply-helpers/-/call-bind-apply-helpers-1.0.2.tgz 0ms (cache hit)
7416 http cache function-bind@https://registry.npmjs.org/function-bind/-/function-bind-1.1.2.tgz 0ms (cache hit)
7417 http cache es-errors@https://registry.npmjs.org/es-errors/-/es-errors-1.3.0.tgz 0ms (cache hit)
7418 http cache array-buffer-byte-length@https://registry.npmjs.org/array-buffer-byte-length/-/array-buffer-byte-length-1.0.2.tgz 0ms (cache hit)
7419 http cache math-intrinsics@https://registry.npmjs.org/math-intrinsics/-/math-intrinsics-1.1.0.tgz 1ms (cache hit)
7420 http cache is-string@https://registry.npmjs.org/is-string/-/is-string-1.1.1.tgz 0ms (cache hit)
7421 http cache set-function-length@https://registry.npmjs.org/set-function-length/-/set-function-length-1.2.2.tgz 0ms (cache hit)
7422 http cache es-shim-unscopables@https://registry.npmjs.org/es-shim-unscopables/-/es-shim-unscopables-1.1.0.tgz 0ms (cache hit)
7423 http cache es-abstract@https://registry.npmjs.org/es-abstract/-/es-abstract-1.24.2.tgz 0ms (cache hit)
7424 http cache define-properties@https://registry.npmjs.org/define-properties/-/define-properties-1.2.1.tgz 0ms (cache hit)
7425 http cache get-intrinsic@https://registry.npmjs.org/get-intrinsic/-/get-intrinsic-1.3.0.tgz 0ms (cache hit)
7426 http cache es-object-atoms@https://registry.npmjs.org/es-object-atoms/-/es-object-atoms-1.1.1.tgz 0ms (cache hit)
7427 http cache call-bound@https://registry.npmjs.org/call-bound/-/call-bound-1.0.4.tgz 0ms (cache hit)
7428 http cache call-bind@https://registry.npmjs.org/call-bind/-/call-bind-1.0.9.tgz 0ms (cache hit)
7429 http cache tsconfig-paths@https://registry.npmjs.org/tsconfig-paths/-/tsconfig-paths-3.15.0.tgz 0ms (cache hit)
7430 http cache string.prototype.trimend@https://registry.npmjs.org/string.prototype.trimend/-/string.prototype.trimend-1.0.9.tgz 0ms (cache hit)
7431 http cache hasown@https://registry.npmjs.org/hasown/-/hasown-2.0.2.tgz 0ms (cache hit)
7432 http cache object.groupby@https://registry.npmjs.org/object.groupby/-/object.groupby-1.0.3.tgz 0ms (cache hit)
7433 http cache object.values@https://registry.npmjs.org/object.values/-/object.values-1.2.1.tgz 0ms (cache hit)
7434 http cache is-core-module@https://registry.npmjs.org/is-core-module/-/is-core-module-2.16.1.tgz 0ms (cache hit)
7435 http cache object.fromentries@https://registry.npmjs.org/object.fromentries/-/object.fromentries-2.0.8.tgz 0ms (cache hit)
7436 http cache array.prototype.flat@https://registry.npmjs.org/array.prototype.flat/-/array.prototype.flat-1.3.3.tgz 0ms (cache hit)
7437 http cache array.prototype.flatmap@https://registry.npmjs.org/array.prototype.flatmap/-/array.prototype.flatmap-1.3.3.tgz 0ms (cache hit)
7438 http cache @rtsao/scc@https://registry.npmjs.org/@rtsao/scc/-/scc-1.1.0.tgz 0ms (cache hit)
7439 http cache eslint-module-utils@https://registry.npmjs.org/eslint-module-utils/-/eslint-module-utils-2.12.1.tgz 0ms (cache hit)
7440 http cache array-includes@https://registry.npmjs.org/array-includes/-/array-includes-3.1.9.tgz 0ms (cache hit)
7441 http cache @typescript-eslint/visitor-keys@https://registry.npmjs.org/@typescript-eslint/visitor-keys/-/visitor-keys-5.62.0.tgz 0ms (cache hit)
7442 http cache array.prototype.findlastindex@https://registry.npmjs.org/array.prototype.findlastindex/-/array.prototype.findlastindex-1.2.6.tgz 0ms (cache hit)
7443 http cache @types/semver@https://registry.npmjs.org/@types/semver/-/semver-7.7.1.tgz 0ms (cache hit)
7444 http cache lodash@https://registry.npmjs.org/lodash/-/lodash-4.18.1.tgz 0ms (cache hit)
7445 http cache string-natural-compare@https://registry.npmjs.org/string-natural-compare/-/string-natural-compare-3.0.1.tgz 0ms (cache hit)
7446 http cache @types/json-schema@https://registry.npmjs.org/@types/json-schema/-/json-schema-7.0.15.tgz 0ms (cache hit)
7447 http cache @typescript-eslint/types@https://registry.npmjs.org/@typescript-eslint/types/-/types-5.62.0.tgz 0ms (cache hit)
7448 http cache globby@https://registry.npmjs.org/globby/-/globby-11.1.0.tgz 0ms (cache hit)
7449 http cache natural-compare-lite@https://registry.npmjs.org/natural-compare-lite/-/natural-compare-lite-1.4.0.tgz 0ms (cache hit)
7450 http cache @typescript-eslint/typescript-estree@https://registry.npmjs.org/@typescript-eslint/typescript-estree/-/typescript-estree-5.62.0.tgz 0ms (cache hit)
7451 http cache @typescript-eslint/scope-manager@https://registry.npmjs.org/@typescript-eslint/scope-manager/-/scope-manager-5.62.0.tgz 0ms (cache hit)
7452 http cache @typescript-eslint/type-utils@https://registry.npmjs.org/@typescript-eslint/type-utils/-/type-utils-5.62.0.tgz 0ms (cache hit)
7453 http cache @typescript-eslint/utils@https://registry.npmjs.org/@typescript-eslint/utils/-/utils-5.62.0.tgz 0ms (cache hit)
7454 http cache tsutils@https://registry.npmjs.org/tsutils/-/tsutils-3.21.0.tgz 0ms (cache hit)
7455 http cache @nicolo-ribaudo/eslint-scope-5-internals@https://registry.npmjs.org/@nicolo-ribaudo/eslint-scope-5-internals/-/eslint-scope-5-internals-5.1.1-v1.tgz 0ms (cache hit)
7456 http cache eslint-plugin-react-hooks@https://registry.npmjs.org/eslint-plugin-react-hooks/-/eslint-plugin-react-hooks-4.6.2.tgz 0ms (cache hit)
7457 http cache eslint-plugin-jest@https://registry.npmjs.org/eslint-plugin-jest/-/eslint-plugin-jest-25.7.0.tgz 0ms (cache hit)
7458 http cache eslint-plugin-testing-library@https://registry.npmjs.org/eslint-plugin-testing-library/-/eslint-plugin-testing-library-5.11.1.tgz 0ms (cache hit)
7459 http cache @typescript-eslint/eslint-plugin@https://registry.npmjs.org/@typescript-eslint/eslint-plugin/-/eslint-plugin-5.62.0.tgz 0ms (cache hit)
7460 http cache @typescript-eslint/parser@https://registry.npmjs.org/@typescript-eslint/parser/-/parser-5.62.0.tgz 0ms (cache hit)
7461 http cache eslint-plugin-import@https://registry.npmjs.org/eslint-plugin-import/-/eslint-plugin-import-2.32.0.tgz 0ms (cache hit)
7462 http cache @rushstack/eslint-patch@https://registry.npmjs.org/@rushstack/eslint-patch/-/eslint-patch-1.16.1.tgz 0ms (cache hit)
7463 http cache eslint-plugin-jsx-a11y@https://registry.npmjs.org/eslint-plugin-jsx-a11y/-/eslint-plugin-jsx-a11y-6.10.2.tgz 0ms (cache hit)
7464 http cache @babel/eslint-parser@https://registry.npmjs.org/@babel/eslint-parser/-/eslint-parser-7.28.6.tgz 0ms (cache hit)
7465 http cache confusing-browser-globals@https://registry.npmjs.org/confusing-browser-globals/-/confusing-browser-globals-1.0.11.tgz 0ms (cache hit)
7466 http cache shebang-command@https://registry.npmjs.org/shebang-command/-/shebang-command-2.0.0.tgz 0ms (cache hit)
7467 http cache eslint-plugin-flowtype@https://registry.npmjs.org/eslint-plugin-flowtype/-/eslint-plugin-flowtype-8.0.3.tgz 1ms (cache hit)
7468 http cache which@https://registry.npmjs.org/which/-/which-2.0.2.tgz 0ms (cache hit)
7469 http cache uri-js@https://registry.npmjs.org/uri-js/-/uri-js-4.4.1.tgz 0ms (cache hit)
7470 http cache path-key@https://registry.npmjs.org/path-key/-/path-key-3.1.1.tgz 0ms (cache hit)
7471 http cache @nodelib/fs.scandir@https://registry.npmjs.org/@nodelib/fs.scandir/-/fs.scandir-2.1.5.tgz 0ms (cache hit)
7472 http cache json-schema-traverse@https://registry.npmjs.org/json-schema-traverse/-/json-schema-traverse-0.4.1.tgz 0ms (cache hit)
7473 http cache @nodelib/fs.stat@https://registry.npmjs.org/@nodelib/fs.stat/-/fs.stat-2.0.5.tgz 0ms (cache hit)
7474 http cache run-parallel@https://registry.npmjs.org/run-parallel/-/run-parallel-1.2.0.tgz 0ms (cache hit)
7475 http cache fastq@https://registry.npmjs.org/fastq/-/fastq-1.20.1.tgz 0ms (cache hit)
7476 http cache @humanwhocodes/object-schema@https://registry.npmjs.org/@humanwhocodes/object-schema/-/object-schema-2.0.3.tgz 0ms (cache hit)
7477 http cache text-table@https://registry.npmjs.org/text-table/-/text-table-0.2.0.tgz 0ms (cache hit)
7478 http cache strip-json-comments@https://registry.npmjs.org/strip-json-comments/-/strip-json-comments-3.1.1.tgz 0ms (cache hit)
7479 http cache optionator@https://registry.npmjs.org/optionator/-/optionator-0.9.4.tgz 0ms (cache hit)
7480 http cache natural-compare@https://registry.npmjs.org/natural-compare/-/natural-compare-1.4.0.tgz 0ms (cache hit)
7481 http cache levn@https://registry.npmjs.org/levn/-/levn-0.4.1.tgz 0ms (cache hit)
7482 http cache strip-ansi@https://registry.npmjs.org/strip-ansi/-/strip-ansi-6.0.1.tgz 0ms (cache hit)
7483 http cache minimatch@https://registry.npmjs.org/minimatch/-/minimatch-3.1.5.tgz 0ms (cache hit)
7484 http cache lodash.merge@https://registry.npmjs.org/lodash.merge/-/lodash.merge-4.6.2.tgz 0ms (cache hit)
7485 http cache is-path-inside@https://registry.npmjs.org/is-path-inside/-/is-path-inside-3.0.3.tgz 0ms (cache hit)
7486 http cache ignore@https://registry.npmjs.org/ignore/-/ignore-5.3.2.tgz 0ms (cache hit)
7487 http cache json-stable-stringify-without-jsonify@https://registry.npmjs.org/json-stable-stringify-without-jsonify/-/json-stable-stringify-without-jsonify-1.0.1.tgz 0ms (cache hit)
7488 http cache imurmurhash@https://registry.npmjs.org/imurmurhash/-/imurmurhash-0.1.4.tgz 0ms (cache hit)
7489 http cache is-glob@https://registry.npmjs.org/is-glob/-/is-glob-4.0.3.tgz 0ms (cache hit)
7490 http cache graphemer@https://registry.npmjs.org/graphemer/-/graphemer-1.4.0.tgz 0ms (cache hit)
7491 http cache glob-parent@https://registry.npmjs.org/glob-parent/-/glob-parent-6.0.2.tgz 0ms (cache hit)
7492 http cache globals@https://registry.npmjs.org/globals/-/globals-13.24.0.tgz 0ms (cache hit)
7493 http cache fast-deep-equal@https://registry.npmjs.org/fast-deep-equal/-/fast-deep-equal-3.1.3.tgz 0ms (cache hit)
7494 http cache file-entry-cache@https://registry.npmjs.org/file-entry-cache/-/file-entry-cache-6.0.1.tgz 0ms (cache hit)
7495 http cache espree@https://registry.npmjs.org/espree/-/espree-9.6.1.tgz 0ms (cache hit)
7496 http cache eslint-visitor-keys@https://registry.npmjs.org/eslint-visitor-keys/-/eslint-visitor-keys-3.4.3.tgz 0ms (cache hit)
7497 http cache escape-string-regexp@https://registry.npmjs.org/escape-string-regexp/-/escape-string-regexp-4.0.0.tgz 0ms (cache hit)
7498 http cache esquery@https://registry.npmjs.org/esquery/-/esquery-1.7.0.tgz 0ms (cache hit)
7499 http cache eslint-scope@https://registry.npmjs.org/eslint-scope/-/eslint-scope-7.2.2.tgz 0ms (cache hit)
7500 http cache @ungap/structured-clone@https://registry.npmjs.org/@ungap/structured-clone/-/structured-clone-1.3.0.tgz 0ms (cache hit)
7501 http cache cross-spawn@https://registry.npmjs.org/cross-spawn/-/cross-spawn-7.0.6.tgz 0ms (cache hit)
7502 http cache @nodelib/fs.walk@https://registry.npmjs.org/@nodelib/fs.walk/-/fs.walk-1.2.8.tgz 0ms (cache hit)
7503 http cache ajv@https://registry.npmjs.org/ajv/-/ajv-6.14.0.tgz 0ms (cache hit)
7504 http cache @humanwhocodes/module-importer@https://registry.npmjs.org/@humanwhocodes/module-importer/-/module-importer-1.0.1.tgz 0ms (cache hit)
7505 http cache doctrine@https://registry.npmjs.org/doctrine/-/doctrine-3.0.0.tgz 0ms (cache hit)
7506 http cache @humanwhocodes/config-array@https://registry.npmjs.org/@humanwhocodes/config-array/-/config-array-0.13.0.tgz 0ms (cache hit)
7507 http cache @eslint/eslintrc@https://registry.npmjs.org/@eslint/eslintrc/-/eslintrc-2.1.4.tgz 0ms (cache hit)
7508 http cache @eslint/js@https://registry.npmjs.org/@eslint/js/-/js-8.57.1.tgz 0ms (cache hit)
7509 http cache @eslint-community/regexpp@https://registry.npmjs.org/@eslint-community/regexpp/-/regexpp-4.12.2.tgz 0ms (cache hit)
7510 http cache stackframe@https://registry.npmjs.org/stackframe/-/stackframe-1.3.4.tgz 0ms (cache hit)
7511 http cache @eslint-community/eslint-utils@https://registry.npmjs.org/@eslint-community/eslint-utils/-/eslint-utils-4.9.1.tgz 0ms (cache hit)
7512 http cache postcss-unique-selectors@https://registry.npmjs.org/postcss-unique-selectors/-/postcss-unique-selectors-5.1.1.tgz 0ms (cache hit)
7513 http cache ms@https://registry.npmjs.org/ms/-/ms-2.1.3.tgz 0ms (cache hit)
7514 http cache postcss-svgo@https://registry.npmjs.org/postcss-svgo/-/postcss-svgo-5.1.0.tgz 0ms (cache hit)
7515 http cache postcss-reduce-initial@https://registry.npmjs.org/postcss-reduce-initial/-/postcss-reduce-initial-5.1.2.tgz 0ms (cache hit)
7516 http cache postcss-reduce-transforms@https://registry.npmjs.org/postcss-reduce-transforms/-/postcss-reduce-transforms-5.1.0.tgz 0ms (cache hit)
7517 http cache postcss-normalize-whitespace@https://registry.npmjs.org/postcss-normalize-whitespace/-/postcss-normalize-whitespace-5.1.1.tgz 0ms (cache hit)
7518 http cache postcss-ordered-values@https://registry.npmjs.org/postcss-ordered-values/-/postcss-ordered-values-5.1.3.tgz 0ms (cache hit)
7519 http cache postcss-normalize-url@https://registry.npmjs.org/postcss-normalize-url/-/postcss-normalize-url-5.1.0.tgz 0ms (cache hit)
7520 http cache postcss-normalize-positions@https://registry.npmjs.org/postcss-normalize-positions/-/postcss-normalize-positions-5.1.1.tgz 0ms (cache hit)
7521 http cache postcss-normalize-timing-functions@https://registry.npmjs.org/postcss-normalize-timing-functions/-/postcss-normalize-timing-functions-5.1.0.tgz 0ms (cache hit)
7522 http cache postcss-normalize-string@https://registry.npmjs.org/postcss-normalize-string/-/postcss-normalize-string-5.1.0.tgz 0ms (cache hit)
7523 http cache postcss-normalize-display-values@https://registry.npmjs.org/postcss-normalize-display-values/-/postcss-normalize-display-values-5.1.0.tgz 0ms (cache hit)
7524 http cache postcss-normalize-repeat-style@https://registry.npmjs.org/postcss-normalize-repeat-style/-/postcss-normalize-repeat-style-5.1.1.tgz 0ms (cache hit)
7525 http cache postcss-normalize-charset@https://registry.npmjs.org/postcss-normalize-charset/-/postcss-normalize-charset-5.1.0.tgz 0ms (cache hit)
7526 http cache postcss-minify-params@https://registry.npmjs.org/postcss-minify-params/-/postcss-minify-params-5.1.4.tgz 0ms (cache hit)
7527 http cache postcss-minify-font-values@https://registry.npmjs.org/postcss-minify-font-values/-/postcss-minify-font-values-5.1.0.tgz 0ms (cache hit)
7528 http cache postcss-merge-rules@https://registry.npmjs.org/postcss-merge-rules/-/postcss-merge-rules-5.1.4.tgz 0ms (cache hit)
7529 http cache postcss-normalize-unicode@https://registry.npmjs.org/postcss-normalize-unicode/-/postcss-normalize-unicode-5.1.1.tgz 0ms (cache hit)
7530 http cache postcss-minify-gradients@https://registry.npmjs.org/postcss-minify-gradients/-/postcss-minify-gradients-5.1.1.tgz 1ms (cache hit)
7531 http cache postcss-discard-overridden@https://registry.npmjs.org/postcss-discard-overridden/-/postcss-discard-overridden-5.1.0.tgz 0ms (cache hit)
7532 http cache postcss-discard-comments@https://registry.npmjs.org/postcss-discard-comments/-/postcss-discard-comments-5.1.2.tgz 0ms (cache hit)
7533 http cache postcss-discard-duplicates@https://registry.npmjs.org/postcss-discard-duplicates/-/postcss-discard-duplicates-5.1.0.tgz 0ms (cache hit)
7534 http cache postcss-minify-selectors@https://registry.npmjs.org/postcss-minify-selectors/-/postcss-minify-selectors-5.2.1.tgz 0ms (cache hit)
7535 http cache postcss-merge-longhand@https://registry.npmjs.org/postcss-merge-longhand/-/postcss-merge-longhand-5.1.7.tgz 0ms (cache hit)
7536 http cache postcss-discard-empty@https://registry.npmjs.org/postcss-discard-empty/-/postcss-discard-empty-5.1.1.tgz 0ms (cache hit)
7537 http cache postcss-calc@https://registry.npmjs.org/postcss-calc/-/postcss-calc-8.2.4.tgz 0ms (cache hit)
7538 http cache css-declaration-sorter@https://registry.npmjs.org/css-declaration-sorter/-/css-declaration-sorter-6.4.1.tgz 0ms (cache hit)
7539 http cache cssnano-utils@https://registry.npmjs.org/cssnano-utils/-/cssnano-utils-3.1.0.tgz 0ms (cache hit)
7540 http cache postcss-colormin@https://registry.npmjs.org/postcss-colormin/-/postcss-colormin-5.3.1.tgz 0ms (cache hit)
7541 http cache postcss-convert-values@https://registry.npmjs.org/postcss-convert-values/-/postcss-convert-values-5.1.3.tgz 0ms (cache hit)
7542 http cache cssnano-preset-default@https://registry.npmjs.org/cssnano-preset-default/-/cssnano-preset-default-5.2.14.tgz 0ms (cache hit)
7543 http cache lilconfig@https://registry.npmjs.org/lilconfig/-/lilconfig-2.1.0.tgz 0ms (cache hit)
7544 http cache postcss-modules-values@https://registry.npmjs.org/postcss-modules-values/-/postcss-modules-values-4.0.0.tgz 0ms (cache hit)
7545 http cache postcss-modules-local-by-default@https://registry.npmjs.org/postcss-modules-local-by-default/-/postcss-modules-local-by-default-4.2.0.tgz 0ms (cache hit)
7546 http cache serialize-javascript@https://registry.npmjs.org/serialize-javascript/-/serialize-javascript-6.0.2.tgz 0ms (cache hit)
7547 http cache cssnano@https://registry.npmjs.org/cssnano/-/cssnano-5.1.15.tgz 0ms (cache hit)
7548 http cache jest-worker@https://registry.npmjs.org/jest-worker/-/jest-worker-27.5.1.tgz 0ms (cache hit)
7549 http cache postcss-modules-extract-imports@https://registry.npmjs.org/postcss-modules-extract-imports/-/postcss-modules-extract-imports-3.1.0.tgz 0ms (cache hit)
7550 http cache icss-utils@https://registry.npmjs.org/icss-utils/-/icss-utils-5.1.0.tgz 0ms (cache hit)
7551 http cache postcss-value-parser@https://registry.npmjs.org/postcss-value-parser/-/postcss-value-parser-4.2.0.tgz 0ms (cache hit)
7552 http cache yaml@https://registry.npmjs.org/yaml/-/yaml-1.10.3.tgz 0ms (cache hit)
7553 http cache postcss-modules-scope@https://registry.npmjs.org/postcss-modules-scope/-/postcss-modules-scope-3.2.1.tgz 0ms (cache hit)
7554 http cache path-type@https://registry.npmjs.org/path-type/-/path-type-4.0.0.tgz 0ms (cache hit)
7555 http cache @types/parse-json@https://registry.npmjs.org/@types/parse-json/-/parse-json-4.0.2.tgz 0ms (cache hit)
7556 http cache import-fresh@https://registry.npmjs.org/import-fresh/-/import-fresh-3.3.1.tgz 0ms (cache hit)
7557 http cache parse-json@https://registry.npmjs.org/parse-json/-/parse-json-5.2.0.tgz 0ms (cache hit)
7558 http cache color-name@https://registry.npmjs.org/color-name/-/color-name-1.1.4.tgz 0ms (cache hit)
7559 http cache color-convert@https://registry.npmjs.org/color-convert/-/color-convert-2.0.1.tgz 0ms (cache hit)
7560 http cache ansi-styles@https://registry.npmjs.org/ansi-styles/-/ansi-styles-4.3.0.tgz 0ms (cache hit)
7561 http cache update-browserslist-db@https://registry.npmjs.org/update-browserslist-db/-/update-browserslist-db-1.2.3.tgz 0ms (cache hit)
7562 http cache supports-color@https://registry.npmjs.org/supports-color/-/supports-color-7.2.0.tgz 0ms (cache hit)
7563 http cache node-releases@https://registry.npmjs.org/node-releases/-/node-releases-2.0.37.tgz 0ms (cache hit)
7564 http cache electron-to-chromium@https://registry.npmjs.org/electron-to-chromium/-/electron-to-chromium-1.5.335.tgz 0ms (cache hit)
7565 http cache tryer@https://registry.npmjs.org/tryer/-/tryer-1.0.1.tgz 0ms (cache hit)
7566 http cache baseline-browser-mapping@https://registry.npmjs.org/baseline-browser-mapping/-/baseline-browser-mapping-2.10.18.tgz 0ms (cache hit)
7567 http cache check-types@https://registry.npmjs.org/check-types/-/check-types-11.2.3.tgz 0ms (cache hit)
7568 http cache caniuse-lite@https://registry.npmjs.org/caniuse-lite/-/caniuse-lite-1.0.30001787.tgz 0ms (cache hit)
7569 http cache jsonpath@https://registry.npmjs.org/jsonpath/-/jsonpath-1.3.0.tgz 0ms (cache hit)
7570 http cache @babel/plugin-transform-typescript@https://registry.npmjs.org/@babel/plugin-transform-typescript/-/plugin-transform-typescript-7.28.6.tgz 0ms (cache hit)
7571 http cache @babel/plugin-syntax-decorators@https://registry.npmjs.org/@babel/plugin-syntax-decorators/-/plugin-syntax-decorators-7.28.6.tgz 0ms (cache hit)
7572 http cache bluebird@https://registry.npmjs.org/bluebird/-/bluebird-3.7.2.tgz 0ms (cache hit)
7573 http cache @babel/plugin-syntax-typescript@https://registry.npmjs.org/@babel/plugin-syntax-typescript/-/plugin-syntax-typescript-7.28.6.tgz 0ms (cache hit)
7574 http cache hoopy@https://registry.npmjs.org/hoopy/-/hoopy-0.1.4.tgz 0ms (cache hit)
7575 http cache babel-plugin-macros@https://registry.npmjs.org/babel-plugin-macros/-/babel-plugin-macros-3.1.0.tgz 0ms (cache hit)
7576 http cache @babel/plugin-syntax-flow@https://registry.npmjs.org/@babel/plugin-syntax-flow/-/plugin-syntax-flow-7.28.6.tgz 0ms (cache hit)
7577 http cache @babel/plugin-transform-runtime@https://registry.npmjs.org/@babel/plugin-transform-runtime/-/plugin-transform-runtime-7.29.0.tgz 0ms (cache hit)
7578 http cache @babel/preset-typescript@https://registry.npmjs.org/@babel/preset-typescript/-/preset-typescript-7.28.5.tgz 0ms (cache hit)
7579 http cache @babel/plugin-transform-flow-strip-types@https://registry.npmjs.org/@babel/plugin-transform-flow-strip-types/-/plugin-transform-flow-strip-types-7.27.1.tgz 0ms (cache hit)
7580 http cache babel-plugin-transform-react-remove-prop-types@https://registry.npmjs.org/babel-plugin-transform-react-remove-prop-types/-/babel-plugin-transform-react-remove-prop-types-0.4.24.tgz 0ms (cache hit)
7581 http cache @babel/plugin-proposal-optional-chaining@https://registry.npmjs.org/@babel/plugin-proposal-optional-chaining/-/plugin-proposal-optional-chaining-7.21.0.tgz 0ms (cache hit)
7582 http cache @babel/runtime@https://registry.npmjs.org/@babel/runtime/-/runtime-7.29.2.tgz 0ms (cache hit)
7583 http cache @babel/plugin-proposal-private-methods@https://registry.npmjs.org/@babel/plugin-proposal-private-methods/-/plugin-proposal-private-methods-7.18.6.tgz 0ms (cache hit)
7584 http cache @babel/plugin-proposal-numeric-separator@https://registry.npmjs.org/@babel/plugin-proposal-numeric-separator/-/plugin-proposal-numeric-separator-7.18.6.tgz 0ms (cache hit)
7585 http cache @babel/plugin-proposal-nullish-coalescing-operator@https://registry.npmjs.org/@babel/plugin-proposal-nullish-coalescing-operator/-/plugin-proposal-nullish-coalescing-operator-7.18.6.tgz 0ms (cache hit)
7586 http cache @babel/plugin-syntax-private-property-in-object@https://registry.npmjs.org/@babel/plugin-syntax-private-property-in-object/-/plugin-syntax-private-property-in-object-7.14.5.tgz 0ms (cache hit)
7587 http cache @babel/plugin-proposal-decorators@https://registry.npmjs.org/@babel/plugin-proposal-decorators/-/plugin-proposal-decorators-7.29.0.tgz 0ms (cache hit)
7588 http cache @babel/plugin-syntax-optional-chaining@https://registry.npmjs.org/@babel/plugin-syntax-optional-chaining/-/plugin-syntax-optional-chaining-7.8.3.tgz 0ms (cache hit)
7589 http cache @babel/plugin-syntax-optional-catch-binding@https://registry.npmjs.org/@babel/plugin-syntax-optional-catch-binding/-/plugin-syntax-optional-catch-binding-7.8.3.tgz 0ms (cache hit)
7590 http cache @babel/plugin-proposal-class-properties@https://registry.npmjs.org/@babel/plugin-proposal-class-properties/-/plugin-proposal-class-properties-7.18.6.tgz 0ms (cache hit)
7591 http cache @babel/plugin-syntax-object-rest-spread@https://registry.npmjs.org/@babel/plugin-syntax-object-rest-spread/-/plugin-syntax-object-rest-spread-7.8.3.tgz 0ms (cache hit)
7592 http cache @babel/plugin-syntax-top-level-await@https://registry.npmjs.org/@babel/plugin-syntax-top-level-await/-/plugin-syntax-top-level-await-7.14.5.tgz 0ms (cache hit)
7593 http cache @babel/plugin-syntax-numeric-separator@https://registry.npmjs.org/@babel/plugin-syntax-numeric-separator/-/plugin-syntax-numeric-separator-7.10.4.tgz 0ms (cache hit)
7594 http cache @babel/plugin-syntax-nullish-coalescing-operator@https://registry.npmjs.org/@babel/plugin-syntax-nullish-coalescing-operator/-/plugin-syntax-nullish-coalescing-operator-7.8.3.tgz 0ms (cache hit)
7595 http cache @babel/plugin-syntax-json-strings@https://registry.npmjs.org/@babel/plugin-syntax-json-strings/-/plugin-syntax-json-strings-7.8.3.tgz 0ms (cache hit)
7596 http cache @babel/plugin-syntax-logical-assignment-operators@https://registry.npmjs.org/@babel/plugin-syntax-logical-assignment-operators/-/plugin-syntax-logical-assignment-operators-7.10.4.tgz 0ms (cache hit)
7597 http cache @babel/plugin-syntax-import-meta@https://registry.npmjs.org/@babel/plugin-syntax-import-meta/-/plugin-syntax-import-meta-7.10.4.tgz 0ms (cache hit)
7598 http cache @babel/plugin-syntax-class-static-block@https://registry.npmjs.org/@babel/plugin-syntax-class-static-block/-/plugin-syntax-class-static-block-7.14.5.tgz 0ms (cache hit)
7599 http cache @babel/plugin-syntax-class-properties@https://registry.npmjs.org/@babel/plugin-syntax-class-properties/-/plugin-syntax-class-properties-7.12.13.tgz 0ms (cache hit)
7600 http cache @babel/plugin-syntax-bigint@https://registry.npmjs.org/@babel/plugin-syntax-bigint/-/plugin-syntax-bigint-7.8.3.tgz 0ms (cache hit)
7601 http cache lodash.debounce@https://registry.npmjs.org/lodash.debounce/-/lodash.debounce-4.0.8.tgz 0ms (cache hit)
7602 http cache resolve-from@https://registry.npmjs.org/resolve-from/-/resolve-from-5.0.0.tgz 0ms (cache hit)
7603 http cache babel-preset-current-node-syntax@https://registry.npmjs.org/babel-preset-current-node-syntax/-/babel-preset-current-node-syntax-1.2.0.tgz 0ms (cache hit)
7604 http cache @babel/plugin-syntax-async-generators@https://registry.npmjs.org/@babel/plugin-syntax-async-generators/-/plugin-syntax-async-generators-7.8.4.tgz 0ms (cache hit)
7605 http cache @babel/helper-define-polyfill-provider@https://registry.npmjs.org/@babel/helper-define-polyfill-provider/-/helper-define-polyfill-provider-0.6.8.tgz 0ms (cache hit)
7606 http cache babel-plugin-jest-hoist@https://registry.npmjs.org/babel-plugin-jest-hoist/-/babel-plugin-jest-hoist-27.5.1.tgz 0ms (cache hit)
7607 http cache js-yaml@https://registry.npmjs.org/js-yaml/-/js-yaml-3.14.2.tgz 0ms (cache hit)
7608 http cache find-up@https://registry.npmjs.org/find-up/-/find-up-4.1.0.tgz 0ms (cache hit)
7609 http cache get-package-type@https://registry.npmjs.org/get-package-type/-/get-package-type-0.1.0.tgz 0ms (cache hit)
7610 http cache test-exclude@https://registry.npmjs.org/test-exclude/-/test-exclude-6.0.0.tgz 0ms (cache hit)
7611 http cache istanbul-lib-instrument@https://registry.npmjs.org/istanbul-lib-instrument/-/istanbul-lib-instrument-5.2.1.tgz 0ms (cache hit)
7612 http cache @istanbuljs/schema@https://registry.npmjs.org/@istanbuljs/schema/-/schema-0.1.3.tgz 0ms (cache hit)
7613 http cache @istanbuljs/load-nyc-config@https://registry.npmjs.org/@istanbuljs/load-nyc-config/-/load-nyc-config-1.1.0.tgz 0ms (cache hit)
7614 http cache @types/istanbul-lib-report@https://registry.npmjs.org/@types/istanbul-lib-report/-/istanbul-lib-report-3.0.3.tgz 0ms (cache hit)
7615 http cache make-dir@https://registry.npmjs.org/make-dir/-/make-dir-3.1.0.tgz 0ms (cache hit)
7616 http cache @types/yargs-parser@https://registry.npmjs.org/@types/yargs-parser/-/yargs-parser-21.0.3.tgz 0ms (cache hit)
7617 http cache @types/babel__template@https://registry.npmjs.org/@types/babel__template/-/babel__template-7.4.4.tgz 0ms (cache hit)
7618 http cache @types/babel__traverse@https://registry.npmjs.org/@types/babel__traverse/-/babel__traverse-7.28.0.tgz 0ms (cache hit)
7619 http cache find-cache-dir@https://registry.npmjs.org/find-cache-dir/-/find-cache-dir-3.3.2.tgz 0ms (cache hit)
7620 http cache @types/babel__generator@https://registry.npmjs.org/@types/babel__generator/-/babel__generator-7.27.0.tgz 0ms (cache hit)
7621 http cache undici-types@https://registry.npmjs.org/undici-types/-/undici-types-7.19.2.tgz 0ms (cache hit)
7622 http cache pirates@https://registry.npmjs.org/pirates/-/pirates-4.0.7.tgz 0ms (cache hit)
7623 http cache @types/yargs@https://registry.npmjs.org/@types/yargs/-/yargs-16.0.11.tgz 0ms (cache hit)
7624 http cache write-file-atomic@https://registry.npmjs.org/write-file-atomic/-/write-file-atomic-3.0.3.tgz 0ms (cache hit)
7625 http cache @types/istanbul-reports@https://registry.npmjs.org/@types/istanbul-reports/-/istanbul-reports-3.0.4.tgz 0ms (cache hit)
7626 http cache jest-regex-util@https://registry.npmjs.org/jest-regex-util/-/jest-regex-util-27.5.1.tgz 0ms (cache hit)
7627 http cache @types/node@https://registry.npmjs.org/@types/node/-/node-25.6.0.tgz 0ms (cache hit)
7628 http cache @types/istanbul-lib-coverage@https://registry.npmjs.org/@types/istanbul-lib-coverage/-/istanbul-lib-coverage-2.0.6.tgz 0ms (cache hit)
7629 http cache micromatch@https://registry.npmjs.org/micromatch/-/micromatch-4.0.8.tgz 0ms (cache hit)
7630 http cache jest-haste-map@https://registry.npmjs.org/jest-haste-map/-/jest-haste-map-27.5.1.tgz 0ms (cache hit)
7631 http cache graceful-fs@https://registry.npmjs.org/graceful-fs/-/graceful-fs-4.2.11.tgz 0ms (cache hit)
7632 http cache jest-util@https://registry.npmjs.org/jest-util/-/jest-util-27.5.1.tgz 0ms (cache hit)
7633 http cache slash@https://registry.npmjs.org/slash/-/slash-3.0.0.tgz 0ms (cache hit)
7634 http cache fast-json-stable-stringify@https://registry.npmjs.org/fast-json-stable-stringify/-/fast-json-stable-stringify-2.1.0.tgz 0ms (cache hit)
7635 http cache chalk@https://registry.npmjs.org/chalk/-/chalk-4.1.2.tgz 0ms (cache hit)
7636 http cache @types/babel__core@https://registry.npmjs.org/@types/babel__core/-/babel__core-7.20.5.tgz 0ms (cache hit)
7637 http cache @jest/types@https://registry.npmjs.org/@jest/types/-/types-27.5.1.tgz 0ms (cache hit)
7638 http cache babel-preset-jest@https://registry.npmjs.org/babel-preset-jest/-/babel-preset-jest-27.5.1.tgz 0ms (cache hit)
7639 http cache @svgr/babel-plugin-transform-svg-component@https://registry.npmjs.org/@svgr/babel-plugin-transform-svg-component/-/babel-plugin-transform-svg-component-5.5.0.tgz 0ms (cache hit)
7640 http cache @jest/transform@https://registry.npmjs.org/@jest/transform/-/transform-27.5.1.tgz 0ms (cache hit)
7641 http cache svgo@https://registry.npmjs.org/svgo/-/svgo-1.3.2.tgz 0ms (cache hit)
7642 http cache deepmerge@https://registry.npmjs.org/deepmerge/-/deepmerge-4.3.1.tgz 0ms (cache hit)
7643 http cache babel-plugin-istanbul@https://registry.npmjs.org/babel-plugin-istanbul/-/babel-plugin-istanbul-6.1.1.tgz 0ms (cache hit)
7644 http cache @svgr/babel-plugin-svg-dynamic-title@https://registry.npmjs.org/@svgr/babel-plugin-svg-dynamic-title/-/babel-plugin-svg-dynamic-title-5.4.0.tgz 0ms (cache hit)
7645 http cache @svgr/babel-plugin-svg-em-dimensions@https://registry.npmjs.org/@svgr/babel-plugin-svg-em-dimensions/-/babel-plugin-svg-em-dimensions-5.4.0.tgz 0ms (cache hit)
7646 http cache @svgr/babel-plugin-transform-react-native-svg@https://registry.npmjs.org/@svgr/babel-plugin-transform-react-native-svg/-/babel-plugin-transform-react-native-svg-5.4.0.tgz 0ms (cache hit)
7647 http cache @svgr/babel-plugin-remove-jsx-empty-expression@https://registry.npmjs.org/@svgr/babel-plugin-remove-jsx-empty-expression/-/babel-plugin-remove-jsx-empty-expression-5.0.1.tgz 0ms (cache hit)
7648 http cache @svgr/babel-plugin-add-jsx-attribute@https://registry.npmjs.org/@svgr/babel-plugin-add-jsx-attribute/-/babel-plugin-add-jsx-attribute-5.4.0.tgz 0ms (cache hit)
7649 http cache @svgr/babel-plugin-replace-jsx-attribute-value@https://registry.npmjs.org/@svgr/babel-plugin-replace-jsx-attribute-value/-/babel-plugin-replace-jsx-attribute-value-5.0.1.tgz 0ms (cache hit)
7650 http cache svg-parser@https://registry.npmjs.org/svg-parser/-/svg-parser-2.0.4.tgz 0ms (cache hit)
7651 http cache cosmiconfig@https://registry.npmjs.org/cosmiconfig/-/cosmiconfig-7.1.0.tgz 0ms (cache hit)
7652 http cache @babel/plugin-syntax-jsx@https://registry.npmjs.org/@babel/plugin-syntax-jsx/-/plugin-syntax-jsx-7.28.6.tgz 0ms (cache hit)
7653 http cache @babel/plugin-transform-react-jsx@https://registry.npmjs.org/@babel/plugin-transform-react-jsx/-/plugin-transform-react-jsx-7.28.6.tgz 0ms (cache hit)
7654 http cache @svgr/babel-plugin-remove-jsx-attribute@https://registry.npmjs.org/@svgr/babel-plugin-remove-jsx-attribute/-/babel-plugin-remove-jsx-attribute-5.4.0.tgz 0ms (cache hit)
7655 http cache @svgr/hast-util-to-babel-ast@https://registry.npmjs.org/@svgr/hast-util-to-babel-ast/-/hast-util-to-babel-ast-5.5.0.tgz 0ms (cache hit)
7656 http cache @svgr/babel-preset@https://registry.npmjs.org/@svgr/babel-preset/-/babel-preset-5.5.0.tgz 0ms (cache hit)
7657 http cache @babel/plugin-transform-react-display-name@https://registry.npmjs.org/@babel/plugin-transform-react-display-name/-/plugin-transform-react-display-name-7.28.0.tgz 0ms (cache hit)
7658 http cache esutils@https://registry.npmjs.org/esutils/-/esutils-2.0.3.tgz 0ms (cache hit)
7659 http cache @babel/plugin-transform-react-jsx-development@https://registry.npmjs.org/@babel/plugin-transform-react-jsx-development/-/plugin-transform-react-jsx-development-7.27.1.tgz 0ms (cache hit)
7660 http cache @babel/helper-replace-supers@https://registry.npmjs.org/@babel/helper-replace-supers/-/helper-replace-supers-7.28.6.tgz 0ms (cache hit)
7661 http cache @babel/plugin-transform-react-pure-annotations@https://registry.npmjs.org/@babel/plugin-transform-react-pure-annotations/-/plugin-transform-react-pure-annotations-7.27.1.tgz 0ms (cache hit)
7662 http cache @babel/helper-member-expression-to-functions@https://registry.npmjs.org/@babel/helper-member-expression-to-functions/-/helper-member-expression-to-functions-7.28.5.tgz 0ms (cache hit)
7663 http cache @babel/helper-wrap-function@https://registry.npmjs.org/@babel/helper-wrap-function/-/helper-wrap-function-7.28.6.tgz 0ms (cache hit)
7664 http cache regexpu-core@https://registry.npmjs.org/regexpu-core/-/regexpu-core-6.4.0.tgz 0ms (cache hit)
7665 http cache @babel/helper-optimise-call-expression@https://registry.npmjs.org/@babel/helper-optimise-call-expression/-/helper-optimise-call-expression-7.27.1.tgz 0ms (cache hit)
7666 http cache @babel/helper-create-class-features-plugin@https://registry.npmjs.org/@babel/helper-create-class-features-plugin/-/helper-create-class-features-plugin-7.28.6.tgz 0ms (cache hit)
7667 http cache @babel/helper-create-regexp-features-plugin@https://registry.npmjs.org/@babel/helper-create-regexp-features-plugin/-/helper-create-regexp-features-plugin-7.28.5.tgz 0ms (cache hit)
7668 http cache @babel/helper-annotate-as-pure@https://registry.npmjs.org/@babel/helper-annotate-as-pure/-/helper-annotate-as-pure-7.27.3.tgz 0ms (cache hit)
7669 http cache @babel/helper-skip-transparent-expression-wrappers@https://registry.npmjs.org/@babel/helper-skip-transparent-expression-wrappers/-/helper-skip-transparent-expression-wrappers-7.27.1.tgz 0ms (cache hit)
7670 http cache babel-plugin-polyfill-corejs2@https://registry.npmjs.org/babel-plugin-polyfill-corejs2/-/babel-plugin-polyfill-corejs2-0.4.17.tgz 0ms (cache hit)
7671 http cache @babel/helper-remap-async-to-generator@https://registry.npmjs.org/@babel/helper-remap-async-to-generator/-/helper-remap-async-to-generator-7.27.1.tgz 0ms (cache hit)
7672 http cache babel-plugin-polyfill-corejs3@https://registry.npmjs.org/babel-plugin-polyfill-corejs3/-/babel-plugin-polyfill-corejs3-0.14.2.tgz 0ms (cache hit)
7673 http cache babel-plugin-polyfill-regenerator@https://registry.npmjs.org/babel-plugin-polyfill-regenerator/-/babel-plugin-polyfill-regenerator-0.6.8.tgz 0ms (cache hit)
7674 http cache core-js-compat@https://registry.npmjs.org/core-js-compat/-/core-js-compat-3.49.0.tgz 0ms (cache hit)
7675 http cache @babel/preset-modules@https://registry.npmjs.org/@babel/preset-modules/-/preset-modules-0.1.6-no-external-plugins.tgz 0ms (cache hit)
7676 http cache @babel/plugin-transform-unicode-sets-regex@https://registry.npmjs.org/@babel/plugin-transform-unicode-sets-regex/-/plugin-transform-unicode-sets-regex-7.28.6.tgz 0ms (cache hit)
7677 http cache @babel/plugin-transform-unicode-regex@https://registry.npmjs.org/@babel/plugin-transform-unicode-regex/-/plugin-transform-unicode-regex-7.27.1.tgz 0ms (cache hit)
7678 http cache @babel/plugin-transform-unicode-property-regex@https://registry.npmjs.org/@babel/plugin-transform-unicode-property-regex/-/plugin-transform-unicode-property-regex-7.28.6.tgz 0ms (cache hit)
7679 http cache @babel/plugin-transform-sticky-regex@https://registry.npmjs.org/@babel/plugin-transform-sticky-regex/-/plugin-transform-sticky-regex-7.27.1.tgz 0ms (cache hit)
7680 http cache @babel/plugin-transform-unicode-escapes@https://registry.npmjs.org/@babel/plugin-transform-unicode-escapes/-/plugin-transform-unicode-escapes-7.27.1.tgz 0ms (cache hit)
7681 http cache @babel/plugin-transform-typeof-symbol@https://registry.npmjs.org/@babel/plugin-transform-typeof-symbol/-/plugin-transform-typeof-symbol-7.27.1.tgz 0ms (cache hit)
7682 http cache @babel/plugin-transform-template-literals@https://registry.npmjs.org/@babel/plugin-transform-template-literals/-/plugin-transform-template-literals-7.27.1.tgz 0ms (cache hit)
7683 http cache @babel/plugin-transform-regenerator@https://registry.npmjs.org/@babel/plugin-transform-regenerator/-/plugin-transform-regenerator-7.29.0.tgz 0ms (cache hit)
7684 http cache @babel/plugin-transform-spread@https://registry.npmjs.org/@babel/plugin-transform-spread/-/plugin-transform-spread-7.28.6.tgz 0ms (cache hit)
7685 http cache @babel/plugin-transform-shorthand-properties@https://registry.npmjs.org/@babel/plugin-transform-shorthand-properties/-/plugin-transform-shorthand-properties-7.27.1.tgz 0ms (cache hit)
7686 http cache @babel/plugin-transform-reserved-words@https://registry.npmjs.org/@babel/plugin-transform-reserved-words/-/plugin-transform-reserved-words-7.27.1.tgz 0ms (cache hit)
7687 http cache @babel/plugin-transform-regexp-modifiers@https://registry.npmjs.org/@babel/plugin-transform-regexp-modifiers/-/plugin-transform-regexp-modifiers-7.28.6.tgz 0ms (cache hit)
7688 http cache @babel/plugin-transform-private-property-in-object@https://registry.npmjs.org/@babel/plugin-transform-private-property-in-object/-/plugin-transform-private-property-in-object-7.28.6.tgz 0ms (cache hit)
7689 http cache @babel/plugin-transform-private-methods@https://registry.npmjs.org/@babel/plugin-transform-private-methods/-/plugin-transform-private-methods-7.28.6.tgz 0ms (cache hit)
7690 http cache @babel/plugin-transform-property-literals@https://registry.npmjs.org/@babel/plugin-transform-property-literals/-/plugin-transform-property-literals-7.27.1.tgz 0ms (cache hit)
7691 http cache @babel/plugin-transform-parameters@https://registry.npmjs.org/@babel/plugin-transform-parameters/-/plugin-transform-parameters-7.27.7.tgz 0ms (cache hit)
7692 http cache @babel/plugin-transform-object-super@https://registry.npmjs.org/@babel/plugin-transform-object-super/-/plugin-transform-object-super-7.27.1.tgz 0ms (cache hit)
7693 http cache @babel/plugin-transform-optional-catch-binding@https://registry.npmjs.org/@babel/plugin-transform-optional-catch-binding/-/plugin-transform-optional-catch-binding-7.28.6.tgz 0ms (cache hit)
7694 http cache @babel/plugin-transform-object-rest-spread@https://registry.npmjs.org/@babel/plugin-transform-object-rest-spread/-/plugin-transform-object-rest-spread-7.28.6.tgz 0ms (cache hit)
7695 http cache @babel/plugin-transform-optional-chaining@https://registry.npmjs.org/@babel/plugin-transform-optional-chaining/-/plugin-transform-optional-chaining-7.28.6.tgz 0ms (cache hit)
7696 http cache @babel/plugin-transform-nullish-coalescing-operator@https://registry.npmjs.org/@babel/plugin-transform-nullish-coalescing-operator/-/plugin-transform-nullish-coalescing-operator-7.28.6.tgz 0ms (cache hit)
7697 http cache @babel/plugin-transform-numeric-separator@https://registry.npmjs.org/@babel/plugin-transform-numeric-separator/-/plugin-transform-numeric-separator-7.28.6.tgz 0ms (cache hit)
7698 http cache @babel/plugin-transform-new-target@https://registry.npmjs.org/@babel/plugin-transform-new-target/-/plugin-transform-new-target-7.27.1.tgz 0ms (cache hit)
7699 http cache @babel/plugin-transform-named-capturing-groups-regex@https://registry.npmjs.org/@babel/plugin-transform-named-capturing-groups-regex/-/plugin-transform-named-capturing-groups-regex-7.29.0.tgz 0ms (cache hit)
7700 http cache @babel/plugin-transform-modules-umd@https://registry.npmjs.org/@babel/plugin-transform-modules-umd/-/plugin-transform-modules-umd-7.27.1.tgz 0ms (cache hit)
7701 http cache @babel/plugin-transform-modules-amd@https://registry.npmjs.org/@babel/plugin-transform-modules-amd/-/plugin-transform-modules-amd-7.27.1.tgz 0ms (cache hit)
7702 http cache @babel/plugin-transform-modules-systemjs@https://registry.npmjs.org/@babel/plugin-transform-modules-systemjs/-/plugin-transform-modules-systemjs-7.29.0.tgz 0ms (cache hit)
7703 http cache @babel/plugin-transform-modules-commonjs@https://registry.npmjs.org/@babel/plugin-transform-modules-commonjs/-/plugin-transform-modules-commonjs-7.28.6.tgz 0ms (cache hit)
7704 http cache @babel/plugin-transform-member-expression-literals@https://registry.npmjs.org/@babel/plugin-transform-member-expression-literals/-/plugin-transform-member-expression-literals-7.27.1.tgz 0ms (cache hit)
7705 http cache @babel/plugin-transform-json-strings@https://registry.npmjs.org/@babel/plugin-transform-json-strings/-/plugin-transform-json-strings-7.28.6.tgz 0ms (cache hit)
7706 http cache @babel/plugin-transform-logical-assignment-operators@https://registry.npmjs.org/@babel/plugin-transform-logical-assignment-operators/-/plugin-transform-logical-assignment-operators-7.28.6.tgz 0ms (cache hit)
7707 http cache @babel/plugin-transform-literals@https://registry.npmjs.org/@babel/plugin-transform-literals/-/plugin-transform-literals-7.27.1.tgz 0ms (cache hit)
7708 http cache @babel/plugin-transform-for-of@https://registry.npmjs.org/@babel/plugin-transform-for-of/-/plugin-transform-for-of-7.27.1.tgz 0ms (cache hit)
7709 http cache @babel/plugin-transform-function-name@https://registry.npmjs.org/@babel/plugin-transform-function-name/-/plugin-transform-function-name-7.27.1.tgz 0ms (cache hit)
7710 http cache @babel/plugin-transform-export-namespace-from@https://registry.npmjs.org/@babel/plugin-transform-export-namespace-from/-/plugin-transform-export-namespace-from-7.27.1.tgz 0ms (cache hit)
7711 http cache @babel/plugin-transform-exponentiation-operator@https://registry.npmjs.org/@babel/plugin-transform-exponentiation-operator/-/plugin-transform-exponentiation-operator-7.28.6.tgz 0ms (cache hit)
7712 http cache @babel/plugin-transform-dynamic-import@https://registry.npmjs.org/@babel/plugin-transform-dynamic-import/-/plugin-transform-dynamic-import-7.27.1.tgz 0ms (cache hit)
7713 http cache @babel/plugin-transform-explicit-resource-management@https://registry.npmjs.org/@babel/plugin-transform-explicit-resource-management/-/plugin-transform-explicit-resource-management-7.28.6.tgz 0ms (cache hit)
7714 http cache @babel/plugin-transform-duplicate-named-capturing-groups-regex@https://registry.npmjs.org/@babel/plugin-transform-duplicate-named-capturing-groups-regex/-/plugin-transform-duplicate-named-capturing-groups-regex-7.29.0.tgz 1ms (cache hit)
7715 http cache @babel/plugin-transform-computed-properties@https://registry.npmjs.org/@babel/plugin-transform-computed-properties/-/plugin-transform-computed-properties-7.28.6.tgz 0ms (cache hit)
7716 http cache @babel/plugin-transform-dotall-regex@https://registry.npmjs.org/@babel/plugin-transform-dotall-regex/-/plugin-transform-dotall-regex-7.28.6.tgz 0ms (cache hit)
7717 http cache @babel/plugin-transform-duplicate-keys@https://registry.npmjs.org/@babel/plugin-transform-duplicate-keys/-/plugin-transform-duplicate-keys-7.27.1.tgz 0ms (cache hit)
7718 http cache @babel/plugin-transform-classes@https://registry.npmjs.org/@babel/plugin-transform-classes/-/plugin-transform-classes-7.28.6.tgz 0ms (cache hit)
7719 http cache @babel/plugin-transform-destructuring@https://registry.npmjs.org/@babel/plugin-transform-destructuring/-/plugin-transform-destructuring-7.28.5.tgz 0ms (cache hit)
7720 http cache @babel/plugin-transform-block-scoping@https://registry.npmjs.org/@babel/plugin-transform-block-scoping/-/plugin-transform-block-scoping-7.28.6.tgz 0ms (cache hit)
7721 http cache @babel/plugin-transform-class-properties@https://registry.npmjs.org/@babel/plugin-transform-class-properties/-/plugin-transform-class-properties-7.28.6.tgz 0ms (cache hit)
7722 http cache @babel/plugin-transform-async-to-generator@https://registry.npmjs.org/@babel/plugin-transform-async-to-generator/-/plugin-transform-async-to-generator-7.28.6.tgz 0ms (cache hit)
7723 http cache @babel/plugin-transform-block-scoped-functions@https://registry.npmjs.org/@babel/plugin-transform-block-scoped-functions/-/plugin-transform-block-scoped-functions-7.27.1.tgz 0ms (cache hit)
7724 http cache @babel/plugin-syntax-unicode-sets-regex@https://registry.npmjs.org/@babel/plugin-syntax-unicode-sets-regex/-/plugin-syntax-unicode-sets-regex-7.18.6.tgz 0ms (cache hit)
7725 http cache @babel/plugin-transform-arrow-functions@https://registry.npmjs.org/@babel/plugin-transform-arrow-functions/-/plugin-transform-arrow-functions-7.27.1.tgz 0ms (cache hit)
7726 http cache @babel/plugin-transform-class-static-block@https://registry.npmjs.org/@babel/plugin-transform-class-static-block/-/plugin-transform-class-static-block-7.28.6.tgz 0ms (cache hit)
7727 http cache @babel/plugin-transform-async-generator-functions@https://registry.npmjs.org/@babel/plugin-transform-async-generator-functions/-/plugin-transform-async-generator-functions-7.29.0.tgz 0ms (cache hit)
7728 http cache @babel/plugin-syntax-import-attributes@https://registry.npmjs.org/@babel/plugin-syntax-import-attributes/-/plugin-syntax-import-attributes-7.28.6.tgz 0ms (cache hit)
7729 http cache @babel/plugin-syntax-import-assertions@https://registry.npmjs.org/@babel/plugin-syntax-import-assertions/-/plugin-syntax-import-assertions-7.28.6.tgz 0ms (cache hit)
7730 http cache @babel/plugin-bugfix-v8-spread-parameters-in-optional-chaining@https://registry.npmjs.org/@babel/plugin-bugfix-v8-spread-parameters-in-optional-chaining/-/plugin-bugfix-v8-spread-parameters-in-optional-chaining-7.27.1.tgz 0ms (cache hit)
7731 http cache @babel/plugin-bugfix-safari-class-field-initializer-scope@https://registry.npmjs.org/@babel/plugin-bugfix-safari-class-field-initializer-scope/-/plugin-bugfix-safari-class-field-initializer-scope-7.27.1.tgz 0ms (cache hit)
7732 http cache @babel/plugin-proposal-private-property-in-object@https://registry.npmjs.org/@babel/plugin-proposal-private-property-in-object/-/plugin-proposal-private-property-in-object-7.21.0-placeholder-for-preset-env.2.tgz 0ms (cache hit)
7733 http cache @babel/plugin-bugfix-v8-static-class-fields-redefine-readonly@https://registry.npmjs.org/@babel/plugin-bugfix-v8-static-class-fields-redefine-readonly/-/plugin-bugfix-v8-static-class-fields-redefine-readonly-7.28.6.tgz 0ms (cache hit)
7734 http cache @svgr/plugin-svgo@https://registry.npmjs.org/@svgr/plugin-svgo/-/plugin-svgo-5.5.0.tgz 0ms (cache hit)
7735 http cache @babel/helper-plugin-utils@https://registry.npmjs.org/@babel/helper-plugin-utils/-/helper-plugin-utils-7.28.6.tgz 0ms (cache hit)
7736 http cache @svgr/core@https://registry.npmjs.org/@svgr/core/-/core-5.5.0.tgz 0ms (cache hit)
7737 http cache @svgr/plugin-jsx@https://registry.npmjs.org/@svgr/plugin-jsx/-/plugin-jsx-5.5.0.tgz 0ms (cache hit)
7738 http cache @babel/plugin-bugfix-firefox-class-in-computed-class-key@https://registry.npmjs.org/@babel/plugin-bugfix-firefox-class-in-computed-class-key/-/plugin-bugfix-firefox-class-in-computed-class-key-7.28.5.tgz 0ms (cache hit)
7739 http cache @babel/plugin-bugfix-safari-id-destructuring-collision-in-function-expression@https://registry.npmjs.org/@babel/plugin-bugfix-safari-id-destructuring-collision-in-function-expression/-/plugin-bugfix-safari-id-destructuring-collision-in-function-expression-7.27.1.tgz 0ms (cache hit)
7740 http cache @babel/preset-react@https://registry.npmjs.org/@babel/preset-react/-/preset-react-7.28.5.tgz 0ms (cache hit)
7741 http cache @babel/preset-env@https://registry.npmjs.org/@babel/preset-env/-/preset-env-7.29.2.tgz 0ms (cache hit)
7742 http cache schema-utils@https://registry.npmjs.org/schema-utils/-/schema-utils-4.3.3.tgz 0ms (cache hit)
7743 http cache @babel/plugin-transform-react-constant-elements@https://registry.npmjs.org/@babel/plugin-transform-react-constant-elements/-/plugin-transform-react-constant-elements-7.27.1.tgz 0ms (cache hit)
7744 http cache loader-utils@https://registry.npmjs.org/loader-utils/-/loader-utils-2.0.4.tgz 0ms (cache hit)
7745 http cache source-map@https://registry.npmjs.org/source-map/-/source-map-0.7.6.tgz 0ms (cache hit)
7746 http cache @babel/helper-string-parser@https://registry.npmjs.org/@babel/helper-string-parser/-/helper-string-parser-7.27.1.tgz 0ms (cache hit)
7747 http cache @jridgewell/sourcemap-codec@https://registry.npmjs.org/@jridgewell/sourcemap-codec/-/sourcemap-codec-1.5.5.tgz 0ms (cache hit)
7748 http cache error-stack-parser@https://registry.npmjs.org/error-stack-parser/-/error-stack-parser-2.1.4.tgz 0ms (cache hit)
7749 http cache @jridgewell/resolve-uri@https://registry.npmjs.org/@jridgewell/resolve-uri/-/resolve-uri-3.1.2.tgz 0ms (cache hit)
7750 http cache ansi-html@https://registry.npmjs.org/ansi-html/-/ansi-html-0.0.9.tgz 0ms (cache hit)
7751 http cache html-entities@https://registry.npmjs.org/html-entities/-/html-entities-2.6.0.tgz 0ms (cache hit)
7752 http cache @babel/helper-module-imports@https://registry.npmjs.org/@babel/helper-module-imports/-/helper-module-imports-7.28.6.tgz 0ms (cache hit)
7753 http cache lru-cache@https://registry.npmjs.org/lru-cache/-/lru-cache-5.1.1.tgz 0ms (cache hit)
7754 http cache @jridgewell/trace-mapping@https://registry.npmjs.org/@jridgewell/trace-mapping/-/trace-mapping-0.3.31.tgz 0ms (cache hit)
7755 http cache core-js-pure@https://registry.npmjs.org/core-js-pure/-/core-js-pure-3.49.0.tgz 0ms (cache hit)
7756 http cache jsesc@https://registry.npmjs.org/jsesc/-/jsesc-3.1.0.tgz 0ms (cache hit)
7757 http cache @babel/helper-validator-option@https://registry.npmjs.org/@babel/helper-validator-option/-/helper-validator-option-7.27.1.tgz 0ms (cache hit)
7758 http cache @babel/helper-globals@https://registry.npmjs.org/@babel/helper-globals/-/helper-globals-7.28.0.tgz 0ms (cache hit)
7759 http cache @babel/compat-data@https://registry.npmjs.org/@babel/compat-data/-/compat-data-7.29.0.tgz 0ms (cache hit)
7760 http cache @babel/helper-validator-identifier@https://registry.npmjs.org/@babel/helper-validator-identifier/-/helper-validator-identifier-7.28.5.tgz 0ms (cache hit)
7761 http cache @jridgewell/gen-mapping@https://registry.npmjs.org/@jridgewell/gen-mapping/-/gen-mapping-0.3.13.tgz 0ms (cache hit)
7762 http cache debug@https://registry.npmjs.org/debug/-/debug-4.4.3.tgz 0ms (cache hit)
7763 http cache json5@https://registry.npmjs.org/json5/-/json5-2.2.3.tgz 0ms (cache hit)
7764 http cache picocolors@https://registry.npmjs.org/picocolors/-/picocolors-1.1.1.tgz 0ms (cache hit)
7765 http cache gensync@https://registry.npmjs.org/gensync/-/gensync-1.0.0-beta.2.tgz 0ms (cache hit)
7766 http cache convert-source-map@https://registry.npmjs.org/convert-source-map/-/convert-source-map-2.0.0.tgz 0ms (cache hit)
7767 http cache @babel/types@https://registry.npmjs.org/@babel/types/-/types-7.29.0.tgz 0ms (cache hit)
7768 http cache @babel/template@https://registry.npmjs.org/@babel/template/-/template-7.28.6.tgz 0ms (cache hit)
7769 http cache @babel/parser@https://registry.npmjs.org/@babel/parser/-/parser-7.29.2.tgz 0ms (cache hit)
7770 http cache @babel/traverse@https://registry.npmjs.org/@babel/traverse/-/traverse-7.29.0.tgz 0ms (cache hit)
7771 http cache @babel/helpers@https://registry.npmjs.org/@babel/helpers/-/helpers-7.29.2.tgz 0ms (cache hit)
7772 http cache @babel/helper-module-transforms@https://registry.npmjs.org/@babel/helper-module-transforms/-/helper-module-transforms-7.28.6.tgz 0ms (cache hit)
7773 http cache @babel/generator@https://registry.npmjs.org/@babel/generator/-/generator-7.29.1.tgz 0ms (cache hit)
7774 http cache @jridgewell/remapping@https://registry.npmjs.org/@jridgewell/remapping/-/remapping-2.3.5.tgz 0ms (cache hit)
7775 http cache workbox-webpack-plugin@https://registry.npmjs.org/workbox-webpack-plugin/-/workbox-webpack-plugin-6.6.0.tgz 0ms (cache hit)
7776 http cache webpack-manifest-plugin@https://registry.npmjs.org/webpack-manifest-plugin/-/webpack-manifest-plugin-4.1.1.tgz 0ms (cache hit)
7777 http cache webpack-dev-server@https://registry.npmjs.org/webpack-dev-server/-/webpack-dev-server-4.15.2.tgz 0ms (cache hit)
7778 http cache @babel/code-frame@https://registry.npmjs.org/@babel/code-frame/-/code-frame-7.29.0.tgz 0ms (cache hit)
7779 http cache terser-webpack-plugin@https://registry.npmjs.org/terser-webpack-plugin/-/terser-webpack-plugin-5.4.0.tgz 0ms (cache hit)
7780 http cache tailwindcss@https://registry.npmjs.org/tailwindcss/-/tailwindcss-3.4.19.tgz 0ms (cache hit)
7781 http cache source-map-loader@https://registry.npmjs.org/source-map-loader/-/source-map-loader-3.0.2.tgz 0ms (cache hit)
7782 http cache sass-loader@https://registry.npmjs.org/sass-loader/-/sass-loader-12.6.0.tgz 0ms (cache hit)
7783 http cache style-loader@https://registry.npmjs.org/style-loader/-/style-loader-3.3.4.tgz 0ms (cache hit)
7784 http cache semver@https://registry.npmjs.org/semver/-/semver-7.7.4.tgz 0ms (cache hit)
7785 http cache resolve-url-loader@https://registry.npmjs.org/resolve-url-loader/-/resolve-url-loader-4.0.0.tgz 0ms (cache hit)
7786 http cache @babel/helper-compilation-targets@https://registry.npmjs.org/@babel/helper-compilation-targets/-/helper-compilation-targets-7.28.6.tgz 0ms (cache hit)
7787 http cache resolve@https://registry.npmjs.org/resolve/-/resolve-1.22.11.tgz 0ms (cache hit)
7788 http cache react-app-polyfill@https://registry.npmjs.org/react-app-polyfill/-/react-app-polyfill-3.0.0.tgz 0ms (cache hit)
7789 http cache react-dev-utils@https://registry.npmjs.org/react-dev-utils/-/react-dev-utils-12.0.1.tgz 0ms (cache hit)
7790 http cache postcss-normalize@https://registry.npmjs.org/postcss-normalize/-/postcss-normalize-10.0.1.tgz 0ms (cache hit)
7791 http cache prompts@https://registry.npmjs.org/prompts/-/prompts-2.4.2.tgz 0ms (cache hit)
7792 http cache postcss-preset-env@https://registry.npmjs.org/postcss-preset-env/-/postcss-preset-env-7.8.3.tgz 0ms (cache hit)
7793 http cache postcss@https://registry.npmjs.org/postcss/-/postcss-8.5.9.tgz 0ms (cache hit)
7794 http cache postcss-loader@https://registry.npmjs.org/postcss-loader/-/postcss-loader-6.2.1.tgz 0ms (cache hit)
7795 http cache mini-css-extract-plugin@https://registry.npmjs.org/mini-css-extract-plugin/-/mini-css-extract-plugin-2.10.2.tgz 0ms (cache hit)
7796 http cache jest-resolve@https://registry.npmjs.org/jest-resolve/-/jest-resolve-27.5.1.tgz 0ms (cache hit)
7797 http cache postcss-flexbugs-fixes@https://registry.npmjs.org/postcss-flexbugs-fixes/-/postcss-flexbugs-fixes-5.0.2.tgz 0ms (cache hit)
7798 http cache jest@https://registry.npmjs.org/jest/-/jest-27.5.1.tgz 0ms (cache hit)
7799 http cache jest-watch-typeahead@https://registry.npmjs.org/jest-watch-typeahead/-/jest-watch-typeahead-1.1.0.tgz 0ms (cache hit)
7800 http cache fs-extra@https://registry.npmjs.org/fs-extra/-/fs-extra-10.1.0.tgz 0ms (cache hit)
7801 http cache identity-obj-proxy@https://registry.npmjs.org/identity-obj-proxy/-/identity-obj-proxy-3.0.0.tgz 0ms (cache hit)
7802 http cache html-webpack-plugin@https://registry.npmjs.org/html-webpack-plugin/-/html-webpack-plugin-5.6.6.tgz 0ms (cache hit)
7803 http cache file-loader@https://registry.npmjs.org/file-loader/-/file-loader-6.2.0.tgz 0ms (cache hit)
7804 http cache eslint-webpack-plugin@https://registry.npmjs.org/eslint-webpack-plugin/-/eslint-webpack-plugin-3.2.0.tgz 0ms (cache hit)
7805 http cache eslint@https://registry.npmjs.org/eslint/-/eslint-8.57.1.tgz 0ms (cache hit)
7806 http cache dotenv-expand@https://registry.npmjs.org/dotenv-expand/-/dotenv-expand-5.1.0.tgz 0ms (cache hit)
7807 http cache css-loader@https://registry.npmjs.org/css-loader/-/css-loader-6.11.0.tgz 0ms (cache hit)
7808 http cache dotenv@https://registry.npmjs.org/dotenv/-/dotenv-10.0.0.tgz 0ms (cache hit)
7809 http cache eslint-config-react-app@https://registry.npmjs.org/eslint-config-react-app/-/eslint-config-react-app-7.0.1.tgz 0ms (cache hit)
7810 http cache browserslist@https://registry.npmjs.org/browserslist/-/browserslist-4.28.2.tgz 0ms (cache hit)
7811 http cache css-minimizer-webpack-plugin@https://registry.npmjs.org/css-minimizer-webpack-plugin/-/css-minimizer-webpack-plugin-3.4.1.tgz 0ms (cache hit)
7812 http cache camelcase@https://registry.npmjs.org/camelcase/-/camelcase-6.3.0.tgz 0ms (cache hit)
7813 http cache babel-preset-react-app@https://registry.npmjs.org/babel-preset-react-app/-/babel-preset-react-app-10.1.0.tgz 0ms (cache hit)
7814 http cache babel-loader@https://registry.npmjs.org/babel-loader/-/babel-loader-8.4.1.tgz 0ms (cache hit)
7815 http cache @svgr/webpack@https://registry.npmjs.org/@svgr/webpack/-/webpack-5.5.0.tgz 0ms (cache hit)
7816 http cache bfj@https://registry.npmjs.org/bfj/-/bfj-7.1.0.tgz 0ms (cache hit)
7817 http cache babel-jest@https://registry.npmjs.org/babel-jest/-/babel-jest-27.5.1.tgz 0ms (cache hit)
7818 http cache @pmmmwh/react-refresh-webpack-plugin@https://registry.npmjs.org/@pmmmwh/react-refresh-webpack-plugin/-/react-refresh-webpack-plugin-0.5.17.tgz 0ms (cache hit)
7819 http cache @babel/core@https://registry.npmjs.org/@babel/core/-/core-7.29.0.tgz 0ms (cache hit)
7820 http cache react-refresh@https://registry.npmjs.org/react-refresh/-/react-refresh-0.11.0.tgz 0ms (cache hit)
7821 http cache babel-plugin-named-asset-import@https://registry.npmjs.org/babel-plugin-named-asset-import/-/babel-plugin-named-asset-import-0.3.8.tgz 0ms (cache hit)
7822 http cache webpack@https://registry.npmjs.org/webpack/-/webpack-5.106.1.tgz 0ms (cache hit)
7823 http cache case-sensitive-paths-webpack-plugin@https://registry.npmjs.org/case-sensitive-paths-webpack-plugin/-/case-sensitive-paths-webpack-plugin-2.4.0.tgz 0ms (cache hit)
7824 http cache js-tokens@https://registry.npmjs.org/js-tokens/-/js-tokens-4.0.0.tgz 0ms (cache hit)
7825 http cache loose-envify@https://registry.npmjs.org/loose-envify/-/loose-envify-1.4.0.tgz 0ms (cache hit)
7826 http cache react-is@https://registry.npmjs.org/react-is/-/react-is-16.13.1.tgz 0ms (cache hit)
7827 http cache react-scripts@https://registry.npmjs.org/react-scripts/-/react-scripts-5.0.1.tgz 0ms (cache hit)
7828 http cache scheduler@https://registry.npmjs.org/scheduler/-/scheduler-0.23.2.tgz 0ms (cache hit)
7829 http cache react-dom@https://registry.npmjs.org/react-dom/-/react-dom-18.3.1.tgz 0ms (cache hit)
7830 http cache semver@https://registry.npmjs.org/semver/-/semver-6.3.1.tgz 0ms (cache hit)
7831 http cache react@https://registry.npmjs.org/react/-/react-18.3.1.tgz 0ms (cache hit)
7832 http cache emoji-regex@https://registry.npmjs.org/emoji-regex/-/emoji-regex-8.0.0.tgz 0ms (cache hit)
7833 http cache type-fest@https://registry.npmjs.org/type-fest/-/type-fest-0.16.0.tgz 0ms (cache hit)
7834 http cache minimatch@https://registry.npmjs.org/minimatch/-/minimatch-5.1.9.tgz 0ms (cache hit)
7835 http cache @types/estree@https://registry.npmjs.org/@types/estree/-/estree-0.0.39.tgz 0ms (cache hit)
7836 http cache serialize-javascript@https://registry.npmjs.org/serialize-javascript/-/serialize-javascript-4.0.0.tgz 0ms (cache hit)
7837 http cache brace-expansion@https://registry.npmjs.org/brace-expansion/-/brace-expansion-2.1.0.tgz 0ms (cache hit)
7838 http cache jest-worker@https://registry.npmjs.org/jest-worker/-/jest-worker-26.6.2.tgz 0ms (cache hit)
7839 http cache webidl-conversions@https://registry.npmjs.org/webidl-conversions/-/webidl-conversions-4.0.2.tgz 0ms (cache hit)
7840 http cache tr46@https://registry.npmjs.org/tr46/-/tr46-1.0.1.tgz 0ms (cache hit)
7841 http cache string_decoder@https://registry.npmjs.org/string_decoder/-/string_decoder-1.1.1.tgz 0ms (cache hit)
7842 http cache safe-buffer@https://registry.npmjs.org/safe-buffer/-/safe-buffer-5.1.2.tgz 0ms (cache hit)
7843 http cache json-schema-traverse@https://registry.npmjs.org/json-schema-traverse/-/json-schema-traverse-1.0.0.tgz 0ms (cache hit)
7844 http cache whatwg-url@https://registry.npmjs.org/whatwg-url/-/whatwg-url-7.1.0.tgz 0ms (cache hit)
7845 http cache @apideck/better-ajv-errors@https://registry.npmjs.org/@apideck/better-ajv-errors/-/better-ajv-errors-0.3.7.tgz 0ms (cache hit)
7846 http cache source-map@https://registry.npmjs.org/source-map/-/source-map-0.8.0-beta.0.tgz 0ms (cache hit)
7847 http cache readable-stream@https://registry.npmjs.org/readable-stream/-/readable-stream-2.3.8.tgz 0ms (cache hit)
7848 http cache ajv@https://registry.npmjs.org/ajv/-/ajv-8.18.0.tgz 0ms (cache hit)
7849 http cache isarray@https://registry.npmjs.org/isarray/-/isarray-1.0.0.tgz 0ms (cache hit)
7850 http cache iconv-lite@https://registry.npmjs.org/iconv-lite/-/iconv-lite-0.4.24.tgz 0ms (cache hit)
7851 http cache debug@https://registry.npmjs.org/debug/-/debug-2.6.9.tgz 0ms (cache hit)
7852 http cache ipaddr.js@https://registry.npmjs.org/ipaddr.js/-/ipaddr.js-1.9.1.tgz 0ms (cache hit)
7853 http cache fs-extra@https://registry.npmjs.org/fs-extra/-/fs-extra-9.1.0.tgz 0ms (cache hit)
7854 http cache debug@https://registry.npmjs.org/debug/-/debug-2.6.9.tgz 0ms (cache hit)
7855 http cache ms@https://registry.npmjs.org/ms/-/ms-2.0.0.tgz 0ms (cache hit)
7856 http cache statuses@https://registry.npmjs.org/statuses/-/statuses-1.5.0.tgz 0ms (cache hit)
7857 http cache iconv-lite@https://registry.npmjs.org/iconv-lite/-/iconv-lite-0.4.24.tgz 0ms (cache hit)
7858 http cache ms@https://registry.npmjs.org/ms/-/ms-2.0.0.tgz 0ms (cache hit)
7859 http cache ms@https://registry.npmjs.org/ms/-/ms-2.0.0.tgz 0ms (cache hit)
7860 http cache debug@https://registry.npmjs.org/debug/-/debug-2.6.9.tgz 0ms (cache hit)
7861 http cache ms@https://registry.npmjs.org/ms/-/ms-2.0.0.tgz 0ms (cache hit)
7862 http cache debug@https://registry.npmjs.org/debug/-/debug-2.6.9.tgz 0ms (cache hit)
7863 http cache ms@https://registry.npmjs.org/ms/-/ms-2.0.0.tgz 0ms (cache hit)
7864 http cache negotiator@https://registry.npmjs.org/negotiator/-/negotiator-0.6.3.tgz 0ms (cache hit)
7865 http cache debug@https://registry.npmjs.org/debug/-/debug-2.6.9.tgz 0ms (cache hit)
7866 http cache debug@https://registry.npmjs.org/debug/-/debug-2.6.9.tgz 0ms (cache hit)
7867 http cache ms@https://registry.npmjs.org/ms/-/ms-2.0.0.tgz 0ms (cache hit)
7868 http cache depd@https://registry.npmjs.org/depd/-/depd-1.1.2.tgz 0ms (cache hit)
7869 http cache http-errors@https://registry.npmjs.org/http-errors/-/http-errors-1.8.1.tgz 0ms (cache hit)
7870 http cache picomatch@https://registry.npmjs.org/picomatch/-/picomatch-4.0.4.tgz 0ms (cache hit)
7871 http cache @types/express-serve-static-core@https://registry.npmjs.org/@types/express-serve-static-core/-/express-serve-static-core-4.19.8.tgz 0ms (cache hit)
7872 http cache @types/send@https://registry.npmjs.org/@types/send/-/send-0.17.6.tgz 0ms (cache hit)
7873 http cache source-map@https://registry.npmjs.org/source-map/-/source-map-0.6.1.tgz 0ms (cache hit)
7874 http cache mdn-data@https://registry.npmjs.org/mdn-data/-/mdn-data-2.0.14.tgz 0ms (cache hit)
7875 http cache fdir@https://registry.npmjs.org/fdir/-/fdir-6.5.0.tgz 0ms (cache hit)
7876 http cache commander@https://registry.npmjs.org/commander/-/commander-4.1.1.tgz 0ms (cache hit)
7877 http cache has-flag@https://registry.npmjs.org/has-flag/-/has-flag-3.0.0.tgz 0ms (cache hit)
7878 http cache css-tree@https://registry.npmjs.org/css-tree/-/css-tree-1.1.3.tgz 0ms (cache hit)
7879 http cache color-convert@https://registry.npmjs.org/color-convert/-/color-convert-1.9.3.tgz 0ms (cache hit)
7880 http cache supports-color@https://registry.npmjs.org/supports-color/-/supports-color-5.5.0.tgz 0ms (cache hit)
7881 http cache escape-string-regexp@https://registry.npmjs.org/escape-string-regexp/-/escape-string-regexp-1.0.5.tgz 0ms (cache hit)
7882 http cache color-name@https://registry.npmjs.org/color-name/-/color-name-1.1.3.tgz 0ms (cache hit)
7883 http cache json-schema-traverse@https://registry.npmjs.org/json-schema-traverse/-/json-schema-traverse-1.0.0.tgz 0ms (cache hit)
7884 http cache ajv@https://registry.npmjs.org/ajv/-/ajv-8.18.0.tgz 0ms (cache hit)
7885 http cache which@https://registry.npmjs.org/which/-/which-1.3.1.tgz 0ms (cache hit)
7886 http cache ansi-styles@https://registry.npmjs.org/ansi-styles/-/ansi-styles-3.2.1.tgz 0ms (cache hit)
7887 http cache chalk@https://registry.npmjs.org/chalk/-/chalk-2.4.2.tgz 0ms (cache hit)
7888 http cache path-exists@https://registry.npmjs.org/path-exists/-/path-exists-3.0.0.tgz 0ms (cache hit)
7889 http cache glob-parent@https://registry.npmjs.org/glob-parent/-/glob-parent-5.1.2.tgz 0ms (cache hit)
7890 http cache tapable@https://registry.npmjs.org/tapable/-/tapable-1.1.3.tgz 0ms (cache hit)
7891 http cache find-up@https://registry.npmjs.org/find-up/-/find-up-3.0.0.tgz 0ms (cache hit)
7892 http cache cosmiconfig@https://registry.npmjs.org/cosmiconfig/-/cosmiconfig-6.0.0.tgz 0ms (cache hit)
7893 http cache ms@https://registry.npmjs.org/ms/-/ms-2.0.0.tgz 0ms (cache hit)
7894 http cache source-map@https://registry.npmjs.org/source-map/-/source-map-0.6.1.tgz 0ms (cache hit)
7895 http cache fs-extra@https://registry.npmjs.org/fs-extra/-/fs-extra-9.1.0.tgz 0ms (cache hit)
7896 http cache debug@https://registry.npmjs.org/debug/-/debug-2.6.9.tgz 0ms (cache hit)
7897 http cache schema-utils@https://registry.npmjs.org/schema-utils/-/schema-utils-2.7.0.tgz 0ms (cache hit)
7898 http cache source-map@https://registry.npmjs.org/source-map/-/source-map-0.6.1.tgz 0ms (cache hit)
7899 http cache p-locate@https://registry.npmjs.org/p-locate/-/p-locate-3.0.0.tgz 0ms (cache hit)
7900 http cache iconv-lite@https://registry.npmjs.org/iconv-lite/-/iconv-lite-0.4.24.tgz 0ms (cache hit)
7901 http cache locate-path@https://registry.npmjs.org/locate-path/-/locate-path-3.0.0.tgz 0ms (cache hit)
7902 http cache webidl-conversions@https://registry.npmjs.org/webidl-conversions/-/webidl-conversions-5.0.0.tgz 0ms (cache hit)
7903 http cache acorn@https://registry.npmjs.org/acorn/-/acorn-7.4.1.tgz 0ms (cache hit)
7904 http cache universalify@https://registry.npmjs.org/universalify/-/universalify-0.2.0.tgz 0ms (cache hit)
7905 http cache convert-source-map@https://registry.npmjs.org/convert-source-map/-/convert-source-map-1.9.0.tgz 0ms (cache hit)
7906 http cache source-map@https://registry.npmjs.org/source-map/-/source-map-0.6.1.tgz 0ms (cache hit)
7907 http cache escape-string-regexp@https://registry.npmjs.org/escape-string-regexp/-/escape-string-regexp-2.0.0.tgz 0ms (cache hit)
7908 http cache cssom@https://registry.npmjs.org/cssom/-/cssom-0.3.8.tgz 0ms (cache hit)
7909 http cache make-dir@https://registry.npmjs.org/make-dir/-/make-dir-4.0.0.tgz 0ms (cache hit)
7910 http cache source-map@https://registry.npmjs.org/source-map/-/source-map-0.6.1.tgz 0ms (cache hit)
7911 http cache ansi-styles@https://registry.npmjs.org/ansi-styles/-/ansi-styles-5.2.0.tgz 0ms (cache hit)
7912 http cache type-fest@https://registry.npmjs.org/type-fest/-/type-fest-0.21.3.tgz 0ms (cache hit)
7913 http cache source-map@https://registry.npmjs.org/source-map/-/source-map-0.6.1.tgz 0ms (cache hit)
7914 http cache source-map@https://registry.npmjs.org/source-map/-/source-map-0.6.1.tgz 0ms (cache hit)
7915 http cache commander@https://registry.npmjs.org/commander/-/commander-2.20.3.tgz 0ms (cache hit)
7916 http cache glob-parent@https://registry.npmjs.org/glob-parent/-/glob-parent-5.1.2.tgz 0ms (cache hit)
7917 http cache tslib@https://registry.npmjs.org/tslib/-/tslib-1.14.1.tgz 0ms (cache hit)
7918 http cache strip-bom@https://registry.npmjs.org/strip-bom/-/strip-bom-3.0.0.tgz 0ms (cache hit)
7919 http cache source-map@https://registry.npmjs.org/source-map/-/source-map-0.6.1.tgz 0ms (cache hit)
7920 http cache json5@https://registry.npmjs.org/json5/-/json5-1.0.2.tgz 0ms (cache hit)
7921 http cache debug@https://registry.npmjs.org/debug/-/debug-3.2.7.tgz 0ms (cache hit)
7922 http cache estraverse@https://registry.npmjs.org/estraverse/-/estraverse-4.3.0.tgz 0ms (cache hit)
7923 http cache eslint-scope@https://registry.npmjs.org/eslint-scope/-/eslint-scope-5.1.1.tgz 0ms (cache hit)
7924 http cache semver@https://registry.npmjs.org/semver/-/semver-6.3.1.tgz 0ms (cache hit)
7925 http cache estraverse@https://registry.npmjs.org/estraverse/-/estraverse-4.3.0.tgz 0ms (cache hit)
7926 http cache eslint-scope@https://registry.npmjs.org/eslint-scope/-/eslint-scope-5.1.1.tgz 0ms (cache hit)
7927 http cache eslint-visitor-keys@https://registry.npmjs.org/eslint-visitor-keys/-/eslint-visitor-keys-2.1.0.tgz 0ms (cache hit)
7928 http cache argparse@https://registry.npmjs.org/argparse/-/argparse-2.0.1.tgz 0ms (cache hit)
7929 http cache semver@https://registry.npmjs.org/semver/-/semver-6.3.1.tgz 0ms (cache hit)
7930 http cache eslint-import-resolver-node@https://registry.npmjs.org/eslint-import-resolver-node/-/eslint-import-resolver-node-0.3.10.tgz 0ms (cache hit)
7931 http cache resolve@https://registry.npmjs.org/resolve/-/resolve-2.0.0-next.6.tgz 0ms (cache hit)
7932 http cache source-map@https://registry.npmjs.org/source-map/-/source-map-0.6.1.tgz 0ms (cache hit)
7933 http cache debug@https://registry.npmjs.org/debug/-/debug-3.2.7.tgz 0ms (cache hit)
7934 http cache mdn-data@https://registry.npmjs.org/mdn-data/-/mdn-data-2.0.14.tgz 0ms (cache hit)
7935 http cache doctrine@https://registry.npmjs.org/doctrine/-/doctrine-2.1.0.tgz 0ms (cache hit)
7936 http cache js-yaml@https://registry.npmjs.org/js-yaml/-/js-yaml-4.1.1.tgz 0ms (cache hit)
7937 http cache commander@https://registry.npmjs.org/commander/-/commander-7.2.0.tgz 0ms (cache hit)
7938 http cache svgo@https://registry.npmjs.org/svgo/-/svgo-2.8.2.tgz 0ms (cache hit)
7939 http cache css-tree@https://registry.npmjs.org/css-tree/-/css-tree-1.1.3.tgz 0ms (cache hit)
7940 http cache sax@https://registry.npmjs.org/sax/-/sax-1.6.0.tgz 0ms (cache hit)
7941 http cache supports-color@https://registry.npmjs.org/supports-color/-/supports-color-8.1.1.tgz 0ms (cache hit)
7942 http cache postcss-selector-parser@https://registry.npmjs.org/postcss-selector-parser/-/postcss-selector-parser-7.1.1.tgz 0ms (cache hit)
7943 http cache esprima@https://registry.npmjs.org/esprima/-/esprima-1.2.5.tgz 0ms (cache hit)
7944 http cache camelcase@https://registry.npmjs.org/camelcase/-/camelcase-5.3.1.tgz 0ms (cache hit)
7945 http cache semver@https://registry.npmjs.org/semver/-/semver-6.3.1.tgz 0ms (cache hit)
7946 http cache babel-plugin-polyfill-corejs3@https://registry.npmjs.org/babel-plugin-polyfill-corejs3/-/babel-plugin-polyfill-corejs3-0.13.0.tgz 0ms (cache hit)
7947 http cache resolve-from@https://registry.npmjs.org/resolve-from/-/resolve-from-4.0.0.tgz 0ms (cache hit)
7948 http cache semver@https://registry.npmjs.org/semver/-/semver-6.3.1.tgz 0ms (cache hit)
7949 http cache source-map@https://registry.npmjs.org/source-map/-/source-map-0.6.1.tgz 0ms (cache hit)
7950 http cache postcss-selector-parser@https://registry.npmjs.org/postcss-selector-parser/-/postcss-selector-parser-7.1.1.tgz 0ms (cache hit)
7951 http cache semver@https://registry.npmjs.org/semver/-/semver-6.3.1.tgz 0ms (cache hit)
7952 http cache dom-serializer@https://registry.npmjs.org/dom-serializer/-/dom-serializer-0.2.2.tgz 0ms (cache hit)
7953 http cache convert-source-map@https://registry.npmjs.org/convert-source-map/-/convert-source-map-1.9.0.tgz 0ms (cache hit)
7954 http cache css-what@https://registry.npmjs.org/css-what/-/css-what-3.4.2.tgz 0ms (cache hit)
7955 http cache has-flag@https://registry.npmjs.org/has-flag/-/has-flag-3.0.0.tgz 0ms (cache hit)
7956 http cache nth-check@https://registry.npmjs.org/nth-check/-/nth-check-1.0.2.tgz 0ms (cache hit)
7957 http cache domelementtype@https://registry.npmjs.org/domelementtype/-/domelementtype-1.3.1.tgz 0ms (cache hit)
7958 http cache domutils@https://registry.npmjs.org/domutils/-/domutils-1.7.0.tgz 0ms (cache hit)
7959 http cache supports-color@https://registry.npmjs.org/supports-color/-/supports-color-5.5.0.tgz 0ms (cache hit)
7960 http cache escape-string-regexp@https://registry.npmjs.org/escape-string-regexp/-/escape-string-regexp-1.0.5.tgz 0ms (cache hit)
7961 http cache color-name@https://registry.npmjs.org/color-name/-/color-name-1.1.3.tgz 0ms (cache hit)
7962 http cache color-convert@https://registry.npmjs.org/color-convert/-/color-convert-1.9.3.tgz 0ms (cache hit)
7963 http cache ansi-styles@https://registry.npmjs.org/ansi-styles/-/ansi-styles-3.2.1.tgz 0ms (cache hit)
7964 http cache css-select@https://registry.npmjs.org/css-select/-/css-select-2.1.0.tgz 0ms (cache hit)
7965 http cache semver@https://registry.npmjs.org/semver/-/semver-6.3.1.tgz 0ms (cache hit)
7966 http cache chalk@https://registry.npmjs.org/chalk/-/chalk-2.4.2.tgz 0ms (cache hit)
7967 http cache json-schema-traverse@https://registry.npmjs.org/json-schema-traverse/-/json-schema-traverse-1.0.0.tgz 0ms (cache hit)
7968 http cache semver@https://registry.npmjs.org/semver/-/semver-6.3.1.tgz 0ms (cache hit)
7969 http cache ajv-keywords@https://registry.npmjs.org/ajv-keywords/-/ajv-keywords-5.1.0.tgz 0ms (cache hit)
7970 http cache source-map@https://registry.npmjs.org/source-map/-/source-map-0.6.1.tgz 0ms (cache hit)
7971 http cache semver@https://registry.npmjs.org/semver/-/semver-6.3.1.tgz 0ms (cache hit)
7972 http cache semver@https://registry.npmjs.org/semver/-/semver-6.3.1.tgz 0ms (cache hit)
7973 http cache semver@https://registry.npmjs.org/semver/-/semver-6.3.1.tgz 0ms (cache hit)
7974 http cache webpack-sources@https://registry.npmjs.org/webpack-sources/-/webpack-sources-1.4.3.tgz 0ms (cache hit)
7975 http cache source-map@https://registry.npmjs.org/source-map/-/source-map-0.6.1.tgz 0ms (cache hit)
7976 http cache ajv@https://registry.npmjs.org/ajv/-/ajv-8.18.0.tgz 0ms (cache hit)
7977 http cache ws@https://registry.npmjs.org/ws/-/ws-8.20.0.tgz 0ms (cache hit)
7978 http cache webpack-sources@https://registry.npmjs.org/webpack-sources/-/webpack-sources-2.3.1.tgz 0ms (cache hit)
7979 http cache lilconfig@https://registry.npmjs.org/lilconfig/-/lilconfig-3.1.3.tgz 0ms (cache hit)
7980 http cache postcss-load-config@https://registry.npmjs.org/postcss-load-config/-/postcss-load-config-6.0.1.tgz 0ms (cache hit)
7981 http cache p-limit@https://registry.npmjs.org/p-limit/-/p-limit-3.1.0.tgz 0ms (cache hit)
7982 http cache picocolors@https://registry.npmjs.org/picocolors/-/picocolors-0.2.1.tgz 0ms (cache hit)
7983 http cache find-up@https://registry.npmjs.org/find-up/-/find-up-5.0.0.tgz 0ms (cache hit)
7984 http cache source-map@https://registry.npmjs.org/source-map/-/source-map-0.6.1.tgz 0ms (cache hit)
7985 http cache locate-path@https://registry.npmjs.org/locate-path/-/locate-path-6.0.0.tgz 0ms (cache hit)
7986 http cache postcss@https://registry.npmjs.org/postcss/-/postcss-7.0.39.tgz 0ms (cache hit)
7987 http cache p-locate@https://registry.npmjs.org/p-locate/-/p-locate-5.0.0.tgz 0ms (cache hit)
7988 http cache convert-source-map@https://registry.npmjs.org/convert-source-map/-/convert-source-map-1.9.0.tgz 0ms (cache hit)
7989 http cache pretty-format@https://registry.npmjs.org/pretty-format/-/pretty-format-28.1.3.tgz 0ms (cache hit)
7990 http cache @types/yargs@https://registry.npmjs.org/@types/yargs/-/yargs-17.0.35.tgz 0ms (cache hit)
7991 http cache loader-utils@https://registry.npmjs.org/loader-utils/-/loader-utils-3.3.1.tgz 0ms (cache hit)
7992 http cache react-is@https://registry.npmjs.org/react-is/-/react-is-18.3.1.tgz 0ms (cache hit)
7993 http cache slash@https://registry.npmjs.org/slash/-/slash-3.0.0.tgz 0ms (cache hit)
7994 http cache ansi-styles@https://registry.npmjs.org/ansi-styles/-/ansi-styles-5.2.0.tgz 0ms (cache hit)
7995 http cache jest-message-util@https://registry.npmjs.org/jest-message-util/-/jest-message-util-28.1.3.tgz 0ms (cache hit)
7996 http cache jest-util@https://registry.npmjs.org/jest-util/-/jest-util-28.1.3.tgz 0ms (cache hit)
7997 http cache slash@https://registry.npmjs.org/slash/-/slash-3.0.0.tgz 0ms (cache hit)
7998 http cache emittery@https://registry.npmjs.org/emittery/-/emittery-0.10.2.tgz 0ms (cache hit)
7999 http cache @jest/console@https://registry.npmjs.org/@jest/console/-/console-28.1.3.tgz 0ms (cache hit)
8000 http cache @jest/test-result@https://registry.npmjs.org/@jest/test-result/-/test-result-28.1.3.tgz 0ms (cache hit)
8001 http cache ansi-regex@https://registry.npmjs.org/ansi-regex/-/ansi-regex-6.2.2.tgz 0ms (cache hit)
8002 http cache @jest/types@https://registry.npmjs.org/@jest/types/-/types-28.1.3.tgz 0ms (cache hit)
8003 http cache char-regex@https://registry.npmjs.org/char-regex/-/char-regex-2.0.2.tgz 0ms (cache hit)
8004 http cache string-length@https://registry.npmjs.org/string-length/-/string-length-5.0.1.tgz 0ms (cache hit)
8005 http cache strip-ansi@https://registry.npmjs.org/strip-ansi/-/strip-ansi-6.0.1.tgz 0ms (cache hit)
8006 http cache slash@https://registry.npmjs.org/slash/-/slash-4.0.0.tgz 0ms (cache hit)
8007 http cache string-length@https://registry.npmjs.org/string-length/-/string-length-4.0.2.tgz 0ms (cache hit)
8008 http cache strip-ansi@https://registry.npmjs.org/strip-ansi/-/strip-ansi-7.2.0.tgz 0ms (cache hit)
8009 http cache schema-utils@https://registry.npmjs.org/schema-utils/-/schema-utils-3.3.0.tgz 0ms (cache hit)
8010 http cache jest-regex-util@https://registry.npmjs.org/jest-regex-util/-/jest-regex-util-28.0.2.tgz 0ms (cache hit)
8011 http cache jest-watcher@https://registry.npmjs.org/jest-watcher/-/jest-watcher-28.1.3.tgz 0ms (cache hit)
8012 http cache p-limit@https://registry.npmjs.org/p-limit/-/p-limit-3.1.0.tgz 0ms (cache hit)
8013 http cache p-locate@https://registry.npmjs.org/p-locate/-/p-locate-5.0.0.tgz 0ms (cache hit)
8014 http cache supports-color@https://registry.npmjs.org/supports-color/-/supports-color-8.1.1.tgz 0ms (cache hit)
8015 http cache argparse@https://registry.npmjs.org/argparse/-/argparse-2.0.1.tgz 0ms (cache hit)
8016 http cache resolve@https://registry.npmjs.org/resolve/-/resolve-2.0.0-next.6.tgz 0ms (cache hit)
8017 http cache jest-worker@https://registry.npmjs.org/jest-worker/-/jest-worker-28.1.3.tgz 0ms (cache hit)
8018 http cache doctrine@https://registry.npmjs.org/doctrine/-/doctrine-2.1.0.tgz 0ms (cache hit)
8019 http cache locate-path@https://registry.npmjs.org/locate-path/-/locate-path-6.0.0.tgz 0ms (cache hit)
8020 http cache js-yaml@https://registry.npmjs.org/js-yaml/-/js-yaml-4.1.1.tgz 0ms (cache hit)
8021 http cache find-up@https://registry.npmjs.org/find-up/-/find-up-5.0.0.tgz 0ms (cache hit)
8022 http cache @babel/plugin-proposal-private-property-in-object@https://registry.npmjs.org/@babel/plugin-proposal-private-property-in-object/-/plugin-proposal-private-property-in-object-7.21.11.tgz 0ms (cache hit)
8023 http cache estraverse@https://registry.npmjs.org/estraverse/-/estraverse-4.3.0.tgz 0ms (cache hit)
8024 http cache source-map@https://registry.npmjs.org/source-map/-/source-map-0.6.1.tgz 0ms (cache hit)
8025 http cache semver@https://registry.npmjs.org/semver/-/semver-6.3.1.tgz 0ms (cache hit)
8026 http cache semver@https://registry.npmjs.org/semver/-/semver-6.3.1.tgz 0ms (cache hit)
8027 http cache schema-utils@https://registry.npmjs.org/schema-utils/-/schema-utils-2.7.1.tgz 0ms (cache hit)
8028 http cache eslint-plugin-react@https://registry.npmjs.org/eslint-plugin-react/-/eslint-plugin-react-7.37.5.tgz 0ms (cache hit)
8029 http cache eslint-scope@https://registry.npmjs.org/eslint-scope/-/eslint-scope-5.1.1.tgz 0ms (cache hit)
8030 warn deprecated inflight@1.0.6: This module is not supported, and leaks memory. Do not use it. Check out lru-cache if you want a good and tested way to coalesce async requests by a key value, which is much more comprehensive and powerful.
8031 warn deprecated @babel/plugin-proposal-private-methods@7.18.6: This proposal has been merged to the ECMAScript standard and thus this plugin is no longer maintained. Please use @babel/plugin-transform-private-methods instead.
8032 warn deprecated @babel/plugin-proposal-nullish-coalescing-operator@7.18.6: This proposal has been merged to the ECMAScript standard and thus this plugin is no longer maintained. Please use @babel/plugin-transform-nullish-coalescing-operator instead.
8033 warn deprecated @babel/plugin-proposal-numeric-separator@7.18.6: This proposal has been merged to the ECMAScript standard and thus this plugin is no longer maintained. Please use @babel/plugin-transform-numeric-separator instead.
8034 warn deprecated @babel/plugin-proposal-class-properties@7.18.6: This proposal has been merged to the ECMAScript standard and thus this plugin is no longer maintained. Please use @babel/plugin-transform-class-properties instead.
8035 warn deprecated @humanwhocodes/config-array@0.13.0: Use @eslint/config-array instead
8036 warn deprecated stable@0.1.8: Modern JS already guarantees Array#sort() is a stable sort, so this library is deprecated. See the compatibility table on MDN: https://developer.mozilla.org/en-US/docs/Web/JavaScript/Reference/Global_Objects/Array/sort#browser_compatibility
8037 warn deprecated @babel/plugin-proposal-private-property-in-object@7.21.11: This proposal has been merged to the ECMAScript standard and thus this plugin is no longer maintained. Please use @babel/plugin-transform-private-property-in-object instead.
8038 warn deprecated rimraf@3.0.2: Rimraf versions prior to v4 are no longer supported
8039 warn deprecated @babel/plugin-proposal-optional-chaining@7.21.0: This proposal has been merged to the ECMAScript standard and thus this plugin is no longer maintained. Please use @babel/plugin-transform-optional-chaining instead.
8040 warn deprecated glob@7.2.3: Old versions of glob are not supported, and contain widely publicized security vulnerabilities, which have been fixed in the current version. Please update. Support for old versions may be purchased (at exorbitant rates) by contacting i@izs.me
8041 warn deprecated rollup-plugin-terser@7.0.2: This package has been deprecated and is no longer maintained. Please use @rollup/plugin-terser
8042 warn deprecated whatwg-encoding@1.0.5: Use @exodus/bytes instead for a more spec-conformant and faster implementation
8043 warn deprecated q@1.5.1: You or someone you depend on is using Q, the JavaScript Promise library that gave JavaScript developers strong feelings about promises. They can almost certainly migrate to the native JavaScript promise now. Thank you literally everyone for joining me in this bet against the odds. Be excellent to each other.
8043 warn deprecated
8043 warn deprecated (For a CapTP with native promises, see @endo/eventual-send and @endo/captp)
8044 warn deprecated abab@2.0.6: Use your platform's native atob() and btoa() methods instead
8045 warn deprecated @humanwhocodes/object-schema@2.0.3: Use @eslint/object-schema instead
8046 warn deprecated domexception@2.0.1: Use your platform's native DOMException instead
8047 warn deprecated sourcemap-codec@1.4.8: Please use @jridgewell/sourcemap-codec instead
8048 warn deprecated w3c-hr-time@1.0.2: Use your platform's native performance.now() and performance.timeOrigin.
8049 warn deprecated workbox-cacheable-response@6.6.0: workbox-background-sync@6.6.0
8050 warn deprecated source-map@0.8.0-beta.0: The work that was done in this beta branch won't be included in future versions
8051 warn deprecated workbox-google-analytics@6.6.0: It is not compatible with newer versions of GA starting with v4, as long as you are using GAv3 it should be ok, but the package is not longer being maintained
8052 warn deprecated svgo@1.3.2: This SVGO version is no longer supported. Upgrade to v2.x.x.
8053 warn deprecated eslint@8.57.1: This version is no longer supported. Please see https://eslint.org/version-support for other options.
8054 silly ADD node_modules/lodash.sortby
8055 silly ADD node_modules/jsonpointer
8056 silly ADD node_modules/source-list-map
8057 silly ADD node_modules/@sinclair/typebox
8058 silly ADD node_modules/@jest/schemas
8059 silly ADD node_modules/process-nextick-args
8060 silly ADD node_modules/core-util-is
8061 silly ADD node_modules/at-least-node
8062 silly ADD node_modules/yocto-queue
8063 silly ADD node_modules/node-exports-info
8064 silly ADD node_modules/node-exports-info/node_modules/semver
8065 silly ADD node_modules/iterator.prototype
8066 silly ADD node_modules/string.prototype.repeat
8067 silly ADD node_modules/prop-types
8068 silly ADD node_modules/prop-types/node_modules/react-is
8069 silly ADD node_modules/object.entries
8070 silly ADD node_modules/es-iterator-helpers
8071 silly ADD node_modules/array.prototype.tosorted
8072 silly ADD node_modules/array.prototype.findlast
8073 silly ADD node_modules/ajv-keywords
8074 silly ADD node_modules/require-from-string
8075 silly ADD node_modules/fast-uri
8076 silly ADD node_modules/@types/mime
8077 silly ADD node_modules/is-fullwidth-code-point
8078 silly ADD node_modules/wrap-ansi
8079 silly ADD node_modules/yargs-parser
8080 silly ADD node_modules/y18n
8081 silly ADD node_modules/string-width
8082 silly ADD node_modules/string-width/node_modules/emoji-regex
8083 silly ADD node_modules/require-directory
8084 silly ADD node_modules/get-caller-file
8085 silly ADD node_modules/cliui
8086 silly ADD node_modules/typedarray-to-buffer
8087 silly ADD node_modules/is-typedarray
8088 silly ADD node_modules/@types/trusted-types
8089 silly ADD node_modules/idb
8090 silly ADD node_modules/crypto-random-string
8091 silly ADD node_modules/unique-string
8092 silly ADD node_modules/temp-dir
8093 silly ADD node_modules/is-regexp
8094 silly ADD node_modules/is-obj
8095 silly ADD node_modules/get-own-enumerable-property-symbols
8096 silly ADD node_modules/sourcemap-codec
8097 silly ADD node_modules/filelist
8098 silly ADD node_modules/filelist/node_modules/brace-expansion
8099 silly ADD node_modules/filelist/node_modules/minimatch
8100 silly ADD node_modules/async
8101 silly ADD node_modules/jake
8102 silly ADD node_modules/string.prototype.matchall
8103 silly ADD node_modules/ejs
8104 silly ADD node_modules/estree-walker
8105 silly ADD node_modules/magic-string
8106 silly ADD node_modules/is-module
8107 silly ADD node_modules/builtin-modules
8108 silly ADD node_modules/@types/resolve
8109 silly ADD node_modules/@rollup/pluginutils
8110 silly ADD node_modules/@rollup/pluginutils/node_modules/@types/estree
8111 silly ADD node_modules/workbox-window
8112 silly ADD node_modules/workbox-sw
8113 silly ADD node_modules/workbox-streams
8114 silly ADD node_modules/workbox-strategies
8115 silly ADD node_modules/workbox-routing
8116 silly ADD node_modules/workbox-recipes
8117 silly ADD node_modules/workbox-range-requests
8118 silly ADD node_modules/workbox-precaching
8119 silly ADD node_modules/workbox-navigation-preload
8120 silly ADD node_modules/workbox-google-analytics
8121 silly ADD node_modules/workbox-expiration
8122 silly ADD node_modules/workbox-core
8123 silly ADD node_modules/workbox-cacheable-response
8124 silly ADD node_modules/workbox-broadcast-update
8125 silly ADD node_modules/workbox-background-sync
8126 silly ADD node_modules/tempy
8127 silly ADD node_modules/tempy/node_modules/type-fest
8128 silly ADD node_modules/strip-comments
8129 silly ADD node_modules/stringify-object
8130 silly ADD node_modules/rollup-plugin-terser
8131 silly ADD node_modules/rollup-plugin-terser/node_modules/serialize-javascript
8132 silly ADD node_modules/rollup-plugin-terser/node_modules/jest-worker
8133 silly ADD node_modules/common-tags
8134 silly ADD node_modules/@surma/rollup-plugin-off-main-thread
8135 silly ADD node_modules/@rollup/plugin-replace
8136 silly ADD node_modules/@rollup/plugin-node-resolve
8137 silly ADD node_modules/rollup
8138 silly ADD node_modules/@rollup/plugin-babel
8139 silly ADD node_modules/workbox-build
8140 silly ADD node_modules/workbox-build/node_modules/webidl-conversions
8141 silly ADD node_modules/workbox-build/node_modules/tr46
8142 silly ADD node_modules/workbox-build/node_modules/whatwg-url
8143 silly ADD node_modules/workbox-build/node_modules/json-schema-traverse
8144 silly ADD node_modules/workbox-build/node_modules/source-map
8145 silly ADD node_modules/workbox-build/node_modules/fs-extra
8146 silly ADD node_modules/workbox-build/node_modules/ajv
8147 silly ADD node_modules/workbox-build/node_modules/@apideck/better-ajv-errors
8148 silly ADD node_modules/upath
8149 silly ADD node_modules/pretty-bytes
8150 silly ADD node_modules/is-weakset
8151 silly ADD node_modules/is-weakmap
8152 silly ADD node_modules/is-map
8153 silly ADD node_modules/generator-function
8154 silly ADD node_modules/async-function
8155 silly ADD node_modules/which-collection
8156 silly ADD node_modules/is-generator-function
8157 silly ADD node_modules/is-finalizationregistry
8158 silly ADD node_modules/is-async-function
8159 silly ADD node_modules/is-number-object
8160 silly ADD node_modules/is-boolean-object
8161 silly ADD node_modules/is-bigint
8162 silly ADD node_modules/isexe
8163 silly ADD node_modules/tr46
8164 silly ADD node_modules/websocket-extensions
8165 silly ADD node_modules/http-parser-js
8166 silly ADD node_modules/minimalistic-assert
8167 silly ADD node_modules/media-typer
8168 silly ADD node_modules/string_decoder
8169 silly ADD node_modules/wbuf
8170 silly ADD node_modules/readable-stream
8171 silly ADD node_modules/obuf
8172 silly ADD node_modules/hpack.js
8173 silly ADD node_modules/hpack.js/node_modules/string_decoder
8174 silly ADD node_modules/hpack.js/node_modules/safe-buffer
8175 silly ADD node_modules/hpack.js/node_modules/isarray
8176 silly ADD node_modules/hpack.js/node_modules/readable-stream
8177 silly ADD node_modules/detect-node
8178 silly ADD node_modules/spdy-transport
8179 silly ADD node_modules/select-hose
8180 silly ADD node_modules/http-deceiver
8181 silly ADD node_modules/handle-thing
8182 silly ADD node_modules/websocket-driver
8183 silly ADD node_modules/uuid
8184 silly ADD node_modules/faye-websocket
8185 silly ADD node_modules/batch
8186 silly ADD node_modules/mime
8187 silly ADD node_modules/node-forge
8188 silly ADD node_modules/@types/node-forge
8189 silly ADD node_modules/forwarded
8190 silly ADD node_modules/retry
8191 silly ADD node_modules/@types/retry
8192 silly ADD node_modules/ee-first
8193 silly ADD node_modules/@leichtgewicht/ip-codec
8194 silly ADD node_modules/thunky
8195 silly ADD node_modules/dns-packet
8196 silly ADD node_modules/follow-redirects
8197 silly ADD node_modules/eventemitter3
8198 silly ADD node_modules/is-plain-obj
8199 silly ADD node_modules/http-proxy
8200 silly ADD node_modules/@types/http-proxy
8201 silly ADD node_modules/toidentifier
8202 silly ADD node_modules/unpipe
8203 silly ADD node_modules/raw-body
8204 silly ADD node_modules/raw-body/node_modules/iconv-lite
8205 silly ADD node_modules/destroy
8206 silly ADD node_modules/utils-merge
8207 silly ADD node_modules/type-is
8208 silly ADD node_modules/statuses
8209 silly ADD node_modules/setprototypeof
8210 silly ADD node_modules/serve-static
8211 silly ADD node_modules/send
8212 silly ADD node_modules/send/node_modules/debug
8213 silly ADD node_modules/send/node_modules/debug/node_modules/ms
8214 silly ADD node_modules/range-parser
8215 silly ADD node_modules/qs
8216 silly ADD node_modules/proxy-addr
8217 silly ADD node_modules/proxy-addr/node_modules/ipaddr.js
8218 silly ADD node_modules/path-to-regexp
8219 silly ADD node_modules/parseurl
8220 silly ADD node_modules/on-finished
8221 silly ADD node_modules/methods
8222 silly ADD node_modules/merge-descriptors
8223 silly ADD node_modules/http-errors
8224 silly ADD node_modules/fresh
8225 silly ADD node_modules/finalhandler
8226 silly ADD node_modules/finalhandler/node_modules/ms
8227 silly ADD node_modules/finalhandler/node_modules/debug
8228 silly ADD node_modules/etag
8229 silly ADD node_modules/escape-html
8230 silly ADD node_modules/encodeurl
8231 silly ADD node_modules/depd
8232 silly ADD node_modules/cookie-signature
8233 silly ADD node_modules/cookie
8234 silly ADD node_modules/content-type
8235 silly ADD node_modules/content-disposition
8236 silly ADD node_modules/body-parser
8237 silly ADD node_modules/body-parser/node_modules/ms
8238 silly ADD node_modules/body-parser/node_modules/iconv-lite
8239 silly ADD node_modules/body-parser/node_modules/debug
8240 silly ADD node_modules/array-flatten
8241 silly ADD node_modules/accepts
8242 silly ADD node_modules/accepts/node_modules/negotiator
8243 silly ADD node_modules/vary
8244 silly ADD node_modules/on-headers
8245 silly ADD node_modules/negotiator
8246 silly ADD node_modules/compressible
8247 silly ADD node_modules/bytes
8248 silly ADD node_modules/multicast-dns
8249 silly ADD node_modules/@types/http-errors
8250 silly ADD node_modules/@types/send
8251 silly ADD node_modules/@types/range-parser
8252 silly ADD node_modules/@types/connect
8253 silly ADD node_modules/@types/qs
8254 silly ADD node_modules/@types/body-parser
8255 silly ADD node_modules/@types/express-serve-static-core
8256 silly ADD node_modules/webpack-dev-middleware
8257 silly ADD node_modules/spdy
8258 silly ADD node_modules/sockjs
8259 silly ADD node_modules/serve-index
8260 silly ADD node_modules/serve-index/node_modules/statuses
8261 silly ADD node_modules/serve-index/node_modules/depd
8262 silly ADD node_modules/serve-index/node_modules/ms
8263 silly ADD node_modules/serve-index/node_modules/http-errors
8264 silly ADD node_modules/serve-index/node_modules/debug
8265 silly ADD node_modules/selfsigned
8266 silly ADD node_modules/p-retry
8267 silly ADD node_modules/launch-editor
8268 silly ADD node_modules/ipaddr.js
8269 silly ADD node_modules/http-proxy-middleware
8270 silly ADD node_modules/express
8271 silly ADD node_modules/express/node_modules/ms
8272 silly ADD node_modules/express/node_modules/debug
8273 silly ADD node_modules/default-gateway
8274 silly ADD node_modules/connect-history-api-fallback
8275 silly ADD node_modules/compression
8276 silly ADD node_modules/compression/node_modules/ms
8277 silly ADD node_modules/compression/node_modules/debug
8278 silly ADD node_modules/colorette
8279 silly ADD node_modules/bonjour-service
8280 silly ADD node_modules/ansi-html-community
8281 silly ADD node_modules/@types/ws
8282 silly ADD node_modules/@types/sockjs
8283 silly ADD node_modules/@types/serve-static
8284 silly ADD node_modules/@types/serve-static/node_modules/@types/send
8285 silly ADD node_modules/@types/serve-index
8286 silly ADD node_modules/@types/express
8287 silly ADD node_modules/@types/express/node_modules/@types/express-serve-static-core
8288 silly ADD node_modules/@types/connect-history-api-fallback
8289 silly ADD node_modules/@types/bonjour
8290 silly ADD node_modules/@xtuc/ieee754
8291 silly ADD node_modules/@webassemblyjs/utf8
8292 silly ADD node_modules/@webassemblyjs/leb128
8293 silly ADD node_modules/@webassemblyjs/ieee754
8294 silly ADD node_modules/@webassemblyjs/wast-printer
8295 silly ADD node_modules/@webassemblyjs/wasm-opt
8296 silly ADD node_modules/@webassemblyjs/wasm-gen
8297 silly ADD node_modules/@webassemblyjs/helper-wasm-section
8298 silly ADD node_modules/@webassemblyjs/helper-buffer
8299 silly ADD node_modules/@xtuc/long
8300 silly ADD node_modules/@webassemblyjs/helper-api-error
8301 silly ADD node_modules/@webassemblyjs/floating-point-hex-parser
8302 silly ADD node_modules/@webassemblyjs/helper-wasm-bytecode
8303 silly ADD node_modules/@webassemblyjs/helper-numbers
8304 silly ADD node_modules/webpack-sources
8305 silly ADD node_modules/watchpack
8306 silly ADD node_modules/loader-runner
8307 silly ADD node_modules/glob-to-regexp
8308 silly ADD node_modules/events
8309 silly ADD node_modules/es-module-lexer
8310 silly ADD node_modules/enhanced-resolve
8311 silly ADD node_modules/chrome-trace-event
8312 silly ADD node_modules/acorn-import-phases
8313 silly ADD node_modules/@webassemblyjs/wasm-parser
8314 silly ADD node_modules/@webassemblyjs/wasm-edit
8315 silly ADD node_modules/@webassemblyjs/ast
8316 silly ADD node_modules/@types/eslint-scope
8317 silly ADD node_modules/tmpl
8318 silly ADD node_modules/makeerror
8319 silly ADD node_modules/browser-process-hrtime
8320 silly ADD node_modules/es-array-method-boxes-properly
8321 silly ADD node_modules/array.prototype.reduce
8322 silly ADD node_modules/object.getownpropertydescriptors
8323 silly ADD node_modules/requires-port
8324 silly ADD node_modules/querystringify
8325 silly ADD node_modules/escalade
8326 silly ADD node_modules/unicode-property-aliases-ecmascript
8327 silly ADD node_modules/unicode-canonical-property-names-ecmascript
8328 silly ADD node_modules/which-boxed-primitive
8329 silly ADD node_modules/has-bigints
8330 silly ADD node_modules/which-builtin-type
8331 silly ADD node_modules/reflect.getprototypeof
8332 silly ADD node_modules/for-each
8333 silly ADD node_modules/@types/json5
8334 silly ADD node_modules/url-parse
8335 silly ADD node_modules/punycode
8336 silly ADD node_modules/psl
8337 silly ADD node_modules/is-number
8338 silly ADD node_modules/thenify
8339 silly ADD node_modules/@jridgewell/source-map
8340 silly ADD node_modules/supports-hyperlinks
8341 silly ADD node_modules/thenify-all
8342 silly ADD node_modules/any-promise
8343 silly ADD node_modules/ts-interface-checker
8344 silly ADD node_modules/tinyglobby
8345 silly ADD node_modules/tinyglobby/node_modules/picomatch
8346 silly ADD node_modules/tinyglobby/node_modules/fdir
8347 silly ADD node_modules/mz
8348 silly ADD node_modules/pify
8349 silly ADD node_modules/camelcase-css
8350 silly ADD node_modules/read-cache
8351 silly ADD node_modules/sucrase
8352 silly ADD node_modules/sucrase/node_modules/commander
8353 silly ADD node_modules/postcss-nested
8354 silly ADD node_modules/postcss-js
8355 silly ADD node_modules/postcss-import
8356 silly ADD node_modules/object-hash
8357 silly ADD node_modules/jiti
8358 silly ADD node_modules/dlv
8359 silly ADD node_modules/didyoumean
8360 silly ADD node_modules/arg
8361 silly ADD node_modules/@alloc/quick-lru
8362 silly ADD node_modules/minimist
8363 silly ADD node_modules/mdn-data
8364 silly ADD node_modules/q
8365 silly ADD node_modules/@types/q
8366 silly ADD node_modules/util.promisify
8367 silly ADD node_modules/unquote
8368 silly ADD node_modules/stable
8369 silly ADD node_modules/sax
8370 silly ADD node_modules/mkdirp
8371 silly ADD node_modules/csso
8372 silly ADD node_modules/csso/node_modules/source-map
8373 silly ADD node_modules/csso/node_modules/mdn-data
8374 silly ADD node_modules/csso/node_modules/css-tree
8375 silly ADD node_modules/css-tree
8376 silly ADD node_modules/css-tree/node_modules/source-map
8377 silly ADD node_modules/css-select-base-adapter
8378 silly ADD node_modules/coa
8379 silly ADD node_modules/coa/node_modules/has-flag
8380 silly ADD node_modules/coa/node_modules/color-name
8381 silly ADD node_modules/coa/node_modules/color-convert
8382 silly ADD node_modules/coa/node_modules/supports-color
8383 silly ADD node_modules/coa/node_modules/escape-string-regexp
8384 silly ADD node_modules/coa/node_modules/ansi-styles
8385 silly ADD node_modules/coa/node_modules/chalk
8386 silly ADD node_modules/has-flag
8387 silly ADD node_modules/char-regex
8388 silly ADD node_modules/buffer-from
8389 silly ADD node_modules/safer-buffer
8390 silly ADD node_modules/iconv-lite
8391 silly ADD node_modules/side-channel-weakmap
8392 silly ADD node_modules/side-channel-map
8393 silly ADD node_modules/side-channel-list
8394 silly ADD node_modules/shebang-regex
8395 silly ADD node_modules/safe-buffer
8396 silly ADD node_modules/randombytes
8397 silly ADD node_modules/ajv-formats
8398 silly ADD node_modules/ajv-formats/node_modules/json-schema-traverse
8399 silly ADD node_modules/ajv-formats/node_modules/ajv
8400 silly ADD node_modules/xmlchars
8401 silly ADD node_modules/neo-async
8402 silly ADD node_modules/isarray
8403 silly ADD node_modules/queue-microtask
8404 silly ADD node_modules/regex-parser
8405 silly ADD node_modules/adjust-sourcemap-loader
8406 silly ADD node_modules/supports-preserve-symlinks-flag
8407 silly ADD node_modules/path-parse
8408 silly ADD node_modules/entities
8409 silly ADD node_modules/dom-serializer
8410 silly ADD node_modules/domelementtype
8411 silly ADD node_modules/utila
8412 silly ADD node_modules/nth-check
8413 silly ADD node_modules/domutils
8414 silly ADD node_modules/domhandler
8415 silly ADD node_modules/css-what
8416 silly ADD node_modules/boolbase
8417 silly ADD node_modules/htmlparser2
8418 silly ADD node_modules/dom-converter
8419 silly ADD node_modules/css-select
8420 silly ADD node_modules/unicode-match-property-value-ecmascript
8421 silly ADD node_modules/unicode-match-property-ecmascript
8422 silly ADD node_modules/regjsparser
8423 silly ADD node_modules/regjsgen
8424 silly ADD node_modules/regenerate-unicode-properties
8425 silly ADD node_modules/regenerate
8426 silly ADD node_modules/set-function-name
8427 silly ADD node_modules/typescript
8428 silly ADD node_modules/is-wsl
8429 silly ADD node_modules/is-docker
8430 silly ADD node_modules/define-lazy-prop
8431 silly ADD node_modules/fs-monkey
8432 silly ADD node_modules/binary-extensions
8433 silly ADD node_modules/duplexer
8434 silly ADD node_modules/kind-of
8435 silly ADD node_modules/ini
8436 silly ADD node_modules/global-prefix
8437 silly ADD node_modules/global-prefix/node_modules/which
8438 silly ADD node_modules/readdirp
8439 silly ADD node_modules/is-binary-path
8440 silly ADD node_modules/memfs
8441 silly ADD node_modules/chokidar
8442 silly ADD node_modules/chokidar/node_modules/glob-parent
8443 silly ADD node_modules/shell-quote
8444 silly ADD node_modules/recursive-readdir
8445 silly ADD node_modules/react-error-overlay
8446 silly ADD node_modules/pkg-up
8447 silly ADD node_modules/pkg-up/node_modules/path-exists
8448 silly ADD node_modules/pkg-up/node_modules/p-locate
8449 silly ADD node_modules/pkg-up/node_modules/locate-path
8450 silly ADD node_modules/pkg-up/node_modules/find-up
8451 silly ADD node_modules/open
8452 silly ADD node_modules/is-root
8453 silly ADD node_modules/immer
8454 silly ADD node_modules/gzip-size
8455 silly ADD node_modules/global-modules
8456 silly ADD node_modules/fork-ts-checker-webpack-plugin
8457 silly ADD node_modules/fork-ts-checker-webpack-plugin/node_modules/tapable
8458 silly ADD node_modules/fork-ts-checker-webpack-plugin/node_modules/schema-utils
8459 silly ADD node_modules/fork-ts-checker-webpack-plugin/node_modules/fs-extra
8460 silly ADD node_modules/fork-ts-checker-webpack-plugin/node_modules/cosmiconfig
8461 silly ADD node_modules/filesize
8462 silly ADD node_modules/detect-port-alt
8463 silly ADD node_modules/detect-port-alt/node_modules/ms
8464 silly ADD node_modules/detect-port-alt/node_modules/debug
8465 silly ADD node_modules/address
8466 silly ADD node_modules/performance-now
8467 silly ADD node_modules/asap
8468 silly ADD node_modules/whatwg-fetch
8469 silly ADD node_modules/regenerator-runtime
8470 silly ADD node_modules/raf
8471 silly ADD node_modules/promise
8472 silly ADD node_modules/object-assign
8473 silly ADD node_modules/core-js
8474 silly ADD node_modules/sisteransi
8475 silly ADD node_modules/kleur
8476 silly ADD node_modules/react-is
8477 silly ADD node_modules/ansi-regex
8478 silly ADD node_modules/renderkid
8479 silly ADD node_modules/util-deprecate
8480 silly ADD node_modules/cssesc
8481 silly ADD node_modules/fraction.js
8482 silly ADD node_modules/@csstools/selector-specificity
8483 silly ADD node_modules/postcss-selector-not
8484 silly ADD node_modules/postcss-replace-overflow-wrap
8485 silly ADD node_modules/postcss-pseudo-class-any-link
8486 silly ADD node_modules/postcss-place
8487 silly ADD node_modules/postcss-page-break
8488 silly ADD node_modules/postcss-overflow-shorthand
8489 silly ADD node_modules/postcss-opacity-percentage
8490 silly ADD node_modules/postcss-nesting
8491 silly ADD node_modules/postcss-media-minmax
8492 silly ADD node_modules/postcss-logical
8493 silly ADD node_modules/postcss-lab-function
8494 silly ADD node_modules/postcss-initial
8495 silly ADD node_modules/postcss-image-set-function
8496 silly ADD node_modules/postcss-gap-properties
8497 silly ADD node_modules/postcss-font-variant
8498 silly ADD node_modules/postcss-focus-within
8499 silly ADD node_modules/postcss-focus-visible
8500 silly ADD node_modules/postcss-env-function
8501 silly ADD node_modules/postcss-double-position-gradients
8502 silly ADD node_modules/postcss-dir-pseudo-class
8503 silly ADD node_modules/postcss-custom-selectors
8504 silly ADD node_modules/postcss-custom-properties
8505 silly ADD node_modules/postcss-custom-media
8506 silly ADD node_modules/postcss-color-rebeccapurple
8507 silly ADD node_modules/postcss-color-hex-alpha
8508 silly ADD node_modules/postcss-color-functional-notation
8509 silly ADD node_modules/postcss-clamp
8510 silly ADD node_modules/postcss-attribute-case-insensitive
8511 silly ADD node_modules/cssdb
8512 silly ADD node_modules/css-prefers-color-scheme
8513 silly ADD node_modules/css-has-pseudo
8514 silly ADD node_modules/css-blank-pseudo
8515 silly ADD node_modules/autoprefixer
8516 silly ADD node_modules/@csstools/postcss-unset-value
8517 silly ADD node_modules/@csstools/postcss-trigonometric-functions
8518 silly ADD node_modules/@csstools/postcss-text-decoration-shorthand
8519 silly ADD node_modules/@csstools/postcss-stepped-value-functions
8520 silly ADD node_modules/@csstools/postcss-progressive-custom-properties
8521 silly ADD node_modules/@csstools/postcss-oklab-function
8522 silly ADD node_modules/@csstools/postcss-normalize-display-values
8523 silly ADD node_modules/@csstools/postcss-nested-calc
8524 silly ADD node_modules/@csstools/postcss-is-pseudo-class
8525 silly ADD node_modules/@csstools/postcss-ic-unit
8526 silly ADD node_modules/@csstools/postcss-hwb-function
8527 silly ADD node_modules/@csstools/postcss-font-format-keywords
8528 silly ADD node_modules/@csstools/postcss-color-function
8529 silly ADD node_modules/@csstools/postcss-cascade-layers
8530 silly ADD node_modules/normalize-url
8531 silly ADD node_modules/sanitize.css
8532 silly ADD node_modules/postcss-browser-comments
8533 silly ADD node_modules/@csstools/normalize.css
8534 silly ADD node_modules/stylehacks
8535 silly ADD node_modules/klona
8536 silly ADD node_modules/lodash.uniq
8537 silly ADD node_modules/lodash.memoize
8538 silly ADD node_modules/colord
8539 silly ADD node_modules/caniuse-api
8540 silly ADD node_modules/postcss-selector-parser
8541 silly ADD node_modules/source-map-js
8542 silly ADD node_modules/nanoid
8543 silly ADD node_modules/is-arrayish
8544 silly ADD node_modules/lines-and-columns
8545 silly ADD node_modules/json-parse-even-better-errors
8546 silly ADD node_modules/error-ex
8547 silly ADD node_modules/lower-case
8548 silly ADD node_modules/no-case
8549 silly ADD node_modules/dot-case
8550 silly ADD node_modules/p-try
8551 silly ADD node_modules/p-limit
8552 silly ADD node_modules/word-wrap
8553 silly ADD node_modules/fast-levenshtein
8554 silly ADD node_modules/deep-is
8555 silly ADD node_modules/mimic-fn
8556 silly ADD node_modules/concat-map
8557 silly ADD node_modules/balanced-match
8558 silly ADD node_modules/brace-expansion
8559 silly ADD node_modules/mime-db
8560 silly ADD node_modules/to-regex-range
8561 silly ADD node_modules/fill-range
8562 silly ADD node_modules/braces
8563 silly ADD node_modules/yallist
8564 silly ADD node_modules/p-locate
8565 silly ADD node_modules/emojis-list
8566 silly ADD node_modules/big.js
8567 silly ADD node_modules/type-check
8568 silly ADD node_modules/prelude-ls
8569 silly ADD node_modules/language-subtag-registry
8570 silly ADD node_modules/json-buffer
8571 silly ADD node_modules/underscore
8572 silly ADD node_modules/static-eval
8573 silly ADD node_modules/agent-base
8574 silly ADD node_modules/@tootallnate/once
8575 silly ADD node_modules/delayed-stream
8576 silly ADD node_modules/mime-types
8577 silly ADD node_modules/combined-stream
8578 silly ADD node_modules/asynckit
8579 silly ADD node_modules/acorn-walk
8580 silly ADD node_modules/xml-name-validator
8581 silly ADD node_modules/ws
8582 silly ADD node_modules/whatwg-url
8583 silly ADD node_modules/whatwg-mimetype
8584 silly ADD node_modules/whatwg-encoding
8585 silly ADD node_modules/whatwg-encoding/node_modules/iconv-lite
8586 silly ADD node_modules/webidl-conversions
8587 silly ADD node_modules/w3c-xmlserializer
8588 silly ADD node_modules/w3c-hr-time
8589 silly ADD node_modules/tough-cookie
8590 silly ADD node_modules/tough-cookie/node_modules/universalify
8591 silly ADD node_modules/symbol-tree
8592 silly ADD node_modules/saxes
8593 silly ADD node_modules/parse5
8594 silly ADD node_modules/nwsapi
8595 silly ADD node_modules/is-potential-custom-element-name
8596 silly ADD node_modules/https-proxy-agent
8597 silly ADD node_modules/http-proxy-agent
8598 silly ADD node_modules/html-encoding-sniffer
8599 silly ADD node_modules/form-data
8600 silly ADD node_modules/escodegen
8601 silly ADD node_modules/escodegen/node_modules/source-map
8602 silly ADD node_modules/domexception
8603 silly ADD node_modules/domexception/node_modules/webidl-conversions
8604 silly ADD node_modules/decimal.js
8605 silly ADD node_modules/data-urls
8606 silly ADD node_modules/cssstyle
8607 silly ADD node_modules/cssstyle/node_modules/cssom
8608 silly ADD node_modules/cssom
8609 silly ADD node_modules/acorn-globals
8610 silly ADD node_modules/acorn-globals/node_modules/acorn
8611 silly ADD node_modules/abab
8612 silly ADD node_modules/sprintf-js
8613 silly ADD node_modules/esprima
8614 silly ADD node_modules/argparse
8615 silly ADD node_modules/leven
8616 silly ADD node_modules/@types/prettier
8617 silly ADD node_modules/strip-bom
8618 silly ADD node_modules/cjs-module-lexer
8619 silly ADD node_modules/@jest/globals
8620 silly ADD node_modules/detect-newline
8621 silly ADD node_modules/source-map-support
8622 silly ADD node_modules/source-map-support/node_modules/source-map
8623 silly ADD node_modules/jest-leak-detector
8624 silly ADD node_modules/jest-docblock
8625 silly ADD node_modules/resolve.exports
8626 silly ADD node_modules/jest-pnp-resolver
8627 silly ADD node_modules/@types/stack-utils
8628 silly ADD node_modules/diff-sequences
8629 silly ADD node_modules/jest-diff
8630 silly ADD node_modules/callsites
8631 silly ADD node_modules/@jest/source-map
8632 silly ADD node_modules/@jest/source-map/node_modules/source-map
8633 silly ADD node_modules/node-int64
8634 silly ADD node_modules/bser
8635 silly ADD node_modules/picomatch
8636 silly ADD node_modules/walker
8637 silly ADD node_modules/jest-serializer
8638 silly ADD node_modules/fb-watchman
8639 silly ADD node_modules/anymatch
8640 silly ADD node_modules/@types/graceful-fs
8641 silly ADD node_modules/jsdom
8642 silly ADD node_modules/type-detect
8643 silly ADD node_modules/@sinonjs/commons
8644 silly ADD node_modules/@sinonjs/fake-timers
8645 silly ADD node_modules/jest-mock
8646 silly ADD node_modules/@jest/fake-timers
8647 silly ADD node_modules/stack-utils
8648 silly ADD node_modules/stack-utils/node_modules/escape-string-regexp
8649 silly ADD node_modules/jest-matcher-utils
8650 silly ADD node_modules/jest-each
8651 silly ADD node_modules/is-generator-fn
8652 silly ADD node_modules/expect
8653 silly ADD node_modules/dedent
8654 silly ADD node_modules/co
8655 silly ADD node_modules/@jest/environment
8656 silly ADD node_modules/pretty-format
8657 silly ADD node_modules/pretty-format/node_modules/ansi-styles
8658 silly ADD node_modules/jest-jasmine2
8659 silly ADD node_modules/jest-get-type
8660 silly ADD node_modules/jest-environment-node
8661 silly ADD node_modules/jest-environment-jsdom
8662 silly ADD node_modules/jest-circus
8663 silly ADD node_modules/ci-info
8664 silly ADD node_modules/@jest/test-sequencer
8665 silly ADD node_modules/yargs
8666 silly ADD node_modules/strip-final-newline
8667 silly ADD node_modules/signal-exit
8668 silly ADD node_modules/onetime
8669 silly ADD node_modules/npm-run-path
8670 silly ADD node_modules/merge-stream
8671 silly ADD node_modules/is-stream
8672 silly ADD node_modules/human-signals
8673 silly ADD node_modules/get-stream
8674 silly ADD node_modules/throat
8675 silly ADD node_modules/execa
8676 silly ADD node_modules/html-escaper
8677 silly ADD node_modules/wrappy
8678 silly ADD node_modules/resolve-cwd
8679 silly ADD node_modules/path-is-absolute
8680 silly ADD node_modules/once
8681 silly ADD node_modules/inherits
8682 silly ADD node_modules/inflight
8683 silly ADD node_modules/fs.realpath
8684 silly ADD node_modules/v8-to-istanbul
8685 silly ADD node_modules/v8-to-istanbul/node_modules/convert-source-map
8686 silly ADD node_modules/terminal-link
8687 silly ADD node_modules/string-length
8688 silly ADD node_modules/istanbul-reports
8689 silly ADD node_modules/istanbul-lib-source-maps
8690 silly ADD node_modules/istanbul-lib-source-maps/node_modules/source-map
8691 silly ADD node_modules/istanbul-lib-report
8692 silly ADD node_modules/istanbul-lib-report/node_modules/make-dir
8693 silly ADD node_modules/glob
8694 silly ADD node_modules/collect-v8-coverage
8695 silly ADD node_modules/@bcoe/v8-coverage
8696 silly ADD node_modules/jest-watcher
8697 silly ADD node_modules/jest-validate
8698 silly ADD node_modules/jest-snapshot
8699 silly ADD node_modules/jest-runtime
8700 silly ADD node_modules/jest-runner
8701 silly ADD node_modules/jest-resolve-dependencies
8702 silly ADD node_modules/jest-message-util
8703 silly ADD node_modules/jest-config
8704 silly ADD node_modules/jest-changed-files
8705 silly ADD node_modules/exit
8706 silly ADD node_modules/emittery
8707 silly ADD node_modules/ansi-escapes
8708 silly ADD node_modules/ansi-escapes/node_modules/type-fest
8709 silly ADD node_modules/@jest/test-result
8710 silly ADD node_modules/@jest/reporters
8711 silly ADD node_modules/@jest/reporters/node_modules/source-map
8712 silly ADD node_modules/@jest/console
8713 silly ADD node_modules/jest-cli
8714 silly ADD node_modules/import-local
8715 silly ADD node_modules/@jest/core
8716 silly ADD node_modules/istanbul-lib-coverage
8717 silly ADD node_modules/is-extglob
8718 silly ADD node_modules/side-channel
8719 silly ADD node_modules/parent-module
8720 silly ADD node_modules/harmony-reflect
8721 silly ADD node_modules/tslib
8722 silly ADD node_modules/pascal-case
8723 silly ADD node_modules/terser
8724 silly ADD node_modules/terser/node_modules/commander
8725 silly ADD node_modules/relateurl
8726 silly ADD node_modules/param-case
8727 silly ADD node_modules/he
8728 silly ADD node_modules/commander
8729 silly ADD node_modules/clean-css
8730 silly ADD node_modules/clean-css/node_modules/source-map
8731 silly ADD node_modules/camel-case
8732 silly ADD node_modules/tapable
8733 silly ADD node_modules/pretty-error
8734 silly ADD node_modules/html-minifier-terser
8735 silly ADD node_modules/@types/html-minifier-terser
8736 silly ADD node_modules/merge2
8737 silly ADD node_modules/fast-glob
8738 silly ADD node_modules/fast-glob/node_modules/glob-parent
8739 silly ADD node_modules/dir-glob
8740 silly ADD node_modules/array-union
8741 silly ADD node_modules/type-fest
8742 silly ADD node_modules/dunder-proto
8743 silly ADD node_modules/functions-have-names
8744 silly ADD node_modules/universalify
8745 silly ADD node_modules/jsonfile
8746 silly ADD node_modules/rimraf
8747 silly ADD node_modules/keyv
8748 silly ADD node_modules/flatted
8749 silly ADD node_modules/path-exists
8750 silly ADD node_modules/locate-path
8751 silly ADD node_modules/pkg-dir
8752 silly ADD node_modules/commondir
8753 silly ADD node_modules/flat-cache
8754 silly ADD node_modules/reusify
8755 silly ADD node_modules/acorn-jsx
8756 silly ADD node_modules/acorn
8757 silly ADD node_modules/@types/estree
8758 silly ADD node_modules/normalize-path
8759 silly ADD node_modules/@types/eslint
8760 silly ADD node_modules/estraverse
8761 silly ADD node_modules/esrecurse
8762 silly ADD node_modules/string.prototype.includes
8763 silly ADD node_modules/language-tags
8764 silly ADD node_modules/jsx-ast-utils
8765 silly ADD node_modules/emoji-regex
8766 silly ADD node_modules/damerau-levenshtein
8767 silly ADD node_modules/axobject-query
8768 silly ADD node_modules/axe-core
8769 silly ADD node_modules/ast-types-flow
8770 silly ADD node_modules/aria-query
8771 silly ADD node_modules/@typescript-eslint/experimental-utils
8772 silly ADD node_modules/is-symbol
8773 silly ADD node_modules/is-date-object
8774 silly ADD node_modules/has-tostringtag
8775 silly ADD node_modules/possible-typed-array-names
8776 silly ADD node_modules/which-typed-array
8777 silly ADD node_modules/unbox-primitive
8778 silly ADD node_modules/typed-array-length
8779 silly ADD node_modules/typed-array-byte-offset
8780 silly ADD node_modules/typed-array-byte-length
8781 silly ADD node_modules/typed-array-buffer
8782 silly ADD node_modules/string.prototype.trimstart
8783 silly ADD node_modules/string.prototype.trim
8784 silly ADD node_modules/stop-iteration-iterator
8785 silly ADD node_modules/set-proto
8786 silly ADD node_modules/safe-regex-test
8787 silly ADD node_modules/safe-push-apply
8788 silly ADD node_modules/safe-array-concat
8789 silly ADD node_modules/regexp.prototype.flags
8790 silly ADD node_modules/own-keys
8791 silly ADD node_modules/object.assign
8792 silly ADD node_modules/object-inspect
8793 silly ADD node_modules/is-weakref
8794 silly ADD node_modules/is-typed-array
8795 silly ADD node_modules/is-shared-array-buffer
8796 silly ADD node_modules/is-set
8797 silly ADD node_modules/is-regex
8798 silly ADD node_modules/is-negative-zero
8799 silly ADD node_modules/is-data-view
8800 silly ADD node_modules/is-callable
8801 silly ADD node_modules/is-array-buffer
8802 silly ADD node_modules/internal-slot
8803 silly ADD node_modules/has-symbols
8804 silly ADD node_modules/has-proto
8805 silly ADD node_modules/globalthis
8806 silly ADD node_modules/get-symbol-description
8807 silly ADD node_modules/get-proto
8808 silly ADD node_modules/function.prototype.name
8809 silly ADD node_modules/es-to-primitive
8810 silly ADD node_modules/es-set-tostringtag
8811 silly ADD node_modules/data-view-byte-offset
8812 silly ADD node_modules/data-view-byte-length
8813 silly ADD node_modules/data-view-buffer
8814 silly ADD node_modules/available-typed-arrays
8815 silly ADD node_modules/arraybuffer.prototype.slice
8816 silly ADD node_modules/array-buffer-byte-length
8817 silly ADD node_modules/gopd
8818 silly ADD node_modules/object-keys
8819 silly ADD node_modules/has-property-descriptors
8820 silly ADD node_modules/define-data-property
8821 silly ADD node_modules/function-bind
8822 silly ADD node_modules/set-function-length
8823 silly ADD node_modules/es-define-property
8824 silly ADD node_modules/call-bind-apply-helpers
8825 silly ADD node_modules/es-shim-unscopables
8826 silly ADD node_modules/es-errors
8827 silly ADD node_modules/math-intrinsics
8828 silly ADD node_modules/is-string
8829 silly ADD node_modules/get-intrinsic
8830 silly ADD node_modules/es-object-atoms
8831 silly ADD node_modules/es-abstract
8832 silly ADD node_modules/define-properties
8833 silly ADD node_modules/call-bound
8834 silly ADD node_modules/call-bind
8835 silly ADD node_modules/tsconfig-paths
8836 silly ADD node_modules/tsconfig-paths/node_modules/strip-bom
8837 silly ADD node_modules/tsconfig-paths/node_modules/json5
8838 silly ADD node_modules/string.prototype.trimend
8839 silly ADD node_modules/object.values
8840 silly ADD node_modules/object.groupby
8841 silly ADD node_modules/object.fromentries
8842 silly ADD node_modules/is-core-module
8843 silly ADD node_modules/hasown
8844 silly ADD node_modules/eslint-module-utils
8845 silly ADD node_modules/eslint-module-utils/node_modules/debug
8846 silly ADD node_modules/array.prototype.flatmap
8847 silly ADD node_modules/array.prototype.flat
8848 silly ADD node_modules/array.prototype.findlastindex
8849 silly ADD node_modules/array-includes
8850 silly ADD node_modules/@rtsao/scc
8851 silly ADD node_modules/string-natural-compare
8852 silly ADD node_modules/lodash
8853 silly ADD node_modules/@types/semver
8854 silly ADD node_modules/@types/json-schema
8855 silly ADD node_modules/globby
8856 silly ADD node_modules/@typescript-eslint/visitor-keys
8857 silly ADD node_modules/@typescript-eslint/typescript-estree
8858 silly ADD node_modules/@typescript-eslint/types
8859 silly ADD node_modules/tsutils
8860 silly ADD node_modules/tsutils/node_modules/tslib
8861 silly ADD node_modules/natural-compare-lite
8862 silly ADD node_modules/@typescript-eslint/utils
8863 silly ADD node_modules/@typescript-eslint/utils/node_modules/estraverse
8864 silly ADD node_modules/@typescript-eslint/utils/node_modules/eslint-scope
8865 silly ADD node_modules/@typescript-eslint/type-utils
8866 silly ADD node_modules/@typescript-eslint/scope-manager
8867 silly ADD node_modules/@nicolo-ribaudo/eslint-scope-5-internals
8868 silly ADD node_modules/@nicolo-ribaudo/eslint-scope-5-internals/node_modules/estraverse
8869 silly ADD node_modules/@nicolo-ribaudo/eslint-scope-5-internals/node_modules/eslint-scope
8870 silly ADD node_modules/eslint-plugin-testing-library
8871 silly ADD node_modules/eslint-plugin-react-hooks
8872 silly ADD node_modules/eslint-plugin-jsx-a11y
8873 silly ADD node_modules/eslint-plugin-jest
8874 silly ADD node_modules/eslint-plugin-import
8875 silly ADD node_modules/eslint-plugin-import/node_modules/resolve
8876 silly ADD node_modules/eslint-plugin-import/node_modules/semver
8877 silly ADD node_modules/eslint-plugin-import/node_modules/eslint-import-resolver-node
8878 silly ADD node_modules/eslint-plugin-import/node_modules/doctrine
8879 silly ADD node_modules/eslint-plugin-import/node_modules/debug
8880 silly ADD node_modules/eslint-plugin-flowtype
8881 silly ADD node_modules/confusing-browser-globals
8882 silly ADD node_modules/@typescript-eslint/parser
8883 silly ADD node_modules/@typescript-eslint/eslint-plugin
8884 silly ADD node_modules/@rushstack/eslint-patch
8885 silly ADD node_modules/@babel/eslint-parser
8886 silly ADD node_modules/@babel/eslint-parser/node_modules/semver
8887 silly ADD node_modules/@babel/eslint-parser/node_modules/eslint-visitor-keys
8888 silly ADD node_modules/which
8889 silly ADD node_modules/shebang-command
8890 silly ADD node_modules/path-key
8891 silly ADD node_modules/uri-js
8892 silly ADD node_modules/json-schema-traverse
8893 silly ADD node_modules/run-parallel
8894 silly ADD node_modules/@nodelib/fs.stat
8895 silly ADD node_modules/fastq
8896 silly ADD node_modules/@nodelib/fs.scandir
8897 silly ADD node_modules/@humanwhocodes/object-schema
8898 silly ADD node_modules/strip-json-comments
8899 silly ADD node_modules/text-table
8900 silly ADD node_modules/strip-ansi
8901 silly ADD node_modules/optionator
8902 silly ADD node_modules/natural-compare
8903 silly ADD node_modules/minimatch
8904 silly ADD node_modules/lodash.merge
8905 silly ADD node_modules/levn
8906 silly ADD node_modules/json-stable-stringify-without-jsonify
8907 silly ADD node_modules/is-path-inside
8908 silly ADD node_modules/is-glob
8909 silly ADD node_modules/imurmurhash
8910 silly ADD node_modules/ignore
8911 silly ADD node_modules/graphemer
8912 silly ADD node_modules/globals
8913 silly ADD node_modules/glob-parent
8914 silly ADD node_modules/file-entry-cache
8915 silly ADD node_modules/fast-deep-equal
8916 silly ADD node_modules/esquery
8917 silly ADD node_modules/espree
8918 silly ADD node_modules/eslint-visitor-keys
8919 silly ADD node_modules/eslint-scope
8920 silly ADD node_modules/escape-string-regexp
8921 silly ADD node_modules/doctrine
8922 silly ADD node_modules/cross-spawn
8923 silly ADD node_modules/ajv
8924 silly ADD node_modules/@ungap/structured-clone
8925 silly ADD node_modules/@nodelib/fs.walk
8926 silly ADD node_modules/@humanwhocodes/module-importer
8927 silly ADD node_modules/@humanwhocodes/config-array
8928 silly ADD node_modules/@eslint/js
8929 silly ADD node_modules/@eslint/eslintrc
8930 silly ADD node_modules/@eslint/eslintrc/node_modules/argparse
8931 silly ADD node_modules/@eslint/eslintrc/node_modules/js-yaml
8932 silly ADD node_modules/@eslint-community/regexpp
8933 silly ADD node_modules/@eslint-community/eslint-utils
8934 silly ADD node_modules/stackframe
8935 silly ADD node_modules/ms
8936 silly ADD node_modules/postcss-unique-selectors
8937 silly ADD node_modules/postcss-svgo
8938 silly ADD node_modules/postcss-svgo/node_modules/source-map
8939 silly ADD node_modules/postcss-svgo/node_modules/mdn-data
8940 silly ADD node_modules/postcss-svgo/node_modules/sax
8941 silly ADD node_modules/postcss-svgo/node_modules/css-tree
8942 silly ADD node_modules/postcss-svgo/node_modules/commander
8943 silly ADD node_modules/postcss-svgo/node_modules/svgo
8944 silly ADD node_modules/postcss-reduce-transforms
8945 silly ADD node_modules/postcss-reduce-initial
8946 silly ADD node_modules/postcss-ordered-values
8947 silly ADD node_modules/postcss-normalize-whitespace
8948 silly ADD node_modules/postcss-normalize-url
8949 silly ADD node_modules/postcss-normalize-unicode
8950 silly ADD node_modules/postcss-normalize-timing-functions
8951 silly ADD node_modules/postcss-normalize-string
8952 silly ADD node_modules/postcss-normalize-repeat-style
8953 silly ADD node_modules/postcss-normalize-positions
8954 silly ADD node_modules/postcss-normalize-display-values
8955 silly ADD node_modules/postcss-normalize-charset
8956 silly ADD node_modules/postcss-minify-selectors
8957 silly ADD node_modules/postcss-minify-params
8958 silly ADD node_modules/postcss-minify-gradients
8959 silly ADD node_modules/postcss-minify-font-values
8960 silly ADD node_modules/postcss-merge-rules
8961 silly ADD node_modules/postcss-merge-longhand
8962 silly ADD node_modules/postcss-discard-overridden
8963 silly ADD node_modules/postcss-discard-empty
8964 silly ADD node_modules/postcss-discard-duplicates
8965 silly ADD node_modules/postcss-discard-comments
8966 silly ADD node_modules/postcss-convert-values
8967 silly ADD node_modules/postcss-colormin
8968 silly ADD node_modules/postcss-calc
8969 silly ADD node_modules/cssnano-utils
8970 silly ADD node_modules/css-declaration-sorter
8971 silly ADD node_modules/lilconfig
8972 silly ADD node_modules/cssnano-preset-default
8973 silly ADD node_modules/serialize-javascript
8974 silly ADD node_modules/jest-worker
8975 silly ADD node_modules/jest-worker/node_modules/supports-color
8976 silly ADD node_modules/cssnano
8977 silly ADD node_modules/postcss-value-parser
8978 silly ADD node_modules/postcss-modules-values
8979 silly ADD node_modules/postcss-modules-scope
8980 silly ADD node_modules/postcss-modules-scope/node_modules/postcss-selector-parser
8981 silly ADD node_modules/postcss-modules-local-by-default
8982 silly ADD node_modules/postcss-modules-local-by-default/node_modules/postcss-selector-parser
8983 silly ADD node_modules/postcss-modules-extract-imports
8984 silly ADD node_modules/icss-utils
8985 silly ADD node_modules/yaml
8986 silly ADD node_modules/path-type
8987 silly ADD node_modules/parse-json
8988 silly ADD node_modules/import-fresh
8989 silly ADD node_modules/import-fresh/node_modules/resolve-from
8990 silly ADD node_modules/@types/parse-json
8991 silly ADD node_modules/color-name
8992 silly ADD node_modules/color-convert
8993 silly ADD node_modules/supports-color
8994 silly ADD node_modules/ansi-styles
8995 silly ADD node_modules/update-browserslist-db
8996 silly ADD node_modules/node-releases
8997 silly ADD node_modules/electron-to-chromium
8998 silly ADD node_modules/caniuse-lite
8999 silly ADD node_modules/baseline-browser-mapping
9000 silly ADD node_modules/tryer
9001 silly ADD node_modules/jsonpath
9002 silly ADD node_modules/jsonpath/node_modules/esprima
9003 silly ADD node_modules/hoopy
9004 silly ADD node_modules/check-types
9005 silly ADD node_modules/bluebird
9006 silly ADD node_modules/@babel/plugin-syntax-typescript
9007 silly ADD node_modules/@babel/plugin-transform-typescript
9008 silly ADD node_modules/@babel/plugin-syntax-flow
9009 silly ADD node_modules/@babel/plugin-syntax-decorators
9010 silly ADD node_modules/babel-plugin-transform-react-remove-prop-types
9011 silly ADD node_modules/babel-plugin-macros
9012 silly ADD node_modules/@babel/runtime
9013 silly ADD node_modules/@babel/preset-typescript
9014 silly ADD node_modules/@babel/plugin-transform-runtime
9015 silly ADD node_modules/@babel/plugin-transform-runtime/node_modules/semver
9016 silly ADD node_modules/@babel/plugin-transform-runtime/node_modules/babel-plugin-polyfill-corejs3
9017 silly ADD node_modules/@babel/plugin-transform-flow-strip-types
9018 silly ADD node_modules/@babel/plugin-proposal-private-methods
9019 silly ADD node_modules/@babel/plugin-proposal-optional-chaining
9020 silly ADD node_modules/@babel/plugin-proposal-numeric-separator
9021 silly ADD node_modules/@babel/plugin-proposal-nullish-coalescing-operator
9022 silly ADD node_modules/@babel/plugin-proposal-decorators
9023 silly ADD node_modules/@babel/plugin-proposal-class-properties
9024 silly ADD node_modules/@babel/plugin-syntax-top-level-await
9025 silly ADD node_modules/@babel/plugin-syntax-private-property-in-object
9026 silly ADD node_modules/@babel/plugin-syntax-optional-chaining
9027 silly ADD node_modules/@babel/plugin-syntax-optional-catch-binding
9028 silly ADD node_modules/@babel/plugin-syntax-object-rest-spread
9029 silly ADD node_modules/@babel/plugin-syntax-numeric-separator
9030 silly ADD node_modules/@babel/plugin-syntax-nullish-coalescing-operator
9031 silly ADD node_modules/@babel/plugin-syntax-logical-assignment-operators
9032 silly ADD node_modules/@babel/plugin-syntax-json-strings
9033 silly ADD node_modules/@babel/plugin-syntax-import-meta
9034 silly ADD node_modules/@babel/plugin-syntax-class-static-block
9035 silly ADD node_modules/@babel/plugin-syntax-class-properties
9036 silly ADD node_modules/@babel/plugin-syntax-bigint
9037 silly ADD node_modules/@babel/plugin-syntax-async-generators
9038 silly ADD node_modules/babel-preset-current-node-syntax
9039 silly ADD node_modules/babel-plugin-jest-hoist
9040 silly ADD node_modules/lodash.debounce
9041 silly ADD node_modules/@babel/helper-define-polyfill-provider
9042 silly ADD node_modules/resolve-from
9043 silly ADD node_modules/js-yaml
9044 silly ADD node_modules/get-package-type
9045 silly ADD node_modules/find-up
9046 silly ADD node_modules/test-exclude
9047 silly ADD node_modules/istanbul-lib-instrument
9048 silly ADD node_modules/istanbul-lib-instrument/node_modules/semver
9049 silly ADD node_modules/@istanbuljs/schema
9050 silly ADD node_modules/@istanbuljs/load-nyc-config
9051 silly ADD node_modules/@istanbuljs/load-nyc-config/node_modules/camelcase
9052 silly ADD node_modules/make-dir
9053 silly ADD node_modules/make-dir/node_modules/semver
9054 silly ADD node_modules/find-cache-dir
9055 silly ADD node_modules/@types/yargs-parser
9056 silly ADD node_modules/undici-types
9057 silly ADD node_modules/@types/istanbul-lib-report
9058 silly ADD node_modules/@types/babel__traverse
9059 silly ADD node_modules/@types/babel__template
9060 silly ADD node_modules/@types/babel__generator
9061 silly ADD node_modules/@types/yargs
9062 silly ADD node_modules/@types/node
9063 silly ADD node_modules/@types/istanbul-reports
9064 silly ADD node_modules/@types/istanbul-lib-coverage
9065 silly ADD node_modules/write-file-atomic
9066 silly ADD node_modules/pirates
9067 silly ADD node_modules/micromatch
9068 silly ADD node_modules/jest-util
9069 silly ADD node_modules/jest-regex-util
9070 silly ADD node_modules/jest-haste-map
9071 silly ADD node_modules/fast-json-stable-stringify
9072 silly ADD node_modules/slash
9073 silly ADD node_modules/graceful-fs
9074 silly ADD node_modules/chalk
9075 silly ADD node_modules/babel-preset-jest
9076 silly ADD node_modules/babel-plugin-istanbul
9077 silly ADD node_modules/@types/babel__core
9078 silly ADD node_modules/@jest/types
9079 silly ADD node_modules/@jest/transform
9080 silly ADD node_modules/@jest/transform/node_modules/source-map
9081 silly ADD node_modules/@jest/transform/node_modules/convert-source-map
9082 silly ADD node_modules/svgo
9083 silly ADD node_modules/svgo/node_modules/has-flag
9084 silly ADD node_modules/svgo/node_modules/dom-serializer
9085 silly ADD node_modules/svgo/node_modules/nth-check
9086 silly ADD node_modules/svgo/node_modules/domutils
9087 silly ADD node_modules/svgo/node_modules/domutils/node_modules/domelementtype
9088 silly ADD node_modules/svgo/node_modules/css-what
9089 silly ADD node_modules/svgo/node_modules/color-name
9090 silly ADD node_modules/svgo/node_modules/color-convert
9091 silly ADD node_modules/svgo/node_modules/supports-color
9092 silly ADD node_modules/svgo/node_modules/escape-string-regexp
9093 silly ADD node_modules/svgo/node_modules/ansi-styles
9094 silly ADD node_modules/svgo/node_modules/css-select
9095 silly ADD node_modules/svgo/node_modules/chalk
9096 silly ADD node_modules/deepmerge
9097 silly ADD node_modules/@svgr/babel-plugin-transform-svg-component
9098 silly ADD node_modules/@svgr/babel-plugin-transform-react-native-svg
9099 silly ADD node_modules/@svgr/babel-plugin-svg-em-dimensions
9100 silly ADD node_modules/@svgr/babel-plugin-svg-dynamic-title
9101 silly ADD node_modules/@svgr/babel-plugin-replace-jsx-attribute-value
9102 silly ADD node_modules/@svgr/babel-plugin-remove-jsx-empty-expression
9103 silly ADD node_modules/@svgr/babel-plugin-remove-jsx-attribute
9104 silly ADD node_modules/@svgr/babel-plugin-add-jsx-attribute
9105 silly ADD node_modules/svg-parser
9106 silly ADD node_modules/@svgr/hast-util-to-babel-ast
9107 silly ADD node_modules/@svgr/babel-preset
9108 silly ADD node_modules/cosmiconfig
9109 silly ADD node_modules/@babel/plugin-syntax-jsx
9110 silly ADD node_modules/@babel/plugin-transform-react-pure-annotations
9111 silly ADD node_modules/@babel/plugin-transform-react-jsx-development
9112 silly ADD node_modules/@babel/plugin-transform-react-jsx
9113 silly ADD node_modules/@babel/plugin-transform-react-display-name
9114 silly ADD node_modules/esutils
9115 silly ADD node_modules/@babel/helper-replace-supers
9116 silly ADD node_modules/@babel/helper-optimise-call-expression
9117 silly ADD node_modules/@babel/helper-member-expression-to-functions
9118 silly ADD node_modules/@babel/helper-create-class-features-plugin
9119 silly ADD node_modules/@babel/helper-create-class-features-plugin/node_modules/semver
9120 silly ADD node_modules/@babel/helper-wrap-function
9121 silly ADD node_modules/@babel/helper-remap-async-to-generator
9122 silly ADD node_modules/regexpu-core
9123 silly ADD node_modules/@babel/helper-annotate-as-pure
9124 silly ADD node_modules/@babel/helper-create-regexp-features-plugin
9125 silly ADD node_modules/@babel/helper-create-regexp-features-plugin/node_modules/semver
9126 silly ADD node_modules/@babel/helper-skip-transparent-expression-wrappers
9127 silly ADD node_modules/core-js-compat
9128 silly ADD node_modules/babel-plugin-polyfill-regenerator
9129 silly ADD node_modules/babel-plugin-polyfill-corejs3
9130 silly ADD node_modules/babel-plugin-polyfill-corejs2
9131 silly ADD node_modules/babel-plugin-polyfill-corejs2/node_modules/semver
9132 silly ADD node_modules/@babel/preset-modules
9133 silly ADD node_modules/@babel/plugin-transform-unicode-sets-regex
9134 silly ADD node_modules/@babel/plugin-transform-unicode-regex
9135 silly ADD node_modules/@babel/plugin-transform-unicode-property-regex
9136 silly ADD node_modules/@babel/plugin-transform-unicode-escapes
9137 silly ADD node_modules/@babel/plugin-transform-typeof-symbol
9138 silly ADD node_modules/@babel/plugin-transform-template-literals
9139 silly ADD node_modules/@babel/plugin-transform-sticky-regex
9140 silly ADD node_modules/@babel/plugin-transform-spread
9141 silly ADD node_modules/@babel/plugin-transform-shorthand-properties
9142 silly ADD node_modules/@babel/plugin-transform-reserved-words
9143 silly ADD node_modules/@babel/plugin-transform-regexp-modifiers
9144 silly ADD node_modules/@babel/plugin-transform-regenerator
9145 silly ADD node_modules/@babel/plugin-transform-property-literals
9146 silly ADD node_modules/@babel/plugin-transform-private-property-in-object
9147 silly ADD node_modules/@babel/plugin-transform-private-methods
9148 silly ADD node_modules/@babel/plugin-transform-parameters
9149 silly ADD node_modules/@babel/plugin-transform-optional-chaining
9150 silly ADD node_modules/@babel/plugin-transform-optional-catch-binding
9151 silly ADD node_modules/@babel/plugin-transform-object-super
9152 silly ADD node_modules/@babel/plugin-transform-object-rest-spread
9153 silly ADD node_modules/@babel/plugin-transform-numeric-separator
9154 silly ADD node_modules/@babel/plugin-transform-nullish-coalescing-operator
9155 silly ADD node_modules/@babel/plugin-transform-new-target
9156 silly ADD node_modules/@babel/plugin-transform-named-capturing-groups-regex
9157 silly ADD node_modules/@babel/plugin-transform-modules-umd
9158 silly ADD node_modules/@babel/plugin-transform-modules-systemjs
9159 silly ADD node_modules/@babel/plugin-transform-modules-commonjs
9160 silly ADD node_modules/@babel/plugin-transform-modules-amd
9161 silly ADD node_modules/@babel/plugin-transform-member-expression-literals
9162 silly ADD node_modules/@babel/plugin-transform-logical-assignment-operators
9163 silly ADD node_modules/@babel/plugin-transform-literals
9164 silly ADD node_modules/@babel/plugin-transform-json-strings
9165 silly ADD node_modules/@babel/plugin-transform-function-name
9166 silly ADD node_modules/@babel/plugin-transform-for-of
9167 silly ADD node_modules/@babel/plugin-transform-export-namespace-from
9168 silly ADD node_modules/@babel/plugin-transform-exponentiation-operator
9169 silly ADD node_modules/@babel/plugin-transform-explicit-resource-management
9170 silly ADD node_modules/@babel/plugin-transform-dynamic-import
9171 silly ADD node_modules/@babel/plugin-transform-duplicate-named-capturing-groups-regex
9172 silly ADD node_modules/@babel/plugin-transform-duplicate-keys
9173 silly ADD node_modules/@babel/plugin-transform-dotall-regex
9174 silly ADD node_modules/@babel/plugin-transform-destructuring
9175 silly ADD node_modules/@babel/plugin-transform-computed-properties
9176 silly ADD node_modules/@babel/plugin-transform-classes
9177 silly ADD node_modules/@babel/plugin-transform-class-static-block
9178 silly ADD node_modules/@babel/plugin-transform-class-properties
9179 silly ADD node_modules/@babel/plugin-transform-block-scoping
9180 silly ADD node_modules/@babel/plugin-transform-block-scoped-functions
9181 silly ADD node_modules/@babel/plugin-transform-async-to-generator
9182 silly ADD node_modules/@babel/plugin-transform-async-generator-functions
9183 silly ADD node_modules/@babel/plugin-transform-arrow-functions
9184 silly ADD node_modules/@babel/plugin-syntax-unicode-sets-regex
9185 silly ADD node_modules/@babel/plugin-syntax-import-attributes
9186 silly ADD node_modules/@babel/plugin-syntax-import-assertions
9187 silly ADD node_modules/@babel/plugin-proposal-private-property-in-object
9188 silly ADD node_modules/@babel/plugin-bugfix-v8-static-class-fields-redefine-readonly
9189 silly ADD node_modules/@babel/plugin-bugfix-v8-spread-parameters-in-optional-chaining
9190 silly ADD node_modules/@babel/plugin-bugfix-safari-id-destructuring-collision-in-function-expression
9191 silly ADD node_modules/@babel/plugin-bugfix-safari-class-field-initializer-scope
9192 silly ADD node_modules/@babel/plugin-bugfix-firefox-class-in-computed-class-key
9193 silly ADD node_modules/@babel/helper-plugin-utils
9194 silly ADD node_modules/@svgr/plugin-svgo
9195 silly ADD node_modules/@svgr/plugin-jsx
9196 silly ADD node_modules/@svgr/core
9197 silly ADD node_modules/@babel/preset-react
9198 silly ADD node_modules/@babel/preset-env
9199 silly ADD node_modules/@babel/preset-env/node_modules/semver
9200 silly ADD node_modules/@babel/plugin-transform-react-constant-elements
9201 silly ADD node_modules/source-map
9202 silly ADD node_modules/schema-utils
9203 silly ADD node_modules/schema-utils/node_modules/json-schema-traverse
9204 silly ADD node_modules/schema-utils/node_modules/ajv-keywords
9205 silly ADD node_modules/schema-utils/node_modules/ajv
9206 silly ADD node_modules/loader-utils
9207 silly ADD node_modules/html-entities
9208 silly ADD node_modules/error-stack-parser
9209 silly ADD node_modules/core-js-pure
9210 silly ADD node_modules/ansi-html
9211 silly ADD node_modules/@jridgewell/resolve-uri
9212 silly ADD node_modules/@jridgewell/sourcemap-codec
9213 silly ADD node_modules/@babel/helper-string-parser
9214 silly ADD node_modules/@babel/helper-globals
9215 silly ADD node_modules/@babel/helper-module-imports
9216 silly ADD node_modules/lru-cache
9217 silly ADD node_modules/@babel/helper-validator-option
9218 silly ADD node_modules/@babel/compat-data
9219 silly ADD node_modules/jsesc
9220 silly ADD node_modules/@jridgewell/trace-mapping
9221 silly ADD node_modules/@jridgewell/gen-mapping
9222 silly ADD node_modules/picocolors
9223 silly ADD node_modules/@babel/helper-validator-identifier
9224 silly ADD node_modules/json5
9225 silly ADD node_modules/gensync
9226 silly ADD node_modules/debug
9227 silly ADD node_modules/convert-source-map
9228 silly ADD node_modules/@jridgewell/remapping
9229 silly ADD node_modules/@babel/types
9230 silly ADD node_modules/@babel/traverse
9231 silly ADD node_modules/@babel/template
9232 silly ADD node_modules/@babel/parser
9233 silly ADD node_modules/@babel/helpers
9234 silly ADD node_modules/@babel/helper-module-transforms
9235 silly ADD node_modules/@babel/helper-compilation-targets
9236 silly ADD node_modules/@babel/helper-compilation-targets/node_modules/semver
9237 silly ADD node_modules/@babel/generator
9238 silly ADD node_modules/@babel/code-frame
9239 silly ADD node_modules/workbox-webpack-plugin
9240 silly ADD node_modules/workbox-webpack-plugin/node_modules/source-map
9241 silly ADD node_modules/workbox-webpack-plugin/node_modules/webpack-sources
9242 silly ADD node_modules/webpack-manifest-plugin
9243 silly ADD node_modules/webpack-manifest-plugin/node_modules/source-map
9244 silly ADD node_modules/webpack-manifest-plugin/node_modules/webpack-sources
9245 silly ADD node_modules/webpack-dev-server
9246 silly ADD node_modules/webpack-dev-server/node_modules/ws
9247 silly ADD node_modules/terser-webpack-plugin
9248 silly ADD node_modules/tailwindcss
9249 silly ADD node_modules/tailwindcss/node_modules/postcss-load-config
9250 silly ADD node_modules/tailwindcss/node_modules/lilconfig
9251 silly ADD node_modules/style-loader
9252 silly ADD node_modules/source-map-loader
9253 silly ADD node_modules/semver
9254 silly ADD node_modules/sass-loader
9255 silly ADD node_modules/resolve-url-loader
9256 silly ADD node_modules/resolve-url-loader/node_modules/picocolors
9257 silly ADD node_modules/resolve-url-loader/node_modules/source-map
9258 silly ADD node_modules/resolve-url-loader/node_modules/postcss
9259 silly ADD node_modules/resolve-url-loader/node_modules/convert-source-map
9260 silly ADD node_modules/resolve
9261 silly ADD node_modules/react-dev-utils
9262 silly ADD node_modules/react-dev-utils/node_modules/p-limit
9263 silly ADD node_modules/react-dev-utils/node_modules/p-locate
9264 silly ADD node_modules/react-dev-utils/node_modules/locate-path
9265 silly ADD node_modules/react-dev-utils/node_modules/loader-utils
9266 silly ADD node_modules/react-dev-utils/node_modules/find-up
9267 silly ADD node_modules/react-app-polyfill
9268 silly ADD node_modules/prompts
9269 silly ADD node_modules/postcss-preset-env
9270 silly ADD node_modules/postcss-normalize
9271 silly ADD node_modules/postcss-loader
9272 silly ADD node_modules/postcss-flexbugs-fixes
9273 silly ADD node_modules/postcss
9274 silly ADD node_modules/mini-css-extract-plugin
9275 silly ADD node_modules/jest-watch-typeahead
9276 silly ADD node_modules/jest-watch-typeahead/node_modules/react-is
9277 silly ADD node_modules/jest-watch-typeahead/node_modules/ansi-styles
9278 silly ADD node_modules/jest-watch-typeahead/node_modules/pretty-format
9279 silly ADD node_modules/jest-watch-typeahead/node_modules/@types/yargs
9280 silly ADD node_modules/jest-watch-typeahead/node_modules/jest-message-util
9281 silly ADD node_modules/jest-watch-typeahead/node_modules/jest-message-util/node_modules/slash
9282 silly ADD node_modules/jest-watch-typeahead/node_modules/@jest/console
9283 silly ADD node_modules/jest-watch-typeahead/node_modules/@jest/console/node_modules/slash
9284 silly ADD node_modules/jest-watch-typeahead/node_modules/jest-util
9285 silly ADD node_modules/jest-watch-typeahead/node_modules/emittery
9286 silly ADD node_modules/jest-watch-typeahead/node_modules/@jest/types
9287 silly ADD node_modules/jest-watch-typeahead/node_modules/@jest/test-result
9288 silly ADD node_modules/jest-watch-typeahead/node_modules/strip-ansi
9289 silly ADD node_modules/jest-watch-typeahead/node_modules/strip-ansi/node_modules/ansi-regex
9290 silly ADD node_modules/jest-watch-typeahead/node_modules/string-length
9291 silly ADD node_modules/jest-watch-typeahead/node_modules/string-length/node_modules/char-regex
9292 silly ADD node_modules/jest-watch-typeahead/node_modules/slash
9293 silly ADD node_modules/jest-watch-typeahead/node_modules/jest-watcher
9294 silly ADD node_modules/jest-watch-typeahead/node_modules/jest-watcher/node_modules/strip-ansi
9295 silly ADD node_modules/jest-watch-typeahead/node_modules/jest-watcher/node_modules/string-length
9296 silly ADD node_modules/jest-watch-typeahead/node_modules/jest-regex-util
9297 silly ADD node_modules/jest-resolve
9298 silly ADD node_modules/jest
9299 silly ADD node_modules/identity-obj-proxy
9300 silly ADD node_modules/html-webpack-plugin
9301 silly ADD node_modules/fs-extra
9302 silly ADD node_modules/file-loader
9303 silly ADD node_modules/file-loader/node_modules/schema-utils
9304 silly ADD node_modules/eslint-webpack-plugin
9305 silly ADD node_modules/eslint-webpack-plugin/node_modules/supports-color
9306 silly ADD node_modules/eslint-webpack-plugin/node_modules/jest-worker
9307 silly ADD node_modules/eslint-config-react-app
9308 silly ADD node_modules/eslint-config-react-app/node_modules/semver
9309 silly ADD node_modules/eslint-config-react-app/node_modules/resolve
9310 silly ADD node_modules/eslint-config-react-app/node_modules/doctrine
9311 silly ADD node_modules/eslint-config-react-app/node_modules/eslint-plugin-react
9312 silly ADD node_modules/eslint
9313 silly ADD node_modules/eslint/node_modules/p-limit
9314 silly ADD node_modules/eslint/node_modules/p-locate
9315 silly ADD node_modules/eslint/node_modules/argparse
9316 silly ADD node_modules/eslint/node_modules/locate-path
9317 silly ADD node_modules/eslint/node_modules/js-yaml
9318 silly ADD node_modules/eslint/node_modules/find-up
9319 silly ADD node_modules/dotenv-expand
9320 silly ADD node_modules/dotenv
9321 silly ADD node_modules/css-minimizer-webpack-plugin
9322 silly ADD node_modules/css-minimizer-webpack-plugin/node_modules/source-map
9323 silly ADD node_modules/css-loader
9324 silly ADD node_modules/case-sensitive-paths-webpack-plugin
9325 silly ADD node_modules/camelcase
9326 silly ADD node_modules/browserslist
9327 silly ADD node_modules/bfj
9328 silly ADD node_modules/babel-preset-react-app
9329 silly ADD node_modules/babel-preset-react-app/node_modules/@babel/plugin-proposal-private-property-in-object
9330 silly ADD node_modules/babel-plugin-named-asset-import
9331 silly ADD node_modules/babel-loader
9332 silly ADD node_modules/babel-loader/node_modules/schema-utils
9333 silly ADD node_modules/babel-jest
9334 silly ADD node_modules/@svgr/webpack
9335 silly ADD node_modules/react-refresh
9336 silly ADD node_modules/webpack
9337 silly ADD node_modules/webpack/node_modules/estraverse
9338 silly ADD node_modules/webpack/node_modules/eslint-scope
9339 silly ADD node_modules/@pmmmwh/react-refresh-webpack-plugin
9340 silly ADD node_modules/@babel/core
9341 silly ADD node_modules/@babel/core/node_modules/semver
9342 silly ADD node_modules/scheduler
9343 silly ADD node_modules/js-tokens
9344 silly ADD node_modules/loose-envify
9345 silly ADD node_modules/react-scripts
9346 silly ADD node_modules/react-dom
9347 silly ADD node_modules/react
9348 silly REMOVE node_modules/eslint-plugin-react
9349 silly REMOVE node_modules/eslint-import-resolver-node
9350 verbose cwd C:\Facility_Service_Management\frontend_react
9351 verbose os Windows_NT 10.0.26200
9352 verbose node v25.8.0
9353 verbose npm  v11.11.0
9354 verbose exit 0
9355 info ok
